Dates,NKE ,C ,SPX ,USDGBP,CBK ,VOW ,DAX,GBPEUR,,,,,,,,,,,,,,,,,,,,
04/01/2010,16.3375,34,1132.98,0.6217,36.094,73.124,6048.3,1.1159,,,,,,,,,,,,,,,,,,,,
05/01/2010,16.4025,35.3,1136.52,0.6253,37.5205,74.267,6031.86,1.1132,,,,,,,,,,,,,,,,,,,,
06/01/2010,16.3025,36.4,1137.14,0.6243,38.7732,74.367,6034.33,1.1118,,,,,,,,,,,,,,,,,,,,
07/01/2010,16.4625,36.5,1141.7,0.6276,40.9429,74.953,6019.36,1.1135,,,,,,,,,,,,,,,,,,,,
08/01/2010,16.43,35.9,1144.98,0.6241,40.9669,76.087,6037.61,1.1119,,,,,,,,,,,,,,,,,,,,
11/01/2010,16.2275,36.3,1146.98,0.6206,41.4164,75.321,6040.5,1.1103,,,,,,,,,,,,,,,,,,,,
12/01/2010,16.205,35.2,1136.22,0.6186,39.2587,73.482,5943,1.1158,,,,,,,,,,,,,,,,,,,,
13/01/2010,16.35,35,1145.68,0.6142,39.7921,74.019,5963.14,1.1221,,,,,,,,,,,,,,,,,,,,
14/01/2010,16.2475,35.1,1148.46,0.6122,40.4035,73.104,5988.88,1.1266,,,,,,,,,,,,,,,,,,,,
15/01/2010,16.0975,34.2,1136.03,0.6148,39.6782,72.468,5875.97,1.1305,,,,,,,,,,,,,,,,,,,,
18/01/2010,16.0975,34.2,1136.03,0.6119,39.2587,72.269,5918.55,1.1362,,,,,,,,,,,,,,,,,,,,
19/01/2010,16.1775,35.4,1150.23,0.6112,39.5644,72.11,5976.48,1.1452,,,,,,,,,,,,,,,,,,,,
20/01/2010,16.045,34.6,1138.04,0.6138,38.5215,71.295,5851.53,1.155,,,,,,,,,,,,,,,,,,,,
21/01/2010,15.91,32.7,1116.48,0.6175,36.8552,70.897,5746.97,1.1499,,,,,,,,,,,,,,,,,,,,
22/01/2010,15.745,32.5,1091.76,0.6206,36.7353,69.416,5695.32,1.1396,,,,,,,,,,,,,,,,,,,,
25/01/2010,15.9175,32.3,1096.79,0.6156,36.2319,68.014,5631.37,1.1479,,,,,,,,,,,,,,,,,,,,
26/01/2010,15.935,31.5,1092.17,0.6194,36.2139,67.596,5668.93,1.1472,,,,,,,,,,,,,,,,,,,,
27/01/2010,16,32,1097.5,0.6185,35.0691,65.817,5643.2,1.1529,,,,,,,,,,,,,,,,,,,,
28/01/2010,15.88,32.4,1084.53,0.6197,34.6975,64.067,5540.33,1.1551,,,,,,,,,,,,,,,,,,,,
29/01/2010,15.9375,33.2,1073.87,0.6256,33.8584,63.262,5608.79,1.1532,,,,,,,,,,,,,,,,,,,,
01/02/2010,16.025,33.4,1089.19,0.6267,35.5546,65.926,5654.48,1.1454,,,,,,,,,,,,,,,,,,,,
02/02/2010,15.9825,34.1,1103.32,0.6261,35.8782,66.433,5709.66,1.1438,,,,,,,,,,,,,,,,,,,,
03/02/2010,16,33.7,1097.28,0.6292,35.129,67.984,5672.09,1.1438,,,,,,,,,,,,,,,,,,,,
04/02/2010,15.5225,31.8,1063.11,0.6347,33.4028,65.797,5533.24,1.1481,,,,,,,,,,,,,,,,,,,,
05/02/2010,15.425,32.2,1066.19,0.6394,32.5457,62.735,5434.34,1.1435,,,,,,,,,,,,,,,,,,,,
08/02/2010,15.325,31.5,1056.74,0.6416,33.0133,62.605,5484.85,1.1417,,,,,,,,,,,,,,,,,,,,
09/02/2010,15.6275,31.8,1070.52,0.6362,33.9902,63.699,5498.26,1.1393,,,,,,,,,,,,,,,,,,,,
10/02/2010,15.66,32,1068.14,0.6412,34.0622,64.345,5536.37,1.1353,,,,,,,,,,,,,,,,,,,,
11/02/2010,15.7375,32.1,1078.47,0.6368,34.1161,62.536,5503.93,1.1469,,,,,,,,,,,,,,,,,,,,
12/02/2010,15.6225,31.8,1075.51,0.6369,33.6546,61.929,5500.39,1.1519,,,,,,,,,,,,,,,,,,,,
15/02/2010,15.6225,31.8,1075.51,0.6386,33.5047,62.168,5511.1,1.1516,,,,,,,,,,,,,,,,,,,,
16/02/2010,15.9125,33.1,1094.87,0.6333,33.7924,63.023,5592.12,1.1469,,,,,,,,,,,,,,,,,,,,
17/02/2010,16.12,34.1,1099.51,0.6381,34.4457,64.465,5648.34,1.1518,,,,,,,,,,,,,,,,,,,,
18/02/2010,16.11,34.3,1106.75,0.644,34.4937,63.957,5680.41,1.1478,,,,,,,,,,,,,,,,,,,,
19/02/2010,16.0875,34.2,1109.17,0.6463,34.9133,62.904,5722.05,1.137,,,,,,,,,,,,,,,,,,,,
22/02/2010,16.0775,34.6,1108.02,0.6459,35.5426,64.544,5688.44,1.1388,,,,,,,,,,,,,,,,,,,,
23/02/2010,16.0325,33.5,1094.6,0.6483,33.8704,64.206,5604.07,1.1419,,,,,,,,,,,,,,,,,,,,
24/02/2010,16.2325,34.5,1105.24,0.649,33.2051,65.031,5615.51,1.1381,,,,,,,,,,,,,,,,,,,,
25/02/2010,16.54,33.9,1102.94,0.6551,32.6656,63.987,5532.33,1.1265,,,,,,,,,,,,,,,,,,,,
26/02/2010,16.9,34,1104.49,0.6562,32.7855,63.371,5598.46,1.1175,,,,,,,,,,,,,,,,,,,,
01/03/2010,17.06,33.9,1115.71,0.6671,32.8454,63.977,5713.51,1.1055,,,,,,,,,,,,,,,,,,,,
02/03/2010,17.0075,34,1118.31,0.668,33.4028,65.101,5776.56,1.0997,,,,,,,,,,,,,,,,,,,,
03/03/2010,16.91,34,1118.79,0.6623,33.3729,66.433,5817.88,1.1024,,,,,,,,,,,,,,,,,,,,
04/03/2010,16.9075,34.3,1122.97,0.6652,33.9243,66.284,5795.32,1.107,,,,,,,,,,,,,,,,,,,,
05/03/2010,17.08,35,1138.7,0.6606,35.0631,71.295,5877.36,1.1111,,,,,,,,,,,,,,,,,,,,
08/03/2010,17.205,35.6,1138.51,0.6637,35.0211,71.076,5875.91,1.1052,,,,,,,,,,,,,,,,,,,,
09/03/2010,17.2325,38.2,1140.45,0.6668,35.117,69.813,5885.89,1.1026,,,,,,,,,,,,,,,,,,,,
10/03/2010,17.28,39.6,1145.61,0.6677,35.2669,70.151,5936.72,1.0967,,,,,,,,,,,,,,,,,,,,
11/03/2010,17.4375,41.8,1150.24,0.6639,35.3688,73.383,5928.63,1.1011,,,,,,,,,,,,,,,,,,,,
12/03/2010,17.475,39.7,1149.99,0.6577,36.4357,74.267,5945.11,1.1046,,,,,,,,,,,,,,,,,,,,
15/03/2010,17.5975,38.9,1150.51,0.6641,36.3817,73.82,5903.56,1.1009,,,,,,,,,,,,,,,,,,,,
16/03/2010,17.595,40.5,1159.46,0.656,37.2028,74.963,5970.99,1.1075,,,,,,,,,,,,,,,,,,,,
17/03/2010,17.72,40.5,1166.21,0.6525,38.2398,75.371,6024.28,1.1157,,,,,,,,,,,,,,,,,,,,
18/03/2010,18.665,40.2,1165.83,0.656,37.6404,74.516,6012.31,1.1201,,,,,,,,,,,,,,,,,,,,
19/03/2010,18.38,39,1159.9,0.6661,37.9341,74.715,5982.43,1.1096,,,,,,,,,,,,,,,,,,,,
22/03/2010,18.47,40.4,1165.81,0.6622,37.6404,75.54,5987.5,1.1138,,,,,,,,,,,,,,,,,,,,
23/03/2010,18.6225,41.3,1174.17,0.6645,38.6893,72.18,6017.27,1.1146,,,,,,,,,,,,,,,,,,,,
24/03/2010,18.345,41.5,1167.72,0.6726,39.5044,70.907,6039,1.1166,,,,,,,,,,,,,,,,,,,,
25/03/2010,18.3925,42.7,1165.73,0.6751,39.888,70.251,6132.95,1.1159,,,,,,,,,,,,,,,,,,,,
26/03/2010,18.4725,43.1,1166.59,0.6713,40.0978,72.289,6120.05,1.1109,,,,,,,,,,,,,,,,,,,,
29/03/2010,18.4925,41.8,1173.22,0.6672,39.3786,71.782,6156.85,1.1116,,,,,,,,,,,,,,,,,,,,
30/03/2010,18.4525,40.9,1173.27,0.6636,38.0599,70.191,6142.45,1.1235,,,,,,,,,,,,,,,,,,,,
31/03/2010,18.375,40.5,1169.43,0.6586,38.006,71.6,6153.55,1.1239,,,,,,,,,,,,,,,,,,,,
01/04/2010,18.5025,41.8,1178.1,0.6539,38.0599,71.61,6235.56,1.1254,,,,,,,,,,,,,,,,,,,,
02/04/2010,18.5025,41.8,1178.1,0.6575,38.0599,71.61,6235.56,1.1265,,,,,,,,,,,,,,,,,,,,
05/04/2010,18.5275,42.6,1187.44,0.6538,38.0599,71.61,6235.56,1.1342,,,,,,,,,,,,,,,,,,,,
06/04/2010,18.4775,42.9,1189.44,0.655,38.6653,72.45,6252.21,1.1393,,,,,,,,,,,,,,,,,,,,
07/04/2010,18.3975,43.6,1182.45,0.6561,38.4256,72.89,6222.41,1.1422,,,,,,,,,,,,,,,,,,,,
08/04/2010,18.4975,44.7,1186.44,0.6545,37.8562,71.18,6171.83,1.1437,,,,,,,,,,,,,,,,,,,,
09/04/2010,18.795,45.5,1194.37,0.6506,38,70.87,6249.7,1.1388,,,,,,,,,,,,,,,,,,,,
12/04/2010,18.8825,46.4,1196.48,0.6507,38.3057,70.92,6250.69,1.1308,,,,,,,,,,,,,,,,,,,,
13/04/2010,18.8775,46.2,1197.3,0.6502,38.0659,71.92,6230.83,1.1298,,,,,,,,,,,,,,,,,,,,
14/04/2010,18.95,49.3,1210.65,0.6466,39.0849,72.65,6278.4,1.1328,,,,,,,,,,,,,,,,,,,,
15/04/2010,18.91,48.1,1211.67,0.6454,39.4685,72.78,6291.45,1.1417,,,,,,,,,,,,,,,,,,,,
16/04/2010,18.7925,45.6,1192.13,0.6509,38.1139,72.46,6180.9,1.1379,,,,,,,,,,,,,,,,,,,,
19/04/2010,18.895,48.8,1197.52,0.652,37.6344,71.42,6162.44,1.1371,,,,,,,,,,,,,,,,,,,,
20/04/2010,19.09,49.7,1207.18,0.6511,38.036,73.77,6264.23,1.1432,,,,,,,,,,,,,,,,,,,,
21/04/2010,19.18,49.3,1205.95,0.6489,37.7603,75.35,6230.38,1.1509,,,,,,,,,,,,,,,,,,,,
22/04/2010,19.5575,48.7,1208.67,0.6503,36.8133,75.2,6168.72,1.1568,,,,,,,,,,,,,,,,,,,,
23/04/2010,19.475,48.6,1217.28,0.6503,36.8552,74,6259.53,1.149,,,,,,,,,,,,,,,,,,,,
26/04/2010,19.505,46.1,1212.05,0.6469,37.4905,73.82,6332.1,1.1551,,,,,,,,,,,,,,,,,,,,
27/04/2010,19.185,43.4,1183.71,0.6551,36.4117,71.75,6159.51,1.1586,,,,,,,,,,,,,,,,,,,,
28/04/2010,19.11,44.5,1191.36,0.6575,35.3688,70.15,6084.34,1.1504,,,,,,,,,,,,,,,,,,,,
29/04/2010,19.3925,45.6,1206.78,0.6527,36.082,72.12,6144.91,1.1576,,,,,,,,,,,,,,,,,,,,
30/04/2010,18.9775,43.7,1186.69,0.6547,35.5606,70.93,6135.7,1.1487,,,,,,,,,,,,,,,,,,,,
03/05/2010,19.4425,44.1,1202.26,0.6559,36.3817,70.53,6166.92,1.1553,,,,,,,,,,,,,,,,,,,,
04/05/2010,19.3375,42.6,1173.6,0.6604,34.9972,69.43,6006.86,1.1661,,,,,,,,,,,,,,,,,,,,
05/05/2010,18.8025,41.8,1165.9,0.6622,34.218,67.7,5958.45,1.1785,,,,,,,,,,,,,,,,,,,,
06/05/2010,18.075,40.4,1128.15,0.6741,33.7445,66.9,5908.26,1.1749,,,,,,,,,,,,,,,,,,,,
07/05/2010,17.6525,40,1110.89,0.6755,34.4338,65.05,5715.09,1.1611,,,,,,,,,,,,,,,,,,,,
10/05/2010,19.1625,42.2,1159.73,0.6736,37.1729,67.9,6017.91,1.1613,,,,,,,,,,,,,,,,,,,,
11/05/2010,19.1075,41.7,1155.79,0.6687,36.5615,68.58,6037.71,1.1812,,,,,,,,,,,,,,,,,,,,
12/05/2010,19.4625,41.8,1171.67,0.6746,37.1369,70.1,6183.49,1.1749,,,,,,,,,,,,,,,,,,,,
13/05/2010,18.8875,40.9,1157.44,0.6843,38.2457,70.6,6251.97,1.1659,,,,,,,,,,,,,,,,,,,,
14/05/2010,18.435,39.8,1135.68,0.6879,36.7533,69.55,6056.71,1.1758,,,,,,,,,,,,,,,,,,,,
17/05/2010,18.4075,38.6,1136.94,0.6909,36.0281,68.98,6066.92,1.1678,,,,,,,,,,,,,,,,,,,,
18/05/2010,18.2325,37.3,1120.8,0.6976,36.2139,69.8,6155.93,1.1747,,,,,,,,,,,,,,,,,,,,
19/05/2010,18.0625,38.1,1115.05,0.6924,35.9562,68.4,5988.67,1.1634,,,,,,,,,,,,,,,,,,,,
20/05/2010,17.5775,36.3,1071.59,0.6961,35.6445,66.46,5867.88,1.1498,,,,,,,,,,,,,,,,,,,,
21/05/2010,17.8475,37.5,1087.69,0.6916,36.2019,67.35,5829.25,1.1503,,,,,,,,,,,,,,,,,,,,
24/05/2010,17.835,37.8,1073.65,0.6933,35.177,68.2,5805.68,1.1661,,,,,,,,,,,,,,,,,,,,
25/05/2010,18.2275,37.8,1074.03,0.694,33.8044,66.2,5670.04,1.1671,,,,,,,,,,,,,,,,,,,,
26/05/2010,18.13,38.6,1067.95,0.6951,34.5117,68.15,5758.02,1.1818,,,,,,,,,,,,,,,,,,,,
27/05/2010,18.475,40.2,1103.06,0.6858,35.117,69.02,5937.14,1.1796,,,,,,,,,,,,,,,,,,,,
28/05/2010,18.095,39.6,1089.41,0.6916,34.8114,69.05,5946.18,1.1775,,,,,,,,,,,,,,,,,,,,
31/05/2010,18.095,39.6,1089.41,0.6878,34.8234,70.16,5964.33,1.1814,,,,,,,,,,,,,,,,,,,,
01/06/2010,17.795,38.5,1070.71,0.6826,34.4937,69.31,5981.27,1.1979,,,,,,,,,,,,,,,,,,,,
02/06/2010,18.25,39.2,1098.38,0.6825,34.3079,68.66,5981.2,1.1962,,,,,,,,,,,,,,,,,,,,
03/06/2010,18.4075,39.6,1102.83,0.6843,34.194,69.25,6054.63,1.2013,,,,,,,,,,,,,,,,,,,,
04/06/2010,17.6925,37.9,1064.88,0.6919,33.3249,68.01,5938.88,1.2078,,,,,,,,,,,,,,,,,,,,
07/06/2010,17.3975,36.4,1050.47,0.6912,32.7855,67.93,5904.95,1.2133,,,,,,,,,,,,,,,,,,,,
08/06/2010,17.565,37.2,1062,0.6912,32.6357,67.37,5868.55,1.2086,,,,,,,,,,,,,,,,,,,,
09/06/2010,17.5025,38.7,1055.69,0.6883,32.8454,67.64,5984.75,1.2127,,,,,,,,,,,,,,,,,,,,
10/06/2010,17.9375,39,1086.84,0.6796,33.6606,69.7,6056.59,1.2137,,,,,,,,,,,,,,,,,,,,
11/06/2010,18.0825,38.8,1091.6,0.6872,34.6435,69.64,6047.83,1.2015,,,,,,,,,,,,,,,,,,,,
14/06/2010,18.055,38.8,1089.63,0.6783,35.0571,69.78,6125,1.2063,,,,,,,,,,,,,,,,,,,,
15/06/2010,18.495,39.9,1115.23,0.6754,35.7284,70.08,6175.05,1.2005,,,,,,,,,,,,,,,,,,,,
16/06/2010,18.4575,39.9,1114.61,0.6789,35.9322,69.41,6190.91,1.1966,,,,,,,,,,,,,,,,,,,,
17/06/2010,18.6425,39.6,1116.04,0.6746,35.8962,72.25,6223.54,1.1968,,,,,,,,,,,,,,,,,,,,
18/06/2010,18.735,40.1,1117.51,0.6745,36.5495,72.52,6216.98,1.1964,,,,,,,,,,,,,,,,,,,,
21/06/2010,18.5875,40.2,1113.2,0.6776,36.9811,73.2,6292.97,1.1987,,,,,,,,,,,,,,,,,,,,
22/06/2010,18.115,39.4,1095.31,0.675,36.7713,72.38,6269.04,1.2072,,,,,,,,,,,,,,,,,,,,
23/06/2010,18.13,38.9,1092.04,0.6686,36.1719,72.83,6204.52,1.215,,,,,,,,,,,,,,,,,,,,
24/06/2010,17.4075,37.8,1073.69,0.6695,35.141,71.54,6115.48,1.211,,,,,,,,,,,,,,,,,,,,
25/06/2010,17.53,39.4,1076.77,0.6638,35.8063,70.92,6070.6,1.2174,,,,,,,,,,,,,,,,,,,,
28/06/2010,17.625,40,1074.57,0.662,35.8303,71.91,6157.22,1.2305,,,,,,,,,,,,,,,,,,,,
29/06/2010,17.0425,37.3,1041.24,0.6637,34.8713,70.25,5952.03,1.2358,,,,,,,,,,,,,,,,,,,,
30/06/2010,16.8875,37.6,1030.71,0.6691,34.7934,69.64,5965.52,1.2215,,,,,,,,,,,,,,,,,,,,
01/07/2010,17.0175,37.8,1027.37,0.6589,34.9312,68.92,5857.43,1.2115,,,,,,,,,,,,,,,,,,,,
02/07/2010,16.965,37.9,1022.58,0.6581,35.2849,68.26,5834.15,1.2102,,,,,,,,,,,,,,,,,,,,
05/07/2010,16.965,37.9,1022.58,0.6607,35.0631,68.41,5816.2,1.207,,,,,,,,,,,,,,,,,,,,
06/07/2010,16.8025,37.9,1028.06,0.6601,35.8543,69.22,5940.98,1.1999,,,,,,,,,,,,,,,,,,,,
07/07/2010,17.14,39,1060.27,0.6584,37.101,69.95,5992.86,1.2018,,,,,,,,,,,,,,,,,,,,
08/07/2010,17.57,39.7,1070.24,0.6593,37.6883,70.5,6035.66,1.1945,,,,,,,,,,,,,,,,,,,,
09/07/2010,17.5375,40.4,1077.96,0.6638,37.6943,70.63,6065.24,1.1921,,,,,,,,,,,,,,,,,,,,
12/07/2010,17.4525,41.1,1078.75,0.6652,37.8262,71.12,6077.19,1.1934,,,,,,,,,,,,,,,,,,,,
13/07/2010,17.6175,43,1095.34,0.6589,38.3357,73.17,6191.13,1.1928,,,,,,,,,,,,,,,,,,,,
14/07/2010,17.635,42.1,1095.17,0.655,38.8511,73.43,6209.76,1.198,,,,,,,,,,,,,,,,,,,,
15/07/2010,17.6625,41.6,1096.48,0.6467,38.3656,71.7,6149.36,1.1942,,,,,,,,,,,,,,,,,,,,
16/07/2010,17.24,39,1064.88,0.6535,37.4006,71.7,6040.27,1.1833,,,,,,,,,,,,,,,,,,,,
19/07/2010,17.1525,39.8,1071.25,0.6566,37.3227,71.24,6009.11,1.1767,,,,,,,,,,,,,,,,,,,,
20/07/2010,17.46,39.9,1083.48,0.6551,37.1309,71.07,5967.49,1.1849,,,,,,,,,,,,,,,,,,,,
21/07/2010,17.4125,39.4,1069.59,0.6595,36.9931,71.82,5990.38,1.1889,,,,,,,,,,,,,,,,,,,,
22/07/2010,17.89,40.9,1093.67,0.6554,37.6524,73.61,6142.15,1.1838,,,,,,,,,,,,,,,,,,,,
23/07/2010,18.185,40.2,1102.66,0.6483,38.9051,74.14,6166.34,1.1948,,,,,,,,,,,,,,,,,,,,
26/07/2010,18.305,41.5,1115.01,0.6456,39.5704,73.72,6194.21,1.1918,,,,,,,,,,,,,,,,,,,,
27/07/2010,18.42,41.6,1113.84,0.6413,41.5363,72.85,6207.31,1.1999,,,,,,,,,,,,,,,,,,,,
28/07/2010,18.2775,40.9,1106.13,0.6411,41.3025,72.91,6178.94,1.2004,,,,,,,,,,,,,,,,,,,,
29/07/2010,18.3825,41.2,1101.53,0.6405,41.4164,72.44,6134.7,1.1938,,,,,,,,,,,,,,,,,,,,
30/07/2010,18.41,41,1101.6,0.6373,41.5962,72.83,6147.97,1.2028,,,,,,,,,,,,,,,,,,,,
02/08/2010,18.58,41.9,1125.86,0.6295,43.0647,73.2,6292.13,1.2054,,,,,,,,,,,,,,,,,,,,
03/08/2010,18.275,41.3,1120.46,0.6268,44.1076,72.85,6307.91,1.2057,,,,,,,,,,,,,,,,,,,,
04/08/2010,18.5,41.4,1127.24,0.6296,43.3284,73.18,6331.33,1.207,,,,,,,,,,,,,,,,,,,,
05/08/2010,18.515,41,1125.82,0.6291,42.3754,73.1,6333.58,1.205,,,,,,,,,,,,,,,,,,,,
06/08/2010,18.49,40.6,1121.64,0.6272,42.6211,72.53,6259.63,1.2005,,,,,,,,,,,,,,,,,,,,
09/08/2010,18.53,40.8,1127.79,0.6293,42.795,73.52,6351.6,1.2022,,,,,,,,,,,,,,,,,,,,
10/08/2010,18.4775,40,1121.06,0.6308,41.6562,72.47,6286.25,1.2031,,,,,,,,,,,,,,,,,,,,
11/08/2010,18.02,38.5,1089.47,0.6387,40.883,71.79,6154.07,1.2173,,,,,,,,,,,,,,,,,,,,
12/08/2010,17.88,38.7,1083.61,0.6419,40.4095,72.15,6135.17,1.2144,,,,,,,,,,,,,,,,,,,,
13/08/2010,17.645,38.8,1079.25,0.6414,41.0568,71.78,6110.41,1.2225,,,,,,,,,,,,,,,,,,,,
16/08/2010,17.765,38.7,1079.38,0.6384,40.6073,71.51,6110.57,1.2213,,,,,,,,,,,,,,,,,,,,
17/08/2010,17.9275,38.5,1092.54,0.6416,41.9259,72.39,6206.4,1.2096,,,,,,,,,,,,,,,,,,,,
18/08/2010,18.06,38.6,1094.16,0.6413,41.4164,72.74,6186.31,1.2134,,,,,,,,,,,,,,,,,,,,
19/08/2010,17.835,37.9,1075.63,0.6411,40.8051,73.3,6075.13,1.2163,,,,,,,,,,,,,,,,,,,,
20/08/2010,17.815,37.5,1071.69,0.6437,40.5413,71.99,6005.16,1.2221,,,,,,,,,,,,,,,,,,,,
23/08/2010,17.7375,37.5,1067.36,0.6447,40.3316,72.32,6010.91,1.2256,,,,,,,,,,,,,,,,,,,,
24/08/2010,17.5125,37.1,1051.87,0.6496,39.1388,71.17,5935.44,1.2195,,,,,,,,,,,,,,,,,,,,
25/08/2010,17.5325,36.8,1055.33,0.6469,38.5095,69.86,5899.5,1.2211,,,,,,,,,,,,,,,,,,,,
26/08/2010,17.5975,36.6,1047.22,0.644,38.4256,70.64,5912.58,1.2212,,,,,,,,,,,,,,,,,,,,
27/08/2010,17.735,37.6,1064.59,0.644,37.6104,71.73,5951.17,1.2171,,,,,,,,,,,,,,,,,,,,
30/08/2010,17.59,36.7,1048.92,0.6468,37.3707,71.3,5912.41,1.221,,,,,,,,,,,,,,,,,,,,
31/08/2010,17.5,37.09,1049.33,0.6515,37.5385,71.58,5925.22,1.2105,,,,,,,,,,,,,,,,,,,,
01/09/2010,18.0325,38.475,1080.29,0.6471,38.0899,73.31,6083.9,1.2066,,,,,,,,,,,,,,,,,,,,
02/09/2010,18.24,38.8,1090.1,0.6493,38.3057,73.8,6083.85,1.2008,,,,,,,,,,,,,,,,,,,,
03/09/2010,18.5625,39.1,1104.51,0.6472,38.3656,73.6,6134.62,1.1983,,,,,,,,,,,,,,,,,,,,
06/09/2010,18.5625,39.1,1104.51,0.6496,38.8631,74.2,6155.04,1.1955,,,,,,,,,,,,,,,,,,,,
07/09/2010,18.505,38.3,1091.84,0.6511,38.1199,73.23,6117.89,1.2111,,,,,,,,,,,,,,,,,,,,
08/09/2010,18.535,38.4,1098.87,0.6464,37.6104,73.65,6164.44,1.2162,,,,,,,,,,,,,,,,,,,,
09/09/2010,18.48,39.1,1104.18,0.6481,38.2398,74.8,6221.52,1.2154,,,,,,,,,,,,,,,,,,,,
10/09/2010,18.4375,39.1,1109.55,0.6511,37.6883,77.88,6214.77,1.2109,,,,,,,,,,,,,,,,,,,,
13/09/2010,18.67,39.9,1121.9,0.6481,38.5574,79.08,6261.68,1.1977,,,,,,,,,,,,,,,,,,,,
14/09/2010,18.8175,39.4,1121.1,0.6436,38.8391,79.15,6275.41,1.196,,,,,,,,,,,,,,,,,,,,
15/09/2010,19.14,39.2,1125.07,0.6401,38.8931,78.97,6261.87,1.2009,,,,,,,,,,,,,,,,,,,,
16/09/2010,19.16,39.7,1124.66,0.64,38.5994,78.9,6249.65,1.1946,,,,,,,,,,,,,,,,,,,,
17/09/2010,19.315,39.5,1125.59,0.6397,38.0599,79.5,6209.76,1.1979,,,,,,,,,,,,,,,,,,,,
20/09/2010,19.5925,39.9,1142.71,0.6432,38.5394,80.26,6294.58,1.1902,,,,,,,,,,,,,,,,,,,,
21/09/2010,19.4225,39.4,1139.78,0.6401,38.2398,81.4,6275.98,1.1779,,,,,,,,,,,,,,,,,,,,
22/09/2010,19.3275,38.8,1134.28,0.6384,37.6943,80.82,6208.33,1.1683,,,,,,,,,,,,,,,,,,,,
23/09/2010,19.4175,38,1124.83,0.6376,37.041,78.86,6184.71,1.1777,,,,,,,,,,,,,,,,,,,,
24/09/2010,19.8925,39.04,1148.67,0.6319,37.2268,81.1,6298.3,1.173,,,,,,,,,,,,,,,,,,,,
27/09/2010,19.7775,38.7,1142.16,0.6318,37.2208,81.23,6278.89,1.1764,,,,,,,,,,,,,,,,,,,,
28/09/2010,20.16,38.825,1147.7,0.6328,36.5735,81.13,6276.09,1.1635,,,,,,,,,,,,,,,,,,,,
29/09/2010,19.9825,39.2,1144.73,0.6335,36.0161,81.36,6246.92,1.1584,,,,,,,,,,,,,,,,,,,,
30/09/2010,20.035,39.1,1141.2,0.6363,36.7353,80.84,6229.02,1.1524,,,,,,,,,,,,,,,,,,,,
01/10/2010,20.0625,40.9,1146.24,0.6321,36.2618,78.57,6211.34,1.1471,,,,,,,,,,,,,,,,,,,,
04/10/2010,19.97,40.3,1137.03,0.6317,35.9921,76.13,6134.21,1.1568,,,,,,,,,,,,,,,,,,,,
05/10/2010,20.325,41.3,1160.75,0.6293,36.5675,76.54,6215.83,1.1483,,,,,,,,,,,,,,,,,,,,
06/10/2010,20.3275,41,1159.97,0.6293,36.3757,76.73,6270.73,1.1408,,,,,,,,,,,,,,,,,,,,
07/10/2010,20.2475,41.8,1158.06,0.6298,36.7533,78.8,6276.25,1.14,,,,,,,,,,,,,,,,,,,,
08/10/2010,20.51,41.9,1165.15,0.6265,38.1079,80.36,6291.67,1.1455,,,,,,,,,,,,,,,,,,,,
11/10/2010,20.495,41.8,1165.32,0.6296,38.3476,80.18,6309.51,1.1444,,,,,,,,,,,,,,,,,,,,
12/10/2010,20.4725,42.4,1169.77,0.6326,38.1439,81.58,6304.57,1.1354,,,,,,,,,,,,,,,,,,,,
13/10/2010,20.505,42.5,1178.1,0.629,39.4145,82.3,6434.52,1.1385,,,,,,,,,,,,,,,,,,,,
14/10/2010,20.4425,40.6,1173.81,0.6246,38.7193,82.74,6455.27,1.1369,,,,,,,,,,,,,,,,,,,,
15/10/2010,20.5,39.5,1176.19,0.6253,38.4136,82.11,6492.3,1.1438,,,,,,,,,,,,,,,,,,,,
18/10/2010,20.415,41.7,1184.71,0.6299,38.8871,82.01,6516.63,1.1394,,,,,,,,,,,,,,,,,,,,
19/10/2010,20.1825,40.6,1165.9,0.6366,39.1028,79.81,6490.69,1.1441,,,,,,,,,,,,,,,,,,,,
20/10/2010,20.31,41.1,1178.17,0.631,38.7612,80.5,6524.55,1.135,,,,,,,,,,,,,,,,,,,,
21/10/2010,20.5275,40.7,1180.27,0.6368,38.7852,81.95,6611.01,1.1282,,,,,,,,,,,,,,,,,,,,
22/10/2010,20.48,41.1,1183.08,0.6377,38.7133,85.13,6605.84,1.1241,,,,,,,,,,,,,,,,,,,,
25/10/2010,20.5125,42.1,1185.62,0.636,38.4136,89.43,6639.21,1.1262,,,,,,,,,,,,,,,,,,,,
26/10/2010,20.455,41.8,1185.64,0.6311,38.4375,90.68,6613.8,1.1433,,,,,,,,,,,,,,,,,,,,
27/10/2010,20.2575,41.7,1182.45,0.6342,38.7252,91.33,6568,1.1453,,,,,,,,,,,,,,,,,,,,
28/10/2010,20.2775,41.7,1183.78,0.6271,38.7792,94.31,6595.28,1.1446,,,,,,,,,,,,,,,,,,,,
29/10/2010,20.36,41.7,1183.26,0.6235,38.8391,94.75,6601.37,1.1503,,,,,,,,,,,,,,,,,,,,
01/11/2010,20.275,41.5,1184.39,0.6236,38.5035,93.85,6604.86,1.1542,,,,,,,,,,,,,,,,,,,,
02/11/2010,20.4375,41.7,1193.57,0.6234,38.6593,94.38,6654.31,1.1431,,,,,,,,,,,,,,,,,,,,
03/11/2010,20.4575,41.9,1197.96,0.6218,38.3596,95.02,6617.8,1.1375,,,,,,,,,,,,,,,,,,,,
04/11/2010,20.8525,43.3,1221.06,0.6147,38.7552,96.78,6734.69,1.1452,,,,,,,,,,,,,,,,,,,,
05/11/2010,21.0275,44.9,1225.85,0.618,39.7622,97.7,6754.2,1.1534,,,,,,,,,,,,,,,,,,,,
08/11/2010,20.9025,44.38,1223.25,0.6196,37.9281,98.09,6750.5,1.1594,,,,,,,,,,,,,,,,,,,,
09/11/2010,20.8,43,1213.4,0.6256,37.6464,99.99,6787.81,1.1606,,,,,,,,,,,,,,,,,,,,
10/11/2010,20.97,44.2,1218.71,0.6203,36.9811,98.65,6719.84,1.1696,,,,,,,,,,,,,,,,,,,,
11/11/2010,20.9175,43.6,1213.54,0.6202,36.5555,99.38,6723.41,1.1797,,,,,,,,,,,,,,,,,,,,
12/11/2010,20.655,42.9,1199.21,0.6206,37.2268,100.33,6734.61,1.1769,,,,,,,,,,,,,,,,,,,,
15/11/2010,20.45,43.2,1197.75,0.6229,37.5505,102.86,6790.17,1.1818,,,,,,,,,,,,,,,,,,,,
16/11/2010,20.1275,42.2,1178.34,0.6296,36.4416,102.48,6663.24,1.1777,,,,,,,,,,,,,,,,,,,,
17/11/2010,20.3475,41.9,1178.59,0.6286,36.8612,103.36,6700.07,1.1758,,,,,,,,,,,,,,,,,,,,
18/11/2010,20.6175,43,1196.69,0.6234,36.8852,107.58,6832.11,1.1758,,,,,,,,,,,,,,,,,,,,
19/11/2010,21.4525,42.68,1199.73,0.6258,36.5555,108.28,6843.55,1.1686,,,,,,,,,,,,,,,,,,,,
22/11/2010,21.48,41.8,1197.84,0.6267,35.8543,108.24,6822.05,1.1711,,,,,,,,,,,,,,,,,,,,
23/11/2010,21.315,41,1180.73,0.6339,35.2849,104.58,6705,1.1803,,,,,,,,,,,,,,,,,,,,
24/11/2010,21.6325,41.68,1198.35,0.634,35.5186,106.68,6823.8,1.1827,,,,,,,,,,,,,,,,,,,,
25/11/2010,21.6325,41.68,1198.35,0.6345,35.5426,107.71,6879.66,1.1798,,,,,,,,,,,,,,,,,,,,
26/11/2010,21.49,41.1,1189.4,0.6414,34.8293,106.85,6848.98,1.1777,,,,,,,,,,,,,,,,,,,,
29/11/2010,21.29,41.5,1187.76,0.6421,34.3319,104.81,6697.97,1.1864,,,,,,,,,,,,,,,,,,,,
30/11/2010,21.5325,42,1180.55,0.6426,33.7924,104.1,6688.49,1.1986,,,,,,,,,,,,,,,,,,,,
01/12/2010,21.91,43,1206.07,0.6401,34.6375,109.98,6866.63,1.1891,,,,,,,,,,,,,,,,,,,,
02/12/2010,21.9575,44.2,1221.53,0.641,34.6795,112.91,6957.61,1.181,,,,,,,,,,,,,,,,,,,,
03/12/2010,21.8825,44.5,1224.71,0.6338,34.8953,114.75,6947.72,1.1761,,,,,,,,,,,,,,,,,,,,
06/12/2010,21.9325,44.5,1223.12,0.6363,34.5656,118.4,6954.38,1.181,,,,,,,,,,,,,,,,,,,,
07/12/2010,21.7975,46.2,1223.75,0.6346,34.4637,118.55,7001.91,1.1883,,,,,,,,,,,,,,,,,,,,
08/12/2010,21.83,46.4,1228.28,0.6327,34.4038,115.58,6975.87,1.1916,,,,,,,,,,,,,,,,,,,,
09/12/2010,21.8675,46.875,1233,0.6341,35.4227,109.95,6964.16,1.1912,,,,,,,,,,,,,,,,,,,,
10/12/2010,21.95,47.7,1240.4,0.6328,35.4587,115.09,7006.17,1.195,,,,,,,,,,,,,,,,,,,,
13/12/2010,22.3075,48.1,1240.46,0.6304,35.5486,117.66,7029.39,1.1845,,,,,,,,,,,,,,,,,,,,
14/12/2010,22.32,46.9,1241.59,0.6339,35.3508,116.36,7027.4,1.1792,,,,,,,,,,,,,,,,,,,,
15/12/2010,22.145,45.9,1235.23,0.6433,35.0032,115.46,7016.37,1.1764,,,,,,,,,,,,,,,,,,,,
16/12/2010,22.3075,45.865,1242.87,0.6397,34.4457,114.26,7024.4,1.1804,,,,,,,,,,,,,,,,,,,,
17/12/2010,22.5125,47,1243.91,0.6437,34.4338,111.81,6982.45,1.1783,,,,,,,,,,,,,,,,,,,,
20/12/2010,22.5675,47.1,1247.08,0.6446,34.182,112.86,7018.6,1.1814,,,,,,,,,,,,,,,,,,,,
21/12/2010,23.075,47.4,1254.6,0.6464,34.2539,114.97,7077.99,1.1808,,,,,,,,,,,,,,,,,,,,
22/12/2010,21.7375,47.3,1258.84,0.65,34.206,113.66,7067.92,1.1745,,,,,,,,,,,,,,,,,,,,
23/12/2010,21.5125,46.8,1256.77,0.6482,34.164,111.96,7057.69,1.1764,,,,,,,,,,,,,,,,,,,,
24/12/2010,21.5125,46.8,1256.77,0.6475,34.164,111.96,7057.69,1.1769,,,,,,,,,,,,,,,,,,,,
27/12/2010,21.4575,47.7,1257.54,0.6485,33.7565,105.68,6970.73,1.1712,,,,,,,,,,,,,,,,,,,,
28/12/2010,21.5825,47.8,1258.51,0.6507,33.8404,106.34,6972.1,1.1718,,,,,,,,,,,,,,,,,,,,
29/12/2010,21.3175,47.7,1259.78,0.6452,33.6845,107.94,6995.47,1.1719,,,,,,,,,,,,,,,,,,,,
30/12/2010,21.44,47.6,1257.88,0.6483,33.289,105.9,6914.19,1.1608,,,,,,,,,,,,,,,,,,,,
31/12/2010,21.355,47.3,1257.64,0.6405,33.289,105.9,6914.19,1.1664,,,,,,,,,,,,,,,,,,,,
03/01/2011,21.5225,49,1271.87,0.6456,33.9363,112.2,6989.74,1.1593,,,,,,,,,,,,,,,,,,,,
04/01/2011,20.9925,49,1270.2,0.6416,34.6316,114,6975.35,1.1712,,,,,,,,,,,,,,,,,,,,
05/01/2011,21.13,49.7,1276.56,0.6446,34.4817,112.45,6939.82,1.1798,,,,,,,,,,,,,,,,,,,,
06/01/2011,20.94,49.5,1273.85,0.6463,33.7445,112.62,6981.39,1.1899,,,,,,,,,,,,,,,,,,,,
07/01/2011,20.8825,49.4,1271.5,0.6432,33.6486,115.32,6947.84,1.2045,,,,,,,,,,,,,,,,,,,,
10/01/2011,21.0425,49.1,1269.75,0.6421,32.6297,114.69,6857.06,1.2024,,,,,,,,,,,,,,,,,,,,
11/01/2011,21.005,49.4,1274.48,0.6411,32.1622,117.94,6941.57,1.2023,,,,,,,,,,,,,,,,,,,,
12/01/2011,20.9325,50.8,1285.96,0.6343,34.1161,118.17,7068.78,1.2005,,,,,,,,,,,,,,,,,,,,
13/01/2011,20.64,50.4,1283.76,0.6314,33.1751,116.51,7075.11,1.1851,,,,,,,,,,,,,,,,,,,,
14/01/2011,21.0175,51.3,1293.24,0.6301,33.3849,117.06,7075.7,1.1855,,,,,,,,,,,,,,,,,,,,
17/01/2011,21.0175,51.3,1293.24,0.6294,33.4328,116.48,7078.06,1.1951,,,,,,,,,,,,,,,,,,,,
18/01/2011,21.015,48,1295.02,0.6265,34.0442,118.65,7143.45,1.1923,,,,,,,,,,,,,,,,,,,,
19/01/2011,20.915,47.6,1281.92,0.6252,33.9722,116.34,7082.76,1.1873,,,,,,,,,,,,,,,,,,,,
20/01/2011,20.7675,48,1280.26,0.6291,35.0631,113.38,7024.27,1.1799,,,,,,,,,,,,,,,,,,,,
21/01/2011,20.575,48.9,1283.35,0.625,34.6555,111.87,7062.42,1.1747,,,,,,,,,,,,,,,,,,,,
24/01/2011,20.665,48.6,1290.84,0.6255,34.6615,110.23,7067.77,1.1723,,,,,,,,,,,,,,,,,,,,
25/01/2011,20.72,48.2,1291.18,0.6322,33.9603,109.73,7059.01,1.156,,,,,,,,,,,,,,,,,,,,
26/01/2011,21,48.1,1296.63,0.6276,33.6006,112.64,7127.35,1.162,,,,,,,,,,,,,,,,,,,,
27/01/2011,20.6925,48.3,1299.54,0.6278,33.6066,112.63,7155.58,1.1598,,,,,,,,,,,,,,,,,,,,
28/01/2011,20.365,47.2,1276.34,0.6305,33.3729,111.83,7102.8,1.1652,,,,,,,,,,,,,,,,,,,,
31/01/2011,20.62,48.2,1286.12,0.6245,33.5467,111.16,7077.48,1.1694,,,,,,,,,,,,,,,,,,,,
01/02/2011,20.8875,49,1307.59,0.6195,34.1521,111.5,7184.27,1.1673,,,,,,,,,,,,,,,,,,,,
02/02/2011,20.9775,48.5,1304.03,0.6176,34.2539,110.09,7183.67,1.1723,,,,,,,,,,,,,,,,,,,,
03/02/2011,20.95,48.1,1307.1,0.6197,34.3918,107.79,7193.68,1.1835,,,,,,,,,,,,,,,,,,,,
04/02/2011,21.435,48.2,1310.87,0.6207,34.5416,110.18,7216.21,1.186,,,,,,,,,,,,,,,,,,,,
07/02/2011,21.625,49,1319.05,0.6208,35.0211,111.5,7283.62,1.186,,,,,,,,,,,,,,,,,,,,
08/02/2011,21.6775,48.9,1324.57,0.6223,35.5066,114.39,7323.24,1.1793,,,,,,,,,,,,,,,,,,,,
09/02/2011,21.8125,48.4,1320.88,0.621,35.111,114.11,7320.9,1.1726,,,,,,,,,,,,,,,,,,,,
10/02/2011,21.6975,47.8,1321.87,0.6212,34.7934,114.55,7340.28,1.1835,,,,,,,,,,,,,,,,,,,,
11/02/2011,21.5525,48.8,1329.15,0.6248,34.5536,116.38,7371.2,1.1812,,,,,,,,,,,,,,,,,,,,
14/02/2011,21.4425,49.1,1332.32,0.6235,34.3498,117,7396.63,1.189,,,,,,,,,,,,,,,,,,,,
15/02/2011,21.3875,49.1,1328.01,0.6201,34.5357,114.81,7400.04,1.1957,,,,,,,,,,,,,,,,,,,,
16/02/2011,21.4375,49,1336.32,0.6213,34.8893,114.21,7414.3,1.1861,,,,,,,,,,,,,,,,,,,,
17/02/2011,21.51,49.4,1340.43,0.6183,35.6205,112.34,7405.51,1.1885,,,,,,,,,,,,,,,,,,,,
18/02/2011,22.205,49.1,1343.01,0.6153,36.6275,113.27,7426.81,1.1869,,,,,,,,,,,,,,,,,,,,
21/02/2011,22.205,49.1,1343.01,0.6163,36.4896,112.27,7321.81,1.1863,,,,,,,,,,,,,,,,,,,,
22/02/2011,21.8075,46.9,1315.45,0.6197,37.011,111.2,7318.35,1.1821,,,,,,,,,,,,,,,,,,,,
23/02/2011,21.5475,47,1307.4,0.6169,36.8252,108.79,7194.6,1.1792,,,,,,,,,,,,,,,,,,,,
24/02/2011,21.63,46.9,1306.1,0.6197,36.7054,103.5,7130.5,1.1694,,,,,,,,,,,,,,,,,,,,
25/02/2011,21.995,47,1319.88,0.6204,36.9751,109.59,7185.17,1.1718,,,,,,,,,,,,,,,,,,,,
28/02/2011,22.2575,46.8,1327.22,0.6151,37.4186,110.33,7272.32,1.1775,,,,,,,,,,,,,,,,,,,,
01/03/2011,21.925,45.7,1306.33,0.6148,37.6284,109.04,7223.3,1.1806,,,,,,,,,,,,,,,,,,,,
02/03/2011,22.0825,46,1308.44,0.6126,37.3527,107.8,7181.12,1.1773,,,,,,,,,,,,,,,,,,,,
03/03/2011,22.46,46.8,1330.97,0.6144,37.994,108.38,7225.96,1.1652,,,,,,,,,,,,,,,,,,,,
04/03/2011,22.47,45.4,1321.15,0.6147,37.6344,106.36,7178.9,1.1631,,,,,,,,,,,,,,,,,,,,
07/03/2011,22.23,45.2,1310.13,0.6172,36.8732,106.61,7161.93,1.1599,,,,,,,,,,,,,,,,,,,,
08/03/2011,22.2975,46.4,1321.82,0.6188,37.4186,109.64,7164.75,1.1622,,,,,,,,,,,,,,,,,,,,
09/03/2011,22.2375,46.5,1320.03,0.6172,36.9511,109.42,7131.8,1.165,,,,,,,,,,,,,,,,,,,,
10/03/2011,22.045,45.4,1295.11,0.6226,35.5426,105.11,7063.09,1.1641,,,,,,,,,,,,,,,,,,,,
11/03/2011,21.7925,45.7,1304.28,0.6218,34.9972,105.51,6981.49,1.1567,,,,,,,,,,,,,,,,,,,,
14/03/2011,21.5525,45.4,1296.39,0.6183,34.5057,104.82,6866.63,1.1558,,,,,,,,,,,,,,,,,,,,
15/03/2011,21.3325,44.4,1281.87,0.622,33.3909,104.66,6647.66,1.1486,,,,,,,,,,,,,,,,,,,,
16/03/2011,21.205,43.9,1256.88,0.624,33.3549,98.94,6513.84,1.1528,,,,,,,,,,,,,,,,,,,,
17/03/2011,21.3525,44.5,1273.71,0.6198,33.8044,102.16,6656.88,1.1508,,,,,,,,,,,,,,,,,,,,
18/03/2011,19.3975,45,1279.21,0.616,33.8644,101.77,6664.4,1.1447,,,,,,,,,,,,,,,,,,,,
21/03/2011,19.21,44.325,1298.38,0.6131,34.3019,105.85,6816.12,1.1466,,,,,,,,,,,,,,,,,,,,
22/03/2011,18.8625,44.2,1293.77,0.6111,34.4637,103.99,6780.97,1.1527,,,,,,,,,,,,,,,,,,,,
23/03/2011,19.305,44,1297.54,0.6159,34.224,102.92,6804.45,1.1525,,,,,,,,,,,,,,,,,,,,
24/03/2011,19.1825,44.3,1309.66,0.6203,34.4637,105.25,6933.58,1.1371,,,,,,,,,,,,,,,,,,,,
25/03/2011,19.165,44.6,1313.8,0.6234,34.5057,105,6946.36,1.1387,,,,,,,,,,,,,,,,,,,,
28/03/2011,18.9725,44.3,1310.19,0.6253,34.6675,105.51,6938.63,1.1353,,,,,,,,,,,,,,,,,,,,
29/03/2011,19.09,44.5,1319.44,0.6246,33.295,105.01,6934.44,1.1345,,,,,,,,,,,,,,,,,,,,
30/03/2011,19.1875,44.5,1328.26,0.6222,33.283,108.86,7057.15,1.1376,,,,,,,,,,,,,,,,,,,,
31/03/2011,18.925,44.2,1325.83,0.6239,33.0312,108.31,7041.31,1.1321,,,,,,,,,,,,,,,,,,,,
01/04/2011,19.1325,44.5,1332.41,0.6207,32.8275,108.26,7179.81,1.1317,,,,,,,,,,,,,,,,,,,,
04/04/2011,19.3525,44.3,1332.87,0.6199,32.4678,110.31,7175.33,1.1344,,,,,,,,,,,,,,,,,,,,
05/04/2011,19.4825,44.7,1332.63,0.6136,33.5707,110.93,7175.31,1.1458,,,,,,,,,,,,,,,,,,,,
06/04/2011,19.6675,45.9,1335.54,0.6123,34.9912,110.56,7215.11,1.1396,,,,,,,,,,,,,,,,,,,,
07/04/2011,19.5225,45.8,1333.51,0.6126,32.7196,106.31,7178.78,1.1408,,,,,,,,,,,,,,,,,,,,
08/04/2011,19.3475,45.6,1328.17,0.6104,31.7066,106.46,7217.02,1.1311,,,,,,,,,,,,,,,,,,,,
11/04/2011,19.5325,45.3,1324.46,0.6118,31.0413,104.01,7204.86,1.1323,,,,,,,,,,,,,,,,,,,,
12/04/2011,19.55,45.5,1314.16,0.6151,29.8126,102.16,7102.91,1.123,,,,,,,,,,,,,,,,,,,,
13/04/2011,19.8525,45,1314.41,0.6147,28.2603,103.51,7177.97,1.1264,,,,,,,,,,,,,,,,,,,,
14/04/2011,20.02,44.3,1314.52,0.6116,27.7328,104.73,7146.56,1.1286,,,,,,,,,,,,,,,,,,,,
15/04/2011,19.6825,44.2,1319.68,0.6125,26.5461,104.51,7178.29,1.1315,,,,,,,,,,,,,,,,,,,,
18/04/2011,19.645,44.2,1305.14,0.6148,25.1735,103.08,7026.85,1.1428,,,,,,,,,,,,,,,,,,,,
19/04/2011,19.6825,45.3,1312.62,0.6129,25.8448,104.66,7039.31,1.1381,,,,,,,,,,,,,,,,,,,,
20/04/2011,20.0175,45.7,1330.36,0.6094,26.3722,109.8,7249.19,1.1298,,,,,,,,,,,,,,,,,,,,
21/04/2011,20.0475,45.5,1337.39,0.6052,26.2284,110.75,7295.49,1.1354,,,,,,,,,,,,,,,,,,,,
22/04/2011,20.0475,45.5,1337.39,0.6057,26.2284,110.75,7295.49,1.1337,,,,,,,,,,,,,,,,,,,,
25/04/2011,20.0275,45.2,1335.25,0.6062,26.2284,110.75,7295.49,1.1314,,,,,,,,,,,,,,,,,,,,
26/04/2011,19.99,45.1,1347.24,0.6067,25.9287,110.9,7356.51,1.1254,,,,,,,,,,,,,,,,,,,,
27/04/2011,20.28,45.1,1355.66,0.6014,25.623,118.1,7404.95,1.1245,,,,,,,,,,,,,,,,,,,,
28/04/2011,20.6425,45.9,1360.48,0.6013,26.0066,118.86,7475.22,1.1221,,,,,,,,,,,,,,,,,,,,
29/04/2011,20.58,45.9,1363.61,0.5986,25.7849,120.25,7514.46,1.1284,,,,,,,,,,,,,,,,,,,,
02/05/2011,20.56,44.9,1361.22,0.6004,26.6899,121.15,7527.64,1.123,,,,,,,,,,,,,,,,,,,,
03/05/2011,20.415,45.2,1356.62,0.6065,26.4622,121.2,7500.7,1.1121,,,,,,,,,,,,,,,,,,,,
04/05/2011,20.6975,45.15,1347.32,0.6065,25.8748,116.61,7373.93,1.1121,,,,,,,,,,,,,,,,,,,,
05/05/2011,20.6525,44.8,1335.1,0.6101,25.3054,117.05,7376.96,1.1272,,,,,,,,,,,,,,,,,,,,
06/05/2011,20.505,45.2,1340.2,0.611,25.3653,118.65,7492.25,1.1433,,,,,,,,,,,,,,,,,,,,
09/05/2011,20.7275,44.16,1346.3,0.6096,24.8319,118.81,7410.52,1.1419,,,,,,,,,,,,,,,,,,,,
10/05/2011,20.875,44.2,1357.16,0.611,25.3114,118.86,7501.52,1.1358,,,,,,,,,,,,,,,,,,,,
11/05/2011,20.665,42.92,1342.08,0.6117,25.1375,118.4,7495.05,1.1517,,,,,,,,,,,,,,,,,,,,
12/05/2011,21.145,42.42,1348.65,0.6139,24.8379,118.2,7443.95,1.1435,,,,,,,,,,,,,,,,,,,,
13/05/2011,21.565,41.53,1337.77,0.6174,23.9448,117.58,7403.31,1.1472,,,,,,,,,,,,,,,,,,,,
16/05/2011,21.3175,41.19,1329.47,0.6176,23.2196,117.3,7387.54,1.1437,,,,,,,,,,,,,,,,,,,,
17/05/2011,21.2225,41.54,1328.98,0.6153,23.3454,115.55,7256.65,1.1415,,,,,,,,,,,,,,,,,,,,
18/05/2011,21.2075,41.24,1340.68,0.6185,22.8599,115.14,7303.53,1.1347,,,,,,,,,,,,,,,,,,,,
19/05/2011,21.5275,41.38,1343.6,0.6159,23.5732,115.26,7358.23,1.1346,,,,,,,,,,,,,,,,,,,,
20/05/2011,21.2625,41.02,1333.27,0.6161,23.5432,114.13,7266.82,1.1462,,,,,,,,,,,,,,,,,,,,
23/05/2011,20.905,40.16,1317.37,0.6203,22.7161,111.53,7121.52,1.1476,,,,,,,,,,,,,,,,,,,,
24/05/2011,21.0825,40.51,1316.28,0.618,22.8117,111,7150.66,1.1476,,,,,,,,,,,,,,,,,,,,
25/05/2011,20.7975,40.33,1320.47,0.6145,24.158,112.5,7170.94,1.1552,,,,,,,,,,,,,,,,,,,,
26/05/2011,21.0175,40.22,1325.69,0.6096,24.0383,112.75,7114.09,1.1598,,,,,,,,,,,,,,,,,,,,
27/05/2011,21.155,40.97,1331.1,0.6057,23.8289,114.8,7163.47,1.1532,,,,,,,,,,,,,,,,,,,,
30/05/2011,21.155,40.97,1331.1,0.607,23.1034,115.25,7160.3,1.1536,,,,,,,,,,,,,,,,,,,,
31/05/2011,21.1125,41.15,1345.2,0.608,23.6419,116.45,7293.69,1.1425,,,,,,,,,,,,,,,,,,,,
01/06/2011,20.5375,39.65,1314.55,0.6122,23.4774,117.75,7217.43,1.14,,,,,,,,,,,,,,,,,,,,
02/06/2011,20.2875,40.01,1312.94,0.6108,23.3278,116.6,7074.12,1.1297,,,,,,,,,,,,,,,,,,,,
03/06/2011,20.09,39.85,1300.16,0.6088,24.173,116.75,7109.03,1.1223,,,,,,,,,,,,,,,,,,,,
06/06/2011,19.9425,38.07,1286.17,0.6114,24.1804,115.65,7084.57,1.1222,,,,,,,,,,,,,,,,,,,,
07/06/2011,20.475,37.58,1284.94,0.608,24.2702,113.5,7103.25,1.1195,,,,,,,,,,,,,,,,,,,,
08/06/2011,20.025,36.81,1279.56,0.6096,23.6644,113.45,7060.23,1.1248,,,,,,,,,,,,,,,,,,,,
09/06/2011,20.1675,37.77,1289,0.611,23.3727,118.3,7159.66,1.128,,,,,,,,,,,,,,,,,,,,
10/06/2011,19.915,37.92,1270.98,0.6162,23.0286,117.95,7069.9,1.1311,,,,,,,,,,,,,,,,,,,,
13/06/2011,20.1275,39.17,1271.83,0.6106,22.8192,117.2,7085.14,1.1362,,,,,,,,,,,,,,,,,,,,
14/06/2011,20.56,38.78,1287.87,0.6109,23.2755,118.3,7204.79,1.1336,,,,,,,,,,,,,,,,,,,,
15/06/2011,20.0975,38,1265.42,0.6175,22.6921,117.4,7115.08,1.142,,,,,,,,,,,,,,,,,,,,
16/06/2011,20.0725,37.63,1267.64,0.6189,22.7145,117.25,7110.2,1.1374,,,,,,,,,,,,,,,,,,,,
17/06/2011,20.2775,38.3,1271.5,0.6175,22.9165,118.85,7164.05,1.132,,,,,,,,,,,,,,,,,,,,
20/06/2011,20.8075,38.16,1278.36,0.6172,22.707,120.73,7150.21,1.1327,,,,,,,,,,,,,,,,,,,,
21/06/2011,21.1275,39.31,1295.52,0.6156,23.8289,122.9,7285.51,1.1272,,,,,,,,,,,,,,,,,,,,
22/06/2011,20.4875,39.51,1287.14,0.6222,23.5447,121.55,7278.19,1.1194,,,,,,,,,,,,,,,,,,,,
23/06/2011,20.5475,39.41,1283.5,0.6248,22.7743,120.2,7149.44,1.1228,,,,,,,,,,,,,,,,,,,,
24/06/2011,20.295,39.59,1268.45,0.6266,21.9367,122.95,7121.38,1.1247,,,,,,,,,,,,,,,,,,,,
27/06/2011,20.405,39.99,1280.1,0.6254,20.7849,125.59,7107.9,1.1192,,,,,,,,,,,,,,,,,,,,
28/06/2011,22.475,40.15,1296.67,0.6249,21.4655,126.3,7170.43,1.1134,,,,,,,,,,,,,,,,,,,,
29/06/2011,22.445,41.5,1307.41,0.6226,21.989,126.71,7294.14,1.1128,,,,,,,,,,,,,,,,,,,,
30/06/2011,22.495,41.64,1320.64,0.623,22.3405,127.19,7376.24,1.107,,,,,,,,,,,,,,,,,,,,
01/07/2011,22.955,42.88,1339.67,0.6222,23.5522,126.79,7419.44,1.1066,,,,,,,,,,,,,,,,,,,,
04/07/2011,22.955,42.88,1339.67,0.6217,23.6419,127.85,7442.96,1.1062,,,,,,,,,,,,,,,,,,,,
05/07/2011,22.935,42.57,1337.88,0.6227,23.455,131,7439.44,1.1131,,,,,,,,,,,,,,,,,,,,
06/07/2011,23.0875,42.01,1339.23,0.6249,22.909,132.57,7431.19,1.1177,,,,,,,,,,,,,,,,,,,,
07/07/2011,23.415,42.63,1353.22,0.626,22.5799,133.06,7471.44,1.1122,,,,,,,,,,,,,,,,,,,,
08/07/2011,23.31,42.03,1343.8,0.6228,22.3256,133.37,7402.73,1.1257,,,,,,,,,,,,,,,,,,,,
11/07/2011,22.8575,39.79,1319.49,0.6287,20.7026,129.11,7230.25,1.1337,,,,,,,,,,,,,,,,,,,,
12/07/2011,22.8075,39.07,1313.64,0.6284,20.2688,129.46,7174.14,1.1386,,,,,,,,,,,,,,,,,,,,
13/07/2011,23.0125,39.47,1317.72,0.6209,20.194,133.57,7267.87,1.1371,,,,,,,,,,,,,,,,,,,,
14/07/2011,22.99,39.02,1308.87,0.6195,19.2591,133.33,7214.74,1.1413,,,,,,,,,,,,,,,,,,,,
15/07/2011,22.925,38.38,1316.14,0.6198,19.0721,136.45,7220.12,1.1398,,,,,,,,,,,,,,,,,,,,
18/07/2011,22.66,37.74,1305.44,0.6228,17.9502,137.05,7107.92,1.1378,,,,,,,,,,,,,,,,,,,,
19/07/2011,22.685,38.02,1326.73,0.6202,17.7109,136.5,7192.67,1.1391,,,,,,,,,,,,,,,,,,,,
20/07/2011,22.65,38.62,1325.84,0.6191,18.9973,137.88,7221.36,1.1363,,,,,,,,,,,,,,,,,,,,
21/07/2011,22.96,40.32,1343.8,0.6123,20.6502,134.7,7290.14,1.1322,,,,,,,,,,,,,,,,,,,,
22/07/2011,22.9275,40.26,1345.02,0.6135,21.0691,135.61,7326.39,1.1352,,,,,,,,,,,,,,,,,,,,
25/07/2011,22.7325,39.91,1337.43,0.6144,20.2688,136.61,7344.54,1.1321,,,,,,,,,,,,,,,,,,,,
26/07/2011,22.5825,39.715,1331.94,0.6096,19.9547,134.09,7349.45,1.1305,,,,,,,,,,,,,,,,,,,,
27/07/2011,22.18,38.27,1304.89,0.6123,19.1095,133.45,7252.68,1.1366,,,,,,,,,,,,,,,,,,,,
28/07/2011,22.62,38.18,1300.67,0.6107,19.4236,125.8,7190.06,1.1423,,,,,,,,,,,,,,,,,,,,
29/07/2011,22.5375,38.34,1292.28,0.6089,19.82,128.4,7158.77,1.141,,,,,,,,,,,,,,,,,,,,
01/08/2011,22.335,38.48,1286.94,0.6136,19.0198,130.46,6953.98,1.1436,,,,,,,,,,,,,,,,,,,,
02/08/2011,21.2775,37.04,1254.05,0.6136,17.9502,122.83,6796.75,1.1476,,,,,,,,,,,,,,,,,,,,
03/08/2011,21.77,37.26,1260.34,0.6087,17.4416,116.4,6640.59,1.1469,,,,,,,,,,,,,,,,,,,,
04/08/2011,20.3875,34.81,1200.07,0.6151,16.4992,111.58,6414.76,1.1536,,,,,,,,,,,,,,,,,,,,
05/08/2011,20.9675,33.44,1199.38,0.6101,17.2547,109.67,6236.16,1.148,,,,,,,,,,,,,,,,,,,,
08/08/2011,19.7975,27.95,1119.46,0.6128,15.699,101.64,5923.27,1.1509,,,,,,,,,,,,,,,,,,,,
09/08/2011,20.625,31.82,1172.53,0.6129,16.2898,108.35,5917.08,1.135,,,,,,,,,,,,,,,,,,,,
10/08/2011,19.8325,28.49,1120.76,0.6198,15.3325,107.9,5613.42,1.138,,,,,,,,,,,,,,,,,,,,
11/08/2011,20.8125,30.29,1172.64,0.6158,16.3422,108,5797.66,1.1403,,,,,,,,,,,,,,,,,,,,
12/08/2011,21.06,29.85,1178.81,0.6143,16.4544,111.55,5997.74,1.1427,,,,,,,,,,,,,,,,,,,,
15/08/2011,21.2825,31.27,1204.49,0.6101,17.12,110.06,6022.24,1.1347,,,,,,,,,,,,,,,,,,,,
16/08/2011,20.805,29.94,1192.76,0.6077,16.604,110.27,5994.9,1.1422,,,,,,,,,,,,,,,,,,,,
17/08/2011,20.6375,29.85,1193.89,0.6045,15.9159,106.11,5948.94,1.1468,,,,,,,,,,,,,,,,,,,,
18/08/2011,19.98,27.98,1140.65,0.6054,14.3976,101.35,5602.8,1.1524,,,,,,,,,,,,,,,,,,,,
19/08/2011,19.645,26.77,1123.53,0.6074,14.2929,96.86,5480,1.1436,,,,,,,,,,,,,,,,,,,,
22/08/2011,19.8125,26.06,1123.82,0.6078,14.2555,93.93,5473.78,1.146,,,,,,,,,,,,,,,,,,,,
23/08/2011,20.8975,27.32,1162.35,0.6063,14.2181,95.81,5532.38,1.1422,,,,,,,,,,,,,,,,,,,,
24/08/2011,21.45,28.45,1177.6,0.6107,14.6668,99,5681.08,1.1359,,,,,,,,,,,,,,,,,,,,
25/08/2011,20.94,29.83,1159.27,0.6142,14.9211,101.4,5584.14,1.1323,,,,,,,,,,,,,,,,,,,,
26/08/2011,21.5725,29.84,1176.8,0.6109,14.7416,100.32,5537.48,1.129,,,,,,,,,,,,,,,,,,,,
29/08/2011,22.135,31.29,1210.09,0.6094,15.325,101.64,5670.07,1.1308,,,,,,,,,,,,,,,,,,,,
30/08/2011,21.5925,30.94,1212.92,0.6135,15.1605,102.94,5643.92,1.1287,,,,,,,,,,,,,,,,,,,,
31/08/2011,21.6625,31.05,1218.89,0.6154,15.512,106.06,5784.85,1.131,,,,,,,,,,,,,,,,,,,,
01/09/2011,21.6375,30,1204.42,0.618,15.1605,107.22,5730.63,1.1346,,,,,,,,,,,,,,,,,,,,
02/09/2011,21.01,28.4,1173.97,0.6166,14.435,102.76,5538.33,1.1416,,,,,,,,,,,,,,,,,,,,
05/09/2011,21.01,28.4,1173.97,0.6204,13.4178,96.35,5246.18,1.1433,,,,,,,,,,,,,,,,,,,,
06/09/2011,20.94,27.7,1165.24,0.6272,13.3355,96.74,5193.97,1.1389,,,,,,,,,,,,,,,,,,,,
07/09/2011,21.6275,28.98,1198.62,0.6254,13.9787,101.49,5405.53,1.1342,,,,,,,,,,,,,,,,,,,,
08/09/2011,21.3325,27.98,1185.9,0.6266,13.5898,99.49,5408.46,1.1496,,,,,,,,,,,,,,,,,,,,
09/09/2011,20.625,26.74,1154.23,0.6296,12.8718,95.45,5189.93,1.1632,,,,,,,,,,,,,,,,,,,,
12/09/2011,21.09,26.96,1162.27,0.6304,11.4283,94.2,5072.33,1.1596,,,,,,,,,,,,,,,,,,,,
13/09/2011,21.455,27.05,1172.87,0.6338,11.9593,94.48,5166.36,1.1536,,,,,,,,,,,,,,,,,,,,
14/09/2011,21.8725,27.39,1188.68,0.6341,12.1538,99.23,5340.19,1.1464,,,,,,,,,,,,,,,,,,,,
15/09/2011,22.01,28.59,1209.11,0.6329,13.0887,102.53,5508.24,1.1387,,,,,,,,,,,,,,,,,,,,
16/09/2011,22.4425,28.99,1216.01,0.6333,13.2757,104.05,5573.51,1.1444,,,,,,,,,,,,,,,,,,,,
19/09/2011,22.55,27.71,1204.09,0.6368,12.61,100.7,5415.91,1.1474,,,,,,,,,,,,,,,,,,,,
20/09/2011,22.365,26.93,1202.09,0.6355,12.7821,104.73,5571.68,1.1486,,,,,,,,,,,,,,,,,,,,
21/09/2011,21.435,25.52,1166.76,0.6452,12.5352,101.57,5433.8,1.142,,,,,,,,,,,,,,,,,,,,
22/09/2011,21.045,23.96,1129.56,0.6518,11.6527,93.2,5164.21,1.1396,,,,,,,,,,,,,,,,,,,,
23/09/2011,22.16,24.98,1136.43,0.6472,12.1688,93.42,5196.56,1.145,,,,,,,,,,,,,,,,,,,,
26/09/2011,22.3275,26.72,1162.95,0.6425,12.999,91.91,5345.56,1.1501,,,,,,,,,,,,,,,,,,,,
27/09/2011,22.645,26.99,1175.38,0.6396,14.8762,96.53,5628.44,1.1508,,,,,,,,,,,,,,,,,,,,
28/09/2011,22.1175,25.92,1151.06,0.642,14.0461,96.2,5578.42,1.1501,,,,,,,,,,,,,,,,,,,,
29/09/2011,21.9975,26.9,1160.4,0.6399,14.8463,96.5,5639.58,1.1492,,,,,,,,,,,,,,,,,,,,
30/09/2011,21.3775,25.615,1131.42,0.6417,14.1732,93.88,5502.02,1.164,,,,,,,,,,,,,,,,,,,,
03/10/2011,20.7625,23.11,1099.23,0.648,12.7895,87.5,5376.7,1.1712,,,,,,,,,,,,,,,,,,,,
04/10/2011,21.4325,24.39,1123.95,0.6456,12.6773,85.45,5216.71,1.1603,,,,,,,,,,,,,,,,,,,,
05/10/2011,21.95,24.71,1144.03,0.6468,13.2682,88.75,5473.03,1.1582,,,,,,,,,,,,,,,,,,,,
06/10/2011,22.32,26.02,1164.97,0.6475,13.6721,92.1,5645.25,1.1494,,,,,,,,,,,,,,,,,,,,
07/10/2011,22.0375,24.63,1155.46,0.6426,13.2159,94.1,5675.7,1.1634,,,,,,,,,,,,,,,,,,,,
10/10/2011,22.68,26.49,1194.89,0.6383,13.6571,97.11,5847.29,1.1484,,,,,,,,,,,,,,,,,,,,
11/10/2011,22.4625,27.84,1195.54,0.642,13.5898,98.4,5865.01,1.142,,,,,,,,,,,,,,,,,,,,
12/10/2011,22.9475,29.2,1207.25,0.6348,13.874,101.25,5994.47,1.1424,,,,,,,,,,,,,,,,,,,,
13/10/2011,23.0525,27.64,1203.66,0.6343,13.2159,101.31,5914.84,1.1442,,,,,,,,,,,,,,,,,,,,
14/10/2011,23.2425,28.4,1224.58,0.6321,12.6773,102.58,5967.2,1.1397,,,,,,,,,,,,,,,,,,,,
17/10/2011,22.755,27.93,1200.86,0.6352,11.8621,100.45,5859.43,1.1461,,,,,,,,,,,,,,,,,,,,
18/10/2011,22.87,29.88,1225.38,0.6364,11.7724,102,5877.41,1.1425,,,,,,,,,,,,,,,,,,,,
19/10/2011,22.8225,29.39,1209.88,0.634,12.1314,102.13,5913.53,1.1464,,,,,,,,,,,,,,,,,,,,
20/10/2011,22.9725,30.08,1215.39,0.6333,12.0416,99.65,5766.48,1.1459,,,,,,,,,,,,,,,,,,,,
21/10/2011,23.5875,30.3,1238.25,0.6266,12.6699,102.5,5970.96,1.1481,,,,,,,,,,,,,,,,,,,,
24/10/2011,23.7675,31.6,1254.2,0.6251,13.0214,107,6055.27,1.1485,,,,,,,,,,,,,,,,,,,,
25/10/2011,23.4375,30.9,1229.05,0.625,13.0139,105.83,6046.75,1.1505,,,,,,,,,,,,,,,,,,,,
26/10/2011,23.5525,31.15,1242,0.626,13.1785,106.05,6016.07,1.1487,,,,,,,,,,,,,,,,,,,,
27/10/2011,23.9575,34.17,1284.59,0.6211,15.3325,114,6337.84,1.1347,,,,,,,,,,,,,,,,,,,,
28/10/2011,24.1875,34.16,1285.09,0.6201,14.4873,116,6346.19,1.14,,,,,,,,,,,,,,,,,,,,
31/10/2011,24.0875,31.59,1253.3,0.6216,13.3729,114.46,6141.34,1.1608,,,,,,,,,,,,,,,,,,,,
01/11/2011,23.47,29.17,1218.28,0.627,12.2136,109.5,5834.51,1.164,,,,,,,,,,,,,,,,,,,,
02/11/2011,23.735,29.83,1237.9,0.627,12.453,114.1,5965.63,1.1602,,,,,,,,,,,,,,,,,,,,
03/11/2011,23.92,30.78,1261.16,0.6233,13.2607,118.53,6133.18,1.1605,,,,,,,,,,,,,,,,,,,,
04/11/2011,23.595,30.34,1253.23,0.6235,12.4305,116.6,5966.16,1.1625,,,,,,,,,,,,,,,,,,,,
07/11/2011,23.45,30.55,1261.12,0.6228,12.3408,116.7,5928.68,1.1656,,,,,,,,,,,,,,,,,,,,
08/11/2011,23.855,31.42,1275.92,0.6215,12.1014,118.1,5961.44,1.1631,,,,,,,,,,,,,,,,,,,,
09/11/2011,23.09,28.85,1229.1,0.6281,11.2264,114.4,5829.54,1.1753,,,,,,,,,,,,,,,,,,,,
10/11/2011,23.48,28.63,1239.69,0.6276,11.5255,115,5867.81,1.1708,,,,,,,,,,,,,,,,,,,,
11/11/2011,24.0375,29.33,1263.86,0.6222,12.0192,117.2,6057.03,1.1684,,,,,,,,,,,,,,,,,,,,
14/11/2011,23.9375,28.38,1251.78,0.6286,11.8322,116.6,5985.02,1.167,,,,,,,,,,,,,,,,,,,,
15/11/2011,23.9875,28.02,1257.81,0.632,11.6452,117,5933.14,1.1685,,,,,,,,,,,,,,,,,,,,
16/11/2011,23.425,26.86,1236.91,0.6356,11.4283,115.53,5913.36,1.1685,,,,,,,,,,,,,,,,,,,,
17/11/2011,22.9725,26,1216.13,0.6347,10.9796,111.5,5850.17,1.1707,,,,,,,,,,,,,,,,,,,,
18/11/2011,23.1875,26.28,1215.65,0.6327,10.8823,110.4,5800.24,1.1687,,,,,,,,,,,,,,,,,,,,
21/11/2011,22.765,25,1192.98,0.6393,10.1045,106.08,5606,1.1596,,,,,,,,,,,,,,,,,,,,
22/11/2011,22.9075,24.46,1188.04,0.6396,8.9452,106,5537.39,1.1577,,,,,,,,,,,,,,,,,,,,
23/11/2011,22.7325,23.51,1161.79,0.6441,8.848,101.5,5457.77,1.1654,,,,,,,,,,,,,,,,,,,,
24/11/2011,22.7325,23.51,1161.79,0.6453,9.2144,102.2,5428.11,1.1609,,,,,,,,,,,,,,,,,,,,
25/11/2011,22.57,23.63,1158.67,0.6478,9.3117,101.1,5492.87,1.1657,,,,,,,,,,,,,,,,,,,,
28/11/2011,23.7275,25.05,1192.55,0.6448,9.8128,109.09,5745.33,1.1643,,,,,,,,,,,,,,,,,,,,
29/11/2011,23.7175,25.24,1195.19,0.6412,9.8951,106.5,5799.91,1.1713,,,,,,,,,,,,,,,,,,,,
30/11/2011,24.045,27.48,1246.96,0.6368,10.2989,112.2,6088.84,1.1678,,,,,,,,,,,,,,,,,,,,
01/12/2011,23.8125,26.99,1244.58,0.6373,10.2241,111,6035.88,1.1655,,,,,,,,,,,,,,,,,,,,
02/12/2011,24.0625,28.17,1244.28,0.6412,11.1142,113.65,6080.68,1.1648,,,,,,,,,,,,,,,,,,,,
05/12/2011,24.15,29.83,1257.08,0.6391,10.6056,113.5,6106.09,1.1677,,,,,,,,,,,,,,,,,,,,
06/12/2011,24.0625,29.75,1258.47,0.641,10.4784,113,6028.82,1.1641,,,,,,,,,,,,,,,,,,,,
07/12/2011,23.9725,29.83,1261.01,0.6365,10.6804,112.5,5994.73,1.1714,,,,,,,,,,,,,,,,,,,,
08/12/2011,23.795,27.75,1234.35,0.6398,9.5809,109.2,5874.44,1.1716,,,,,,,,,,,,,,,,,,,,
09/12/2011,24.42,28.77,1255.19,0.6382,9.9175,111.5,5986.71,1.1706,,,,,,,,,,,,,,,,,,,,
12/12/2011,24.2375,27.22,1236.47,0.6417,9.1696,106.4,5785.43,1.1816,,,,,,,,,,,,,,,,,,,,
13/12/2011,23.7625,26.9,1225.73,0.646,8.8106,107.5,5774.26,1.1874,,,,,,,,,,,,,,,,,,,,
14/12/2011,23.5975,26.05,1211.82,0.6466,9.2369,103.3,5675.14,1.1913,,,,,,,,,,,,,,,,,,,,
15/12/2011,23.52,25.915,1215.75,0.6446,9.8203,102.5,5730.62,1.192,,,,,,,,,,,,,,,,,,,,
16/12/2011,23.4175,26.03,1219.66,0.6433,9.5361,103.1,5701.78,1.1918,,,,,,,,,,,,,,,,,,,,
19/12/2011,23.345,24.82,1205.35,0.6452,9.5361,103.4,5670.71,1.1923,,,,,,,,,,,,,,,,,,,,
20/12/2011,23.4075,25.95,1241.31,0.6384,9.91,105.5,5847.03,1.1972,,,,,,,,,,,,,,,,,,,,
21/12/2011,24.0875,26.1,1243.72,0.6379,9.91,105.25,5791.53,1.2014,,,,,,,,,,,,,,,,,,,,
22/12/2011,23.705,27.65,1254,0.6378,10.1494,105,5852.18,1.2014,,,,,,,,,,,,,,,,,,,,
23/12/2011,24.225,27.46,1265.33,0.6415,9.9923,105.55,5878.93,1.1946,,,,,,,,,,,,,,,,,,,,
26/12/2011,24.225,27.46,1265.33,0.6398,9.9923,105.55,5878.93,1.1969,,,,,,,,,,,,,,,,,,,,
27/12/2011,24.4425,26.9,1265.43,0.6381,9.8951,106.05,5889.76,1.1989,,,,,,,,,,,,,,,,,,,,
28/12/2011,24.1075,26.13,1249.64,0.6469,9.5211,103,5771.27,1.1946,,,,,,,,,,,,,,,,,,,,
29/12/2011,24.365,26.76,1263.02,0.6487,9.6034,102.96,5848.78,1.1894,,,,,,,,,,,,,,,,,,,,
30/12/2011,24.0925,26.31,1257.61,0.6435,9.7455,103.65,5898.35,1.1987,,,,,,,,,,,,,,,,,,,,
02/01/2012,24.0925,26.31,1257.61,0.6447,10.0746,106.2,6075.52,1.1993,,,,,,,,,,,,,,,,,,,,
03/01/2012,24.2025,28.33,1277.06,0.639,9.9773,109.53,6166.57,1.1991,,,,,,,,,,,,,,,,,,,,
04/01/2012,24.555,28.17,1277.3,0.6402,9.6333,109.05,6111.55,1.2068,,,,,,,,,,,,,,,,,,,,
05/01/2012,24.54,28.51,1281.06,0.6454,9.192,112.2,6095.99,1.2116,,,,,,,,,,,,,,,,,,,,
06/01/2012,24.4975,28.55,1277.81,0.6482,9.1471,110.71,6057.92,1.2128,,,,,,,,,,,,,,,,,,,,
09/01/2012,24.5875,29.08,1280.7,0.6469,8.8928,109.62,6017.23,1.211,,,,,,,,,,,,,,,,,,,,
10/01/2012,24.6175,30,1292.08,0.6458,9.3117,112.15,6162.98,1.2118,,,,,,,,,,,,,,,,,,,,
11/01/2012,24.535,31.27,1292.48,0.6524,9.8352,114.53,6152.34,1.2064,,,,,,,,,,,,,,,,,,,,
12/01/2012,24.775,31.6,1295.5,0.6522,10.3663,114.82,6179.21,1.1966,,,,,,,,,,,,,,,,,,,,
13/01/2012,24.575,30.74,1289.09,0.6528,10.4635,113.17,6143.08,1.208,,,,,,,,,,,,,,,,,,,,
16/01/2012,24.575,30.74,1289.09,0.6525,10.7402,116.25,6220.01,1.2098,,,,,,,,,,,,,,,,,,,,
17/01/2012,24.81,28.215,1293.67,0.6521,10.7178,118.38,6332.93,1.204,,,,,,,,,,,,,,,,,,,,
18/01/2012,25.215,29.03,1308.04,0.6477,10.5233,118.69,6354.57,1.2001,,,,,,,,,,,,,,,,,,,,
19/01/2012,25.395,29.33,1314.5,0.6457,12.1762,121.89,6416.26,1.1943,,,,,,,,,,,,,,,,,,,,
20/01/2012,25.44,29.64,1315.38,0.642,12.9765,122.55,6404.39,1.2045,,,,,,,,,,,,,,,,,,,,
23/01/2012,25.39,29.85,1316,0.6423,14.7865,121.55,6436.62,1.1963,,,,,,,,,,,,,,,,,,,,
24/01/2012,25.5525,29.9,1314.66,0.64,13.9937,121.32,6419.22,1.1987,,,,,,,,,,,,,,,,,,,,
25/01/2012,25.8025,29.96,1326.05,0.6387,14.3078,123.19,6421.85,1.1947,,,,,,,,,,,,,,,,,,,,
26/01/2012,25.575,30.38,1318.43,0.6374,14.1283,124.84,6539.85,1.1969,,,,,,,,,,,,,,,,,,,,
27/01/2012,25.5275,30.87,1316.33,0.6358,14.1208,123.28,6511.98,1.1898,,,,,,,,,,,,,,,,,,,,
30/01/2012,25.8475,30.23,1313.01,0.6365,13.4328,123.47,6444.45,1.1953,,,,,,,,,,,,,,,,,,,,
31/01/2012,25.9975,30.72,1312.41,0.6345,13.6796,123.5,6458.91,1.2045,,,,,,,,,,,,,,,,,,,,
01/02/2012,25.9375,31.6,1324.09,0.6316,14.2779,127,6616.64,1.203,,,,,,,,,,,,,,,,,,,,
02/02/2012,25.705,31.99,1325.54,0.6327,14.2031,125,6655.63,1.2026,,,,,,,,,,,,,,,,,,,,
03/02/2012,25.875,33.54,1344.9,0.6323,14.3527,127.71,6766.67,1.2021,,,,,,,,,,,,,,,,,,,,
06/02/2012,25.865,33.3,1344.33,0.632,14.1433,128.2,6764.83,1.2049,,,,,,,,,,,,,,,,,,,,
07/02/2012,26.0575,33.07,1347.05,0.6291,14.592,126.61,6754.2,1.1988,,,,,,,,,,,,,,,,,,,,
08/02/2012,26.4825,34.23,1349.96,0.6322,15.9308,127.53,6748.76,1.1929,,,,,,,,,,,,,,,,,,,,
09/02/2012,26.44,33.66,1351.95,0.6322,16.2898,129.4,6788.8,1.1906,,,,,,,,,,,,,,,,,,,,
10/02/2012,26.3525,32.925,1342.64,0.6348,15.1081,127.05,6692.96,1.1938,,,,,,,,,,,,,,,,,,,,
13/02/2012,26.305,32.88,1351.77,0.6343,15.699,129.61,6738.47,1.1957,,,,,,,,,,,,,,,,,,,,
14/02/2012,26.6575,32.08,1350.5,0.6372,15.4372,127.69,6728.19,1.1949,,,,,,,,,,,,,,,,,,,,
15/02/2012,26.65,31.72,1343.23,0.6372,15.4297,127.17,6757.94,1.201,,,,,,,,,,,,,,,,,,,,
16/02/2012,26.54,32.71,1358.04,0.6329,15.4522,127.03,6751.96,1.2033,,,,,,,,,,,,,,,,,,,,
17/02/2012,26.67,32.92,1361.23,0.6318,15.5643,129.3,6848.03,1.2046,,,,,,,,,,,,,,,,,,,,
20/02/2012,26.67,32.92,1361.23,0.6309,16.2823,130.06,6948.25,1.1969,,,,,,,,,,,,,,,,,,,,
21/02/2012,26.2375,33.36,1362.21,0.6338,15.9458,129.41,6908.18,1.1922,,,,,,,,,,,,,,,,,,,,
22/02/2012,26.4325,32.36,1357.66,0.6382,15.3998,128.13,6843.87,1.1827,,,,,,,,,,,,,,,,,,,,
23/02/2012,26.535,32.71,1363.46,0.6351,14.435,125.12,6809.46,1.1774,,,,,,,,,,,,,,,,,,,,
24/02/2012,26.5725,32.35,1365.74,0.63,14.5098,126.82,6864.43,1.1802,,,,,,,,,,,,,,,,,,,,
27/02/2012,26.7925,32.93,1367.59,0.632,14.2555,125.49,6849.6,1.1811,,,,,,,,,,,,,,,,,,,,
28/02/2012,26.8575,33.48,1372.18,0.6289,13.9039,126.3,6887.63,1.1816,,,,,,,,,,,,,,,,,,,,
29/02/2012,26.98,33.32,1365.68,0.6283,14.1508,127.07,6856.08,1.1944,,,,,,,,,,,,,,,,,,,,
01/03/2012,27.135,34.13,1374.09,0.6267,14.4873,129.87,6941.77,1.1986,,,,,,,,,,,,,,,,,,,,
02/03/2012,27.185,34.1,1369.63,0.6316,14.7491,130.37,6921.37,1.1996,,,,,,,,,,,,,,,,,,,,
05/03/2012,27.31,33.68,1364.34,0.6303,14.248,130.35,6866.46,1.2004,,,,,,,,,,,,,,,,,,,,
06/03/2012,26.835,32.12,1343.36,0.6363,12.8718,124.45,6633.11,1.1986,,,,,,,,,,,,,,,,,,,,
07/03/2012,26.895,33.24,1352.63,0.6353,13.874,124.32,6671.11,1.1972,,,,,,,,,,,,,,,,,,,,
08/03/2012,26.975,34,1365.91,0.6317,14.2555,127.77,6834.54,1.1926,,,,,,,,,,,,,,,,,,,,
09/03/2012,27.495,34.2,1370.87,0.638,13.8591,128.9,6880.21,1.1944,,,,,,,,,,,,,,,,,,,,
12/03/2012,27.3625,34.29,1371.09,0.6393,13.5823,128.24,6901.35,1.189,,,,,,,,,,,,,,,,,,,,
13/03/2012,27.69,36.45,1395.95,0.6368,14.0834,128.2,6995.91,1.2004,,,,,,,,,,,,,,,,,,,,
14/03/2012,27.575,35.21,1394.28,0.6379,14.3901,130.7,7079.42,1.2028,,,,,,,,,,,,,,,,,,,,
15/03/2012,27.6825,36.27,1402.6,0.6365,14.3452,130.95,7144.45,1.2011,,,,,,,,,,,,,,,,,,,,
16/03/2012,27.805,36.69,1404.17,0.6311,14.5771,129.61,7157.82,1.2026,,,,,,,,,,,,,,,,,,,,
19/03/2012,28.0325,37.17,1409.75,0.6292,14.8912,128.65,7154.22,1.2005,,,,,,,,,,,,,,,,,,,,
20/03/2012,27.935,38.08,1405.52,0.6304,14.607,121.88,7054.94,1.1995,,,,,,,,,,,,,,,,,,,,
21/03/2012,27.61,37.8,1402.9,0.63,14.5322,123.1,7071.32,1.201,,,,,,,,,,,,,,,,,,,,
22/03/2012,27.7475,36.9,1392.79,0.6321,14.061,121.86,6981.26,1.1985,,,,,,,,,,,,,,,,,,,,
23/03/2012,26.855,37.135,1397.11,0.6301,14.5247,123.55,6995.62,1.1959,,,,,,,,,,,,,,,,,,,,
26/03/2012,27.1375,37.43,1416.51,0.6261,14.5846,123.05,7079.23,1.1955,,,,,,,,,,,,,,,,,,,,
27/03/2012,26.97,36.78,1412.52,0.6269,14.6743,123.5,7078.9,1.198,,,,,,,,,,,,,,,,,,,,
28/03/2012,26.8075,37.06,1405.54,0.6294,14.2405,122.59,6998.8,1.1931,,,,,,,,,,,,,,,,,,,,
29/03/2012,26.9625,36.51,1403.28,0.6266,14.0535,118.19,6875.15,1.1997,,,,,,,,,,,,,,,,,,,,
30/03/2012,27.11,36.55,1408.47,0.6246,14.2106,121.08,6946.83,1.1999,,,,,,,,,,,,,,,,,,,,
02/04/2012,27.255,36.87,1419.04,0.624,14.3003,123.05,7056.65,1.203,,,,,,,,,,,,,,,,,,,,
03/04/2012,27.4675,36.37,1413.38,0.6284,13.8441,121.45,6982.28,1.2025,,,,,,,,,,,,,,,,,,,,
04/04/2012,27.3725,35.04,1398.96,0.6293,13.3804,117.29,6784.06,1.2091,,,,,,,,,,,,,,,,,,,,
05/04/2012,27.5975,34.79,1398.08,0.6318,13.0139,117.77,6775.26,1.2114,,,,,,,,,,,,,,,,,,,,
06/04/2012,27.5975,34.79,1398.08,0.6299,13.0139,117.77,6775.26,1.212,,,,,,,,,,,,,,,,,,,,
09/04/2012,27.6725,33.97,1382.2,0.6292,13.0139,117.77,6775.26,1.2126,,,,,,,,,,,,,,,,,,,,
10/04/2012,26.615,32.86,1358.59,0.6305,12.3034,113.5,6606.43,1.2126,,,,,,,,,,,,,,,,,,,,
11/04/2012,27.0625,33.585,1368.71,0.6287,12.9017,117.25,6674.73,1.2134,,,,,,,,,,,,,,,,,,,,
12/04/2012,27.1625,34.625,1387.57,0.6265,12.8344,119.3,6743.24,1.2102,,,,,,,,,,,,,,,,,,,,
13/04/2012,27.2,33.41,1370.26,0.631,12.2959,117.2,6583.9,1.2118,,,,,,,,,,,,,,,,,,,,
16/04/2012,27.35,34,1369.57,0.6289,11.9668,118.85,6625.19,1.2099,,,,,,,,,,,,,,,,,,,,
17/04/2012,27.4575,35.08,1390.78,0.628,12.625,119.38,6801,1.2131,,,,,,,,,,,,,,,,,,,,
18/04/2012,27.64,35.08,1385.14,0.6242,12.2585,118.95,6732.03,1.2209,,,,,,,,,,,,,,,,,,,,
19/04/2012,27.4025,34.85,1376.92,0.623,11.9519,115.4,6671.22,1.2218,,,,,,,,,,,,,,,,,,,,
20/04/2012,27.6925,33.89,1378.53,0.6203,12.1912,113.05,6750.12,1.2196,,,,,,,,,,,,,,,,,,,,
23/04/2012,27.4375,33.25,1366.94,0.6199,11.5854,109.83,6523,1.2262,,,,,,,,,,,,,,,,,,,,
24/04/2012,26.6875,33.42,1371.97,0.6194,11.5031,112.4,6590.41,1.2232,,,,,,,,,,,,,,,,,,,,
25/04/2012,27.2575,33.68,1390.69,0.6187,12.1014,115.28,6704.5,1.2229,,,,,,,,,,,,,,,,,,,,
26/04/2012,27.5875,33.88,1399.98,0.6179,11.9967,123.88,6739.9,1.2243,,,,,,,,,,,,,,,,,,,,
27/04/2012,27.66,33.5,1403.36,0.6148,12.2361,127.1,6801.32,1.2271,,,,,,,,,,,,,,,,,,,,
30/04/2012,27.9675,33.045,1397.91,0.616,12.2211,129.26,6761.19,1.2262,,,,,,,,,,,,,,,,,,,,
01/05/2012,27.825,33.6,1405.82,0.6165,12.2211,129.26,6761.19,1.2254,,,,,,,,,,,,,,,,,,,,
02/05/2012,28.57,32.7,1402.31,0.6173,11.907,129.95,6710.77,1.2311,,,,,,,,,,,,,,,,,,,,
03/05/2012,28.6,32.48,1391.57,0.6181,11.4507,132.28,6694.44,1.23,,,,,,,,,,,,,,,,,,,,
04/05/2012,27.9525,31.6,1369.1,0.6192,11.4208,128.5,6561.47,1.2344,,,,,,,,,,,,,,,,,,,,
07/05/2012,27.855,31.67,1369.58,0.6177,11.8621,128.3,6569.48,1.2406,,,,,,,,,,,,,,,,,,,,
08/05/2012,27.1825,31.32,1363.72,0.6189,11.4732,126.5,6444.74,1.2424,,,,,,,,,,,,,,,,,,,,
09/05/2012,27.0375,30.45,1354.58,0.62,11.6602,126.25,6475.31,1.2475,,,,,,,,,,,,,,,,,,,,
10/05/2012,26.89,30.65,1357.99,0.6194,11.705,124.5,6518,1.2482,,,,,,,,,,,,,,,,,,,,
11/05/2012,27.065,29.35,1353.39,0.6223,11.5779,126.75,6579.93,1.244,,,,,,,,,,,,,,,,,,,,
14/05/2012,26.8675,28.14,1338.35,0.6214,11.3535,124,6451.97,1.2549,,,,,,,,,,,,,,,,,,,,
15/05/2012,26.805,27.79,1330.66,0.6253,10.7926,124.3,6401.06,1.2564,,,,,,,,,,,,,,,,,,,,
16/05/2012,26.75,26.92,1324.8,0.6285,10.6056,122.26,6384.26,1.2511,,,,,,,,,,,,,,,,,,,,
17/05/2012,26.085,26.41,1304.86,0.6331,10.441,121.06,6308.96,1.244,,,,,,,,,,,,,,,,,,,,
18/05/2012,26.36,26.01,1295.22,0.6324,10.3663,117.5,6271.22,1.2375,,,,,,,,,,,,,,,,,,,,
21/05/2012,26.8075,26.25,1315.99,0.6315,10.7477,119.45,6331.04,1.2353,,,,,,,,,,,,,,,,,,,,
22/05/2012,27.1125,26.92,1316.63,0.6345,10.7926,124.1,6435.6,1.2427,,,,,,,,,,,,,,,,,,,,
23/05/2012,26.88,27.15,1318.86,0.6373,10.5532,120.35,6285.75,1.2471,,,,,,,,,,,,,,,,,,,,
24/05/2012,26.87,26.66,1320.68,0.6381,10.5233,119.41,6315.89,1.2504,,,,,,,,,,,,,,,,,,,,
25/05/2012,27.1975,26.47,1317.82,0.6384,10.3438,121.2,6339.94,1.2512,,,,,,,,,,,,,,,,,,,,
28/05/2012,27.1975,26.47,1317.82,0.6376,9.9923,122.33,6323.19,1.2505,,,,,,,,,,,,,,,,,,,,
29/05/2012,27.73,27.02,1332.42,0.6394,10.0746,125.45,6396.84,1.251,,,,,,,,,,,,,,,,,,,,
30/05/2012,27.1525,26,1313.32,0.6461,9.9325,122.41,6280.8,1.2516,,,,,,,,,,,,,,,,,,,,
31/05/2012,27.045,26.51,1310.33,0.6491,9.9923,121.53,6264.38,1.2458,,,,,,,,,,,,,,,,,,,,
01/06/2012,26.15,25.39,1278.05,0.6509,9.7679,117.38,6050.29,1.2355,,,,,,,,,,,,,,,,,,,,
04/06/2012,26.175,24.82,1278.18,0.6501,9.6707,112.9,5978.23,1.2307,,,,,,,,,,,,,,,,,,,,
05/06/2012,26.3775,25.75,1285.5,0.6501,9.9025,115.36,5969.4,1.2354,,,,,,,,,,,,,,,,,,,,
06/06/2012,26.7675,27.14,1315.13,0.6453,10.1194,116.79,6093.99,1.2317,,,,,,,,,,,,,,,,,,,,
07/06/2012,26.84,26.91,1314.99,0.644,10.7178,118.72,6144.22,1.2362,,,,,,,,,,,,,,,,,,,,
08/06/2012,27.16,27.77,1325.66,0.6463,10.4485,118.2,6130.82,1.236,,,,,,,,,,,,,,,,,,,,
11/06/2012,26.865,26.48,1308.93,0.6458,10.2466,119.31,6141.05,1.2406,,,,,,,,,,,,,,,,,,,,
12/06/2012,26.9,27.62,1324.18,0.6422,10.1045,118.63,6161.24,1.2452,,,,,,,,,,,,,,,,,,,,
13/06/2012,25.555,27.67,1314.88,0.645,9.9848,115.91,6152.49,1.2348,,,,,,,,,,,,,,,,,,,,
14/06/2012,25.005,27.91,1329.1,0.6426,10.0297,114.25,6138.61,1.2318,,,,,,,,,,,,,,,,,,,,
15/06/2012,25.4375,28.31,1342.84,0.6363,10.5158,116.73,6229.41,1.2434,,,,,,,,,,,,,,,,,,,,
18/06/2012,25.35,27.55,1344.78,0.6383,10.1793,116.41,6248.2,1.2457,,,,,,,,,,,,,,,,,,,,
19/06/2012,25.385,28.5,1357.98,0.636,10.5383,118.39,6363.36,1.2396,,,,,,,,,,,,,,,,,,,,
20/06/2012,25.3,28.86,1355.69,0.6362,10.5832,119.77,6392.13,1.2369,,,,,,,,,,,,,,,,,,,,
21/06/2012,24.665,27.83,1325.51,0.6414,10.5158,117.86,6343.13,1.2434,,,,,,,,,,,,,,,,,,,,
22/06/2012,24.85,27.99,1335.02,0.6415,10.5158,116.14,6263.25,1.24,,,,,,,,,,,,,,,,,,,,
25/06/2012,24.365,26.75,1313.72,0.6421,10.2316,112.95,6132.39,1.2455,,,,,,,,,,,,,,,,,,,,
26/06/2012,24.6125,26.73,1319.99,0.6393,10.0671,112.25,6136.69,1.252,,,,,,,,,,,,,,,,,,,,
27/06/2012,24.5275,27.1,1331.85,0.6424,10.0372,112.35,6228.99,1.2486,,,,,,,,,,,,,,,,,,,,
28/06/2012,24.2225,26.39,1329.04,0.6444,9.4687,112.85,6149.91,1.2471,,,,,,,,,,,,,,,,,,,,
29/06/2012,21.945,27.41,1362.16,0.6367,9.9699,117.84,6416.28,1.2401,,,,,,,,,,,,,,,,,,,,
02/07/2012,22.2125,27.46,1365.51,0.6373,10.2466,118,6496.08,1.2479,,,,,,,,,,,,,,,,,,,,
03/07/2012,22.62,27.65,1374.02,0.6374,10.2316,118.53,6578.21,1.2444,,,,,,,,,,,,,,,,,,,,
04/07/2012,22.62,27.65,1374.02,0.6414,9.9474,120.25,6564.8,1.2445,,,,,,,,,,,,,,,,,,,,
05/07/2012,23.05,26.84,1367.58,0.6441,9.7829,127.54,6535.56,1.2529,,,,,,,,,,,,,,,,,,,,
06/07/2012,22.845,26.36,1354.68,0.6455,9.4014,125.35,6410.11,1.2602,,,,,,,,,,,,,,,,,,,,
09/07/2012,22.57,26.11,1352.46,0.6441,9.4239,125.1,6387.57,1.2611,,,,,,,,,,,,,,,,,,,,
10/07/2012,22.8225,25.88,1341.47,0.6444,9.3865,127.2,6438.33,1.2669,,,,,,,,,,,,,,,,,,,,
11/07/2012,23.065,25.87,1341.46,0.645,9.4613,125.6,6453.85,1.2665,,,,,,,,,,,,,,,,,,,,
12/07/2012,22.955,25.28,1334.76,0.6481,9.2444,127.56,6419.35,1.2642,,,,,,,,,,,,,,,,,,,,
13/07/2012,23.4925,26.65,1356.78,0.6421,9.2892,132.4,6557.1,1.2715,,,,,,,,,,,,,,,,,,,,
16/07/2012,23.255,26.81,1353.64,0.6396,9.207,131.6,6565.72,1.2741,,,,,,,,,,,,,,,,,,,,
17/07/2012,23.19,27.38,1363.67,0.6388,9.0873,130.94,6577.64,1.2735,,,,,,,,,,,,,,,,,,,,
18/07/2012,23.6575,27.1,1372.78,0.6389,9.1023,131.95,6684.42,1.2743,,,,,,,,,,,,,,,,,,,,
19/07/2012,23.815,26.59,1376.51,0.6359,9.2144,132.31,6758.39,1.2804,,,,,,,,,,,,,,,,,,,,
20/07/2012,23.27,25.87,1362.66,0.6401,9.0349,131.55,6630.02,1.285,,,,,,,,,,,,,,,,,,,,
23/07/2012,23.2125,25.34,1350.52,0.6448,8.5638,128.1,6419.33,1.2799,,,,,,,,,,,,,,,,,,,,
24/07/2012,23.24,25.24,1338.31,0.6449,8.4441,126,6390.41,1.2857,,,,,,,,,,,,,,,,,,,,
25/07/2012,23.3775,25.79,1337.89,0.6452,8.5264,129.7,6406.52,1.2746,,,,,,,,,,,,,,,,,,,,
26/07/2012,24.145,26.28,1360.02,0.6375,9.1172,124.26,6582.96,1.2772,,,,,,,,,,,,,,,,,,,,
27/07/2012,24.2575,27.3,1385.97,0.635,9.3042,125.47,6689.4,1.2782,,,,,,,,,,,,,,,,,,,,
30/07/2012,23.9625,27.14,1385.3,0.6365,9.3865,128,6774.06,1.2814,,,,,,,,,,,,,,,,,,,,
31/07/2012,23.3375,27.13,1379.32,0.6378,9.4538,128.79,6772.26,1.2743,,,,,,,,,,,,,,,,,,,,
01/08/2012,23.25,26.78,1375.14,0.6437,9.5435,129.55,6754.46,1.2707,,,,,,,,,,,,,,,,,,,,
02/08/2012,23.135,26.18,1365,0.6446,8.8629,127.35,6606.09,1.2737,,,,,,,,,,,,,,,,,,,,
03/08/2012,23.6425,27.4,1390.99,0.6393,9.4987,131.4,6865.66,1.2628,,,,,,,,,,,,,,,,,,,,
06/08/2012,23.88,28.56,1394.23,0.6409,9.4687,132.38,6918.72,1.2582,,,,,,,,,,,,,,,,,,,,
07/08/2012,24.0425,28.89,1401.35,0.6401,9.4388,134.55,6967.95,1.2599,,,,,,,,,,,,,,,,,,,,
08/08/2012,23.975,28.86,1402.22,0.6387,9.6408,133.05,6966.15,1.2662,,,,,,,,,,,,,,,,,,,,
09/08/2012,23.765,28.86,1402.8,0.6394,9.192,133.8,6964.99,1.2708,,,,,,,,,,,,,,,,,,,,
10/08/2012,23.625,28.9,1405.87,0.6374,8.9228,134.5,6944.56,1.2767,,,,,,,,,,,,,,,,,,,,
13/08/2012,23.9625,28.78,1404.11,0.6376,8.7881,133.4,6909.68,1.2718,,,,,,,,,,,,,,,,,,,,
14/08/2012,23.7275,28.77,1403.93,0.6379,8.848,134.4,6974.39,1.2723,,,,,,,,,,,,,,,,,,,,
15/08/2012,23.555,28.74,1405.53,0.6376,8.8629,133.6,6946.8,1.276,,,,,,,,,,,,,,,,,,,,
16/08/2012,23.695,28.82,1415.51,0.6356,9.1621,133.07,6996.29,1.2733,,,,,,,,,,,,,,,,,,,,
17/08/2012,24.065,29.03,1418.16,0.637,9.4014,134.2,7040.88,1.2728,,,,,,,,,,,,,,,,,,,,
20/08/2012,23.9425,29.98,1418.13,0.6365,9.2743,133.95,7033.68,1.2728,,,,,,,,,,,,,,,,,,,,
21/08/2012,23.9625,30.73,1413.17,0.6334,9.5435,134.56,7089.32,1.2658,,,,,,,,,,,,,,,,,,,,
22/08/2012,23.9425,30.49,1413.49,0.6297,9.5136,134,7017.75,1.2676,,,,,,,,,,,,,,,,,,,,
23/08/2012,23.8625,29.585,1402.08,0.6305,9.394,133.1,6949.57,1.2623,,,,,,,,,,,,,,,,,,,,
24/08/2012,24.215,29.83,1411.13,0.6325,9.5061,130.4,6971.07,1.2637,,,,,,,,,,,,,,,,,,,,
27/08/2012,24.1075,29.69,1410.44,0.6332,9.5361,131.85,7047.45,1.2636,,,,,,,,,,,,,,,,,,,,
28/08/2012,24.7175,29.34,1409.3,0.6322,9.4837,132.5,7002.68,1.259,,,,,,,,,,,,,,,,,,,,
29/08/2012,24.6725,29.91,1410.49,0.6316,9.4613,133.38,7010.57,1.2636,,,,,,,,,,,,,,,,,,,,
30/08/2012,24.4375,29.65,1399.48,0.6335,9.2444,128.85,6895.49,1.2622,,,,,,,,,,,,,,,,,,,,
31/08/2012,24.34,29.71,1406.58,0.6303,9.394,129.4,6970.79,1.2616,,,,,,,,,,,,,,,,,,,,
03/09/2012,24.34,29.71,1406.58,0.6295,9.3192,127.35,7014.83,1.2615,,,,,,,,,,,,,,,,,,,,
04/09/2012,24.315,29.7,1404.94,0.6301,9.2892,124,6932.58,1.2639,,,,,,,,,,,,,,,,,,,,
05/09/2012,24.3375,29.77,1403.43,0.6288,9.2668,124.39,6964.69,1.262,,,,,,,,,,,,,,,,,,,,
06/09/2012,24.865,31.12,1432.12,0.6277,9.7006,128.71,7167.33,1.2614,,,,,,,,,,,,,,,,,,,,
07/09/2012,24.8225,32.07,1437.92,0.6247,10.4261,128.69,7214.5,1.2489,,,,,,,,,,,,,,,,,,,,
10/09/2012,25.01,31.83,1429.08,0.6254,10.8748,129,7213.7,1.2532,,,,,,,,,,,,,,,,,,,,
11/09/2012,24.92,32.66,1433.57,0.6223,11.0618,130.66,7310.11,1.2502,,,,,,,,,,,,,,,,,,,,
12/09/2012,25.21,33.05,1436.56,0.6208,11.7424,132.5,7343.53,1.2487,,,,,,,,,,,,,,,,,,,,
13/09/2012,24.8,34.45,1459.99,0.619,11.7873,134.18,7310.32,1.2438,,,,,,,,,,,,,,,,,,,,
14/09/2012,24.16,34.79,1465.77,0.6167,11.8471,137.55,7412.13,1.2352,,,,,,,,,,,,,,,,,,,,
17/09/2012,24.4925,34.06,1461.19,0.6154,12.3034,136.94,7403.69,1.2389,,,,,,,,,,,,,,,,,,,,
18/09/2012,24.43,33.94,1459.32,0.6156,11.8771,133.6,7347.69,1.2452,,,,,,,,,,,,,,,,,,,,
19/09/2012,24.415,34.18,1461.05,0.6165,12.1089,134.42,7390.76,1.2431,,,,,,,,,,,,,,,,,,,,
20/09/2012,24.18,33.81,1460.26,0.6167,11.5704,134.25,7389.49,1.2504,,,,,,,,,,,,,,,,,,,,
21/09/2012,24.13,33.67,1460.15,0.6162,11.705,136.57,7451.62,1.2503,,,,,,,,,,,,,,,,,,,,
24/09/2012,23.83,33.49,1456.89,0.6165,11.2563,136.97,7413.16,1.2543,,,,,,,,,,,,,,,,,,,,
25/09/2012,23.77,32.86,1441.59,0.6178,11.1665,135.91,7425.11,1.2549,,,,,,,,,,,,,,,,,,,,
26/09/2012,23.8725,32.51,1433.32,0.6186,10.643,130.84,7276.51,1.2558,,,,,,,,,,,,,,,,,,,,
27/09/2012,24,32.97,1447.15,0.6159,10.628,131.09,7290.02,1.2573,,,,,,,,,,,,,,,,,,,,
28/09/2012,23.7275,32.72,1440.67,0.6185,10.4111,130.43,7216.15,1.2573,,,,,,,,,,,,,,,,,,,,
01/10/2012,23.8875,32.75,1444.49,0.6199,10.6804,130.55,7326.73,1.2515,,,,,,,,,,,,,,,,,,,,
02/10/2012,23.7375,33.26,1445.75,0.6199,10.7627,132.05,7305.86,1.2487,,,,,,,,,,,,,,,,,,,,
03/10/2012,23.45,34.06,1450.99,0.6221,10.7103,131.5,7322.08,1.2457,,,,,,,,,,,,,,,,,,,,
04/10/2012,23.9725,34.96,1461.4,0.6176,10.7402,133.25,7305.21,1.2437,,,,,,,,,,,,,,,,,,,,
05/10/2012,23.805,34.77,1460.93,0.6197,10.8524,134.7,7397.87,1.2375,,,,,,,,,,,,,,,,,,,,
08/10/2012,23.7475,34.78,1455.88,0.624,10.5308,132.56,7291.21,1.2358,,,,,,,,,,,,,,,,,,,,
09/10/2012,23.62,34.6,1441.48,0.6248,10.5308,133.58,7234.53,1.242,,,,,,,,,,,,,,,,,,,,
10/10/2012,23.555,35.14,1432.56,0.6247,10.5458,133.25,7205.23,1.2432,,,,,,,,,,,,,,,,,,,,
11/10/2012,23.725,35.52,1432.84,0.6232,10.8001,134.48,7281.7,1.2411,,,,,,,,,,,,,,,,,,,,
12/10/2012,23.605,34.75,1428.59,0.6223,11.0095,133.5,7232.49,1.241,,,,,,,,,,,,,,,,,,,,
15/10/2012,23.9025,36.66,1440.13,0.6223,11.2338,132.96,7261.25,1.2411,,,,,,,,,,,,,,,,,,,,
16/10/2012,24.31,37.25,1454.92,0.6207,11.6976,133.27,7376.27,1.2341,,,,,,,,,,,,,,,,,,,,
17/10/2012,24.3925,38.43,1460.91,0.6193,11.7125,135.05,7394.55,1.2309,,,,,,,,,,,,,,,,,,,,
18/10/2012,24.3925,38.42,1457.34,0.6233,11.892,136.63,7437.23,1.2279,,,,,,,,,,,,,,,,,,,,
19/10/2012,24.1125,37.16,1433.19,0.6249,11.3086,138.12,7380.64,1.2289,,,,,,,,,,,,,,,,,,,,
22/10/2012,23.62,37.72,1433.82,0.6244,11.6302,138,7328.05,1.2262,,,,,,,,,,,,,,,,,,,,
23/10/2012,23.205,36.89,1413.11,0.6268,11.4433,135.58,7173.69,1.2285,,,,,,,,,,,,,,,,,,,,
24/10/2012,23.2225,37.3,1408.75,0.6235,11.3386,139.95,7192.85,1.2363,,,,,,,,,,,,,,,,,,,,
25/10/2012,22.8275,37.41,1412.97,0.6204,11.1815,144.2,7200.23,1.2462,,,,,,,,,,,,,,,,,,,,
26/10/2012,22.7875,36.6,1411.94,0.6209,11.0917,144.73,7231.85,1.2449,,,,,,,,,,,,,,,,,,,,
29/10/2012,22.7875,36.6,1411.94,0.6237,10.8973,146.15,7203.16,1.2423,,,,,,,,,,,,,,,,,,,,
30/10/2012,22.7875,36.6,1411.94,0.6222,11.2787,149.72,7284.4,1.2401,,,,,,,,,,,,,,,,,,,,
31/10/2012,22.845,37.39,1412.16,0.62,11.0768,150.45,7260.63,1.2446,,,,,,,,,,,,,,,,,,,,
01/11/2012,23.8375,37.95,1427.59,0.62,11.346,153,7335.67,1.2463,,,,,,,,,,,,,,,,,,,,
02/11/2012,23.635,37.6,1414.2,0.6241,11.3086,153.4,7363.85,1.2483,,,,,,,,,,,,,,,,,,,,
05/11/2012,23.815,37.32,1417.26,0.6258,11.3535,147.75,7326.47,1.2488,,,,,,,,,,,,,,,,,,,,
06/11/2012,24.0325,38.47,1428.39,0.6252,11.6751,148.13,7377.76,1.2483,,,,,,,,,,,,,,,,,,,,
07/11/2012,23.6625,36.05,1394.53,0.6256,11.361,147.1,7232.83,1.2517,,,,,,,,,,,,,,,,,,,,
08/11/2012,22.965,36,1377.51,0.6256,10.6654,144.6,7204.96,1.2539,,,,,,,,,,,,,,,,,,,,
09/11/2012,23.0775,35.93,1379.85,0.6291,9.9474,144.4,7163.5,1.2503,,,,,,,,,,,,,,,,,,,,
12/11/2012,23.0725,36.42,1380.03,0.6298,10.1793,144.95,7168.76,1.2493,,,,,,,,,,,,,,,,,,,,
13/11/2012,22.8675,36.16,1374.53,0.6301,10.1419,144.02,7169.12,1.2493,,,,,,,,,,,,,,,,,,,,
14/11/2012,22.65,35.02,1355.49,0.6313,9.8951,142,7101.92,1.2438,,,,,,,,,,,,,,,,,,,,
15/11/2012,22.7075,35.21,1353.33,0.6303,9.7754,141.21,7043.42,1.2414,,,,,,,,,,,,,,,,,,,,
16/11/2012,23.1475,34.98,1359.88,0.6296,9.3715,140.55,6950.53,1.2464,,,,,,,,,,,,,,,,,,,,
19/11/2012,24.08,36.1,1386.89,0.6286,9.7829,146.51,7123.84,1.2415,,,,,,,,,,,,,,,,,,,,
20/11/2012,23.9025,36,1387.81,0.6279,9.5884,148.57,7172.99,1.2426,,,,,,,,,,,,,,,,,,,,
21/11/2012,23.9,35.77,1391.03,0.6268,9.6782,151,7184.71,1.2435,,,,,,,,,,,,,,,,,,,,
22/11/2012,23.9,35.77,1391.03,0.6274,10.2316,150.5,7244.99,1.237,,,,,,,,,,,,,,,,,,,,
23/11/2012,24.1875,36.03,1409.15,0.6239,10.1344,150.68,7309.13,1.2353,,,,,,,,,,,,,,,,,,,,
26/11/2012,24.415,35.57,1406.29,0.624,10.082,151.2,7292.03,1.2355,,,,,,,,,,,,,,,,,,,,
27/11/2012,24.2525,35.04,1398.94,0.6242,10.2541,153,7332.33,1.2379,,,,,,,,,,,,,,,,,,,,
28/11/2012,24.7825,35.07,1409.93,0.6245,10.1718,153.14,7343.41,1.2364,,,,,,,,,,,,,,,,,,,,
29/11/2012,24.7425,35.21,1415.95,0.6234,10.3737,155.2,7400.96,1.2359,,,,,,,,,,,,,,,,,,,,
30/11/2012,24.37,34.57,1416.18,0.6245,10.3289,156.4,7405.5,1.2331,,,,,,,,,,,,,,,,,,,,
03/12/2012,24.39,34.22,1409.46,0.6214,10.2017,155.4,7435.21,1.2327,,,,,,,,,,,,,,,,,,,,
04/12/2012,24.4175,34.29,1407.05,0.6211,10.3663,155,7435.12,1.2297,,,,,,,,,,,,,,,,,,,,
05/12/2012,24.42,36.46,1409.28,0.6213,10.5757,153.35,7454.55,1.2317,,,,,,,,,,,,,,,,,,,,
06/12/2012,24.605,37.02,1413.94,0.623,10.5832,156.49,7534.54,1.2378,,,,,,,,,,,,,,,,,,,,
07/12/2012,24.6475,37.64,1418.07,0.6234,10.5009,156.8,7517.8,1.241,,,,,,,,,,,,,,,,,,,,
10/12/2012,24.52,37.19,1418.55,0.622,10.2989,157.45,7530.92,1.2422,,,,,,,,,,,,,,,,,,,,
11/12/2012,24.8525,37,1427.84,0.6206,10.3513,159.69,7589.75,1.2391,,,,,,,,,,,,,,,,,,,,
12/12/2012,24.8,37.53,1428.48,0.6193,10.6579,159.8,7614.79,1.2352,,,,,,,,,,,,,,,,,,,,
13/12/2012,24.3325,37.29,1419.45,0.6206,10.5757,160.25,7581.98,1.2321,,,,,,,,,,,,,,,,,,,,
14/12/2012,24.2275,37.6,1413.58,0.6183,10.6729,160.22,7596.47,1.2288,,,,,,,,,,,,,,,,,,,,
17/12/2012,24.4975,39.15,1430.36,0.6171,10.7926,159.62,7604.94,1.2309,,,,,,,,,,,,,,,,,,,,
18/12/2012,24.73,39.46,1446.79,0.6153,11.2413,159.75,7653.58,1.2285,,,,,,,,,,,,,,,,,,,,
19/12/2012,24.445,39.45,1435.81,0.6155,11.2338,159.36,7668.5,1.2283,,,,,,,,,,,,,,,,,,,,
20/12/2012,24.75,40.17,1443.69,0.6143,11.189,160.25,7672.1,1.2291,,,,,,,,,,,,,,,,,,,,
21/12/2012,26.275,39.49,1430.15,0.6184,10.7552,161.58,7636.23,1.2263,,,,,,,,,,,,,,,,,,,,
24/12/2012,26.4,39.38,1426.66,0.6203,10.7552,161.58,7636.23,1.2229,,,,,,,,,,,,,,,,,,,,
25/12/2012,26.4,39.38,1426.66,0.6201,10.7552,161.58,7636.23,1.2232,,,,,,,,,,,,,,,,,,,,
26/12/2012,25.665,39.55,1419.83,0.6197,10.7552,161.58,7636.23,1.2204,,,,,,,,,,,,,,,,,,,,
27/12/2012,25.88,39.25,1418.1,0.6211,10.8001,161.5,7655.88,1.2163,,,,,,,,,,,,,,,,,,,,
28/12/2012,25.495,39.01,1402.43,0.6189,10.7253,162.75,7612.39,1.2222,,,,,,,,,,,,,,,,,,,,
31/12/2012,25.8,39.56,1426.19,0.6154,10.7253,162.75,7612.39,1.2317,,,,,,,,,,,,,,,,,,,,
01/01/2013,25.8,39.56,1426.19,0.6155,10.7253,162.75,7612.39,1.2307,,,,,,,,,,,,,,,,,,,,
02/01/2013,25.92,41.25,1462.42,0.6152,11.1591,167.99,7778.78,1.2326,,,,,,,,,,,,,,,,,,,,
03/01/2013,26.185,41.39,1459.37,0.6208,11.1217,167.4,7756.44,1.2343,,,,,,,,,,,,,,,,,,,,
04/01/2013,26.44,42.4298,1466.47,0.6223,11.2937,167.19,7776.37,1.2296,,,,,,,,,,,,,,,,,,,,
07/01/2013,26.48,42.47,1461.89,0.6205,11.7798,164.3,7732.66,1.2286,,,,,,,,,,,,,,,,,,,,
08/01/2013,26.2,42.46,1457.15,0.6228,11.9444,161.6,7695.83,1.2273,,,,,,,,,,,,,,,,,,,,
09/01/2013,26.225,42.04,1461.02,0.6241,12.3333,159.88,7720.47,1.2264,,,,,,,,,,,,,,,,,,,,
10/01/2013,26.275,42.83,1472.12,0.6185,12.8494,160.91,7708.47,1.2182,,,,,,,,,,,,,,,,,,,,
11/01/2013,26.55,42.34,1472.05,0.6198,12.2435,164.6,7715.53,1.209,,,,,,,,,,,,,,,,,,,,
14/01/2013,26.595,42.22,1470.68,0.622,12.438,165.23,7729.52,1.2014,,,,,,,,,,,,,,,,,,,,
15/01/2013,26.82,42.57,1472.34,0.6225,12.5053,164.4,7675.91,1.2074,,,,,,,,,,,,,,,,,,,,
16/01/2013,26.865,42.48,1472.63,0.6247,12.3931,166.25,7691.13,1.2045,,,,,,,,,,,,,,,,,,,,
17/01/2013,26.74,41.24,1480.94,0.6253,12.453,165.25,7735.46,1.1956,,,,,,,,,,,,,,,,,,,,
18/01/2013,26.645,41.66,1485.98,0.6302,12.6325,166.67,7702.23,1.1915,,,,,,,,,,,,,,,,,,,,
21/01/2013,26.645,41.66,1485.98,0.6317,12.7073,167.9,7748.86,1.1891,,,,,,,,,,,,,,,,,,,,
22/01/2013,26.74,41.78,1492.56,0.6313,12.4081,168.5,7696.21,1.1889,,,,,,,,,,,,,,,,,,,,
23/01/2013,26.545,42.02,1494.81,0.6311,12.1688,170.45,7707.54,1.1898,,,,,,,,,,,,,,,,,,,,
24/01/2013,26.93,42.8,1494.82,0.6333,12.3931,170,7748.13,1.1804,,,,,,,,,,,,,,,,,,,,
25/01/2013,27.775,42.91,1502.96,0.6329,12.3333,172.923,7857.97,1.1737,,,,,,,,,,,,,,,,,,,,
28/01/2013,27.25,42.34,1500.18,0.6372,12.4604,174.15,7833,1.1664,,,,,,,,,,,,,,,,,,,,
29/01/2013,26.96,42.16,1507.84,0.6344,12.4231,173.048,7848.57,1.1683,,,,,,,,,,,,,,,,,,,,
30/01/2013,26.805,41.95,1501.96,0.6329,12.2062,172.6,7811.31,1.1646,,,,,,,,,,,,,,,,,,,,
31/01/2013,27.025,42.16,1498.11,0.6306,12.0416,170.4,7776.05,1.1677,,,,,,,,,,,,,,,,,,,,
01/02/2013,26.85,43.02,1513.17,0.6372,12.0715,174.35,7833.39,1.1506,,,,,,,,,,,,,,,,,,,,
04/02/2013,26.83,42.21,1495.71,0.6345,11.2264,168.28,7638.23,1.1663,,,,,,,,,,,,,,,,,,,,
05/02/2013,26.945,42.92,1511.29,0.6386,11.3236,166.19,7664.66,1.1528,,,,,,,,,,,,,,,,,,,,
06/02/2013,27.08,43.05,1512.12,0.6385,11.0543,165.415,7581.18,1.158,,,,,,,,,,,,,,,,,,,,
07/02/2013,27.34,42.87,1509.39,0.6364,10.9721,165.6,7590.85,1.173,,,,,,,,,,,,,,,,,,,,
08/02/2013,27.295,42.68,1517.93,0.6328,11.1366,169.2,7652.14,1.1824,,,,,,,,,,,,,,,,,,,,
11/02/2013,27.61,43.15,1517.01,0.6386,11.3236,168.3,7633.74,1.1681,,,,,,,,,,,,,,,,,,,,
12/02/2013,27.545,44.35,1519.43,0.6385,11.2862,169.35,7660.19,1.1642,,,,,,,,,,,,,,,,,,,,
13/02/2013,27.28,44,1520.33,0.6434,11.1965,170.2,7711.89,1.1554,,,,,,,,,,,,,,,,,,,,
14/02/2013,27.31,44.32,1521.38,0.6454,11.0693,167.91,7631.19,1.1596,,,,,,,,,,,,,,,,,,,,
15/02/2013,27.475,43.84,1519.79,0.6444,11.174,167.2,7593.51,1.1614,,,,,,,,,,,,,,,,,,,,
18/02/2013,27.475,43.84,1519.79,0.6466,11.3535,166.981,7628.73,1.1583,,,,,,,,,,,,,,,,,,,,
19/02/2013,27.235,44.5,1530.94,0.6483,11.2563,169.89,7752.45,1.1522,,,,,,,,,,,,,,,,,,,,
20/02/2013,27.01,43.22,1511.95,0.6564,11.0469,170.55,7728.9,1.1469,,,,,,,,,,,,,,,,,,,,
21/02/2013,27.27,42.35,1502.42,0.6555,10.6654,167,7583.57,1.1565,,,,,,,,,,,,,,,,,,,,
22/02/2013,27.235,42.79,1515.6,0.6595,10.5607,160.6,7661.91,1.1495,,,,,,,,,,,,,,,,,,,,
25/02/2013,27.02,41.15,1487.85,0.6594,10.7477,151.9,7773.19,1.1607,,,,,,,,,,,,,,,,,,,,
26/02/2013,27.135,41.29,1496.94,0.6612,10.6056,153.35,7597.11,1.158,,,,,,,,,,,,,,,,,,,,
27/02/2013,27.17,42.16,1515.99,0.6597,10.6804,157.15,7675.83,1.154,,,,,,,,,,,,,,,,,,,,
28/02/2013,27.23,41.97,1514.68,0.6594,10.6505,157.9,7741.7,1.1613,,,,,,,,,,,,,,,,,,,,
01/03/2013,27.41,42.11,1518.2,0.665,10.4784,155,7708.16,1.1552,,,,,,,,,,,,,,,,,,,,
04/03/2013,27.365,42.94,1525.2,0.6616,10.5009,152.7,7691.68,1.1604,,,,,,,,,,,,,,,,,,,,
05/03/2013,27.45,43.6,1539.79,0.6611,10.5308,157.191,7870.31,1.159,,,,,,,,,,,,,,,,,,,,
06/03/2013,27.65,44.58,1541.46,0.666,10.7477,159.2,7919.33,1.1583,,,,,,,,,,,,,,,,,,,,
07/03/2013,27.61,45,1544.26,0.666,10.628,160.45,7939.77,1.1456,,,,,,,,,,,,,,,,,,,,
08/03/2013,27.345,46.68,1551.18,0.67,10.8075,160,7986.47,1.1477,,,,,,,,,,,,,,,,,,,,
11/03/2013,27.265,47.6,1556.22,0.6705,10.8748,159.8,7984.29,1.1433,,,,,,,,,,,,,,,,,,,,
12/03/2013,26.745,46.95,1552.48,0.671,10.4635,157.54,7966.12,1.1434,,,,,,,,,,,,,,,,,,,,
13/03/2013,27.425,46.97,1554.52,0.6701,9.5211,159.53,7970.91,1.1514,,,,,,,,,,,,,,,,,,,,
14/03/2013,27.345,47.46,1563.23,0.663,9.0424,156.37,8058.37,1.1598,,,,,,,,,,,,,,,,,,,,
15/03/2013,27.39,47.26,1560.7,0.6617,9.0424,152.09,8042.85,1.1559,,,,,,,,,,,,,,,,,,,,
18/03/2013,27.08,46.24,1552.1,0.662,8.9751,151.99,8010.7,1.1659,,,,,,,,,,,,,,,,,,,,
19/03/2013,26.915,45.79,1548.34,0.6623,8.9377,150.35,7947.79,1.1721,,,,,,,,,,,,,,,,,,,,
20/03/2013,27.415,46.09,1558.71,0.6623,9.0349,148.698,8001.97,1.1674,,,,,,,,,,,,,,,,,,,,
21/03/2013,26.8,45.23,1545.8,0.6591,9.0499,147.999,7932.51,1.1761,,,,,,,,,,,,,,,,,,,,
22/03/2013,29.765,45.23,1556.89,0.6566,8.8704,149.652,7911.35,1.1725,,,,,,,,,,,,,,,,,,,,
25/03/2013,29.78,44.49,1551.69,0.659,8.7358,147.898,7870.9,1.1807,,,,,,,,,,,,,,,,,,,,
26/03/2013,29.735,44.83,1563.77,0.6596,8.6685,148.249,7879.67,1.1786,,,,,,,,,,,,,,,,,,,,
27/03/2013,29.225,44.46,1562.85,0.661,8.474,147.89,7789.09,1.1838,,,,,,,,,,,,,,,,,,,,
28/03/2013,29.505,44.24,1569.19,0.6582,8.646,146.602,7795.31,1.1854,,,,,,,,,,,,,,,,,,,,
29/03/2013,29.505,44.24,1569.19,0.658,8.646,146.602,7795.31,1.1856,,,,,,,,,,,,,,,,,,,,
01/04/2013,29.13,43.79,1562.17,0.6566,8.646,146.602,7795.31,1.1852,,,,,,,,,,,,,,,,,,,,
02/04/2013,29.45,44.11,1570.25,0.6621,8.6011,148.45,7943.87,1.1782,,,,,,,,,,,,,,,,,,,,
03/04/2013,29.455,42.5,1553.69,0.661,8.5264,148.7,7874.75,1.1773,,,,,,,,,,,,,,,,,,,,
04/04/2013,29.67,42.77,1559.98,0.6564,8.6086,147.41,7817.39,1.1778,,,,,,,,,,,,,,,,,,,,
05/04/2013,29.485,43.01,1553.28,0.652,8.5264,146.18,7658.75,1.1803,,,,,,,,,,,,,,,,,,,,
08/04/2013,29.975,43.56,1563.07,0.6555,8.4665,147.2,7662.64,1.1726,,,,,,,,,,,,,,,,,,,,
09/04/2013,29.945,43.89,1568.61,0.6526,8.6759,144.5,7637.51,1.1713,,,,,,,,,,,,,,,,,,,,
10/04/2013,30.145,45.06,1587.73,0.6522,8.9527,144.2,7810.63,1.1729,,,,,,,,,,,,,,,,,,,,
11/04/2013,30.6,44.87,1593.37,0.6499,8.9527,145.16,7871.63,1.1743,,,,,,,,,,,,,,,,,,,,
12/04/2013,30.29,44.78,1588.85,0.6517,8.7582,140.6,7744.77,1.1699,,,,,,,,,,,,,,,,,,,,
15/04/2013,29.835,44.87,1552.36,0.6542,8.5937,137.95,7712.63,1.1726,,,,,,,,,,,,,,,,,,,,
16/04/2013,30.25,46.66,1574.57,0.651,8.8106,139.5,7682.58,1.1657,,,,,,,,,,,,,,,,,,,,
17/04/2013,30.45,45.74,1552.01,0.6562,8.6236,135.2,7503.03,1.1692,,,,,,,,,,,,,,,,,,,,
18/04/2013,30.09,45.09,1541.61,0.6545,8.6759,132.1,7473.73,1.1706,,,,,,,,,,,,,,,,,,,,
19/04/2013,30.46,45.03,1555.25,0.6565,8.4665,136.25,7459.96,1.167,,,,,,,,,,,,,,,,,,,,
22/04/2013,30.68,45.15,1562.5,0.6539,8.1449,137.4,7478.11,1.1702,,,,,,,,,,,,,,,,,,,,
23/04/2013,30.84,46.46,1578.78,0.6562,8.0851,140.89,7658.21,1.1722,,,,,,,,,,,,,,,,,,,,
24/04/2013,30.765,47.12,1578.79,0.6549,7.6887,144.95,7759.03,1.173,,,,,,,,,,,,,,,,,,,,
25/04/2013,31.035,47.11,1585.16,0.648,7.8532,147.5,7832.86,1.1862,,,,,,,,,,,,,,,,,,,,
26/04/2013,30.945,46.92,1582.24,0.6463,7.5615,142.5,7814.76,1.1879,,,,,,,,,,,,,,,,,,,,
29/04/2013,31.315,46.82,1593.61,0.6452,7.2601,146.051,7873.5,1.1833,,,,,,,,,,,,,,,,,,,,
30/04/2013,31.8,46.66,1597.57,0.6439,7.6588,147.57,7913.71,1.1795,,,,,,,,,,,,,,,,,,,,
01/05/2013,31.68,45.87,1582.7,0.6429,7.6588,147.57,7913.71,1.1802,,,,,,,,,,,,,,,,,,,,
02/05/2013,31.66,46.54,1597.59,0.6437,7.9953,146.15,7961.71,1.189,,,,,,,,,,,,,,,,,,,,
03/05/2013,32.275,46.97,1614.42,0.6421,8.0739,151.45,8122.29,1.1876,,,,,,,,,,,,,,,,,,,,
06/05/2013,31.98,47.48,1617.5,0.6435,8.0402,151.17,8112.08,1.1884,,,,,,,,,,,,,,,,,,,,
07/05/2013,31.955,48.11,1625.96,0.6459,8.2459,149.24,8181.78,1.1839,,,,,,,,,,,,,,,,,,,,
08/05/2013,31.95,49.29,1632.69,0.6437,7.9819,150.85,8249.71,1.1811,,,,,,,,,,,,,,,,,,,,
09/05/2013,31.87,48.6,1626.67,0.6473,7.8158,150.82,8262.55,1.1845,,,,,,,,,,,,,,,,,,,,
10/05/2013,32.38,48.75,1633.7,0.6511,7.741,150.525,8278.59,1.1823,,,,,,,,,,,,,,,,,,,,
13/05/2013,32.325,48.92,1633.77,0.6537,7.4202,150.35,8279.29,1.1791,,,,,,,,,,,,,,,,,,,,
14/05/2013,32.955,50.09,1650.34,0.6575,7.0612,153.01,8339.11,1.1771,,,,,,,,,,,,,,,,,,,,
15/05/2013,32.915,51.34,1658.78,0.6564,7.78,154.9,8362.42,1.1822,,,,,,,,,,,,,,,,,,,,
16/05/2013,32.22,50.61,1650.47,0.6549,7.456,154.425,8369.87,1.1854,,,,,,,,,,,,,,,,,,,,
17/05/2013,32.66,51.45,1667.47,0.6592,7.79,160.1,8398,1.1814,,,,,,,,,,,,,,,,,,,,
20/05/2013,32.665,51.6,1666.29,0.6555,8.46,167.6,8455.83,1.1841,,,,,,,,,,,,,,,,,,,,
21/05/2013,32.615,51.66,1669.16,0.6599,8.09,165.32,8472.2,1.1741,,,,,,,,,,,,,,,,,,,,
22/05/2013,32.225,51,1655.35,0.6644,8.21,168.25,8530.89,1.1705,,,,,,,,,,,,,,,,,,,,
23/05/2013,31.665,50.53,1650.51,0.6619,7.894,164.15,8351.98,1.168,,,,,,,,,,,,,,,,,,,,
24/05/2013,31.395,50.52,1649.6,0.6612,7.705,164,8305.32,1.1697,,,,,,,,,,,,,,,,,,,,
27/05/2013,31.395,50.52,1649.6,0.6623,8.072,163.5,8383.3,1.1677,,,,,,,,,,,,,,,,,,,,
28/05/2013,31.64,51.79,1660.06,0.6649,7.995,163.1,8480.87,1.1699,,,,,,,,,,,,,,,,,,,,
29/05/2013,31.465,52.28,1648.36,0.6609,8.04,162.5,8336.58,1.1693,,,,,,,,,,,,,,,,,,,,
30/05/2013,31.205,53.27,1654.41,0.6565,8,164.35,8400.2,1.1672,,,,,,,,,,,,,,,,,,,,
31/05/2013,30.83,51.99,1630.74,0.6579,8.039,165.2,8348.84,1.1693,,,,,,,,,,,,,,,,,,,,
03/06/2013,31.515,51.96,1640.42,0.6527,7.773,163,8285.8,1.1716,,,,,,,,,,,,,,,,,,,,
04/06/2013,31.39,51.23,1631.38,0.6531,7.741,161.03,8295.96,1.1706,,,,,,,,,,,,,,,,,,,,
05/06/2013,30.875,50.03,1608.9,0.6491,7.7,160.9,8196.18,1.1766,,,,,,,,,,,,,,,,,,,,
06/06/2013,31.08,50.83,1622.56,0.641,7.565,157.3,8098.81,1.1777,,,,,,,,,,,,,,,,,,,,
07/06/2013,31.375,51.6,1643.38,0.6428,7.675,162,8254.68,1.177,,,,,,,,,,,,,,,,,,,,
10/06/2013,31.52,51.93,1642.81,0.6422,7.585,163.9,8307.69,1.1746,,,,,,,,,,,,,,,,,,,,
11/06/2013,31.075,49.95,1626.13,0.6391,7.48,158.4,8222.46,1.1752,,,,,,,,,,,,,,,,,,,,
12/06/2013,30.705,49.44,1612.52,0.6377,7.497,154.6,8143.27,1.1757,,,,,,,,,,,,,,,,,,,,
13/06/2013,30.88,50.29,1636.36,0.6361,7.531,154,8095.39,1.1753,,,,,,,,,,,,,,,,,,,,
14/06/2013,30.945,49.22,1626.73,0.6367,7.411,154,8127.96,1.1768,,,,,,,,,,,,,,,,,,,,
17/06/2013,30.97,49.36,1639.04,0.6361,7.36,156.5,8215.73,1.1762,,,,,,,,,,,,,,,,,,,,
18/06/2013,31.075,50.01,1651.81,0.6393,7.52,156.05,8229.51,1.168,,,,,,,,,,,,,,,,,,,,
19/06/2013,30.875,49.53,1628.93,0.6458,7.548,154.3,8197.08,1.1647,,,,,,,,,,,,,,,,,,,,
20/06/2013,30.39,47.9,1588.19,0.6448,7.448,148.18,7928.48,1.1732,,,,,,,,,,,,,,,,,,,,
21/06/2013,30.285,46.87,1592.43,0.6486,7.28,145.5,7789.24,1.1749,,,,,,,,,,,,,,,,,,,,
24/06/2013,29.975,45.44,1573.09,0.6479,7.136,142.575,7692.45,1.1764,,,,,,,,,,,,,,,,,,,,
25/06/2013,30.195,47,1588.03,0.6484,7.074,148.5,7811.3,1.1792,,,,,,,,,,,,,,,,,,,,
26/06/2013,30.925,47.61,1603.26,0.653,6.81,148.7,7940.99,1.1769,,,,,,,,,,,,,,,,,,,,
27/06/2013,31.16,48.28,1613.2,0.6553,6.651,150.1,7990.75,1.1704,,,,,,,,,,,,,,,,,,,,
28/06/2013,31.84,47.97,1606.28,0.6574,6.707,149.9,7959.22,1.1693,,,,,,,,,,,,,,,,,,,,
01/07/2013,31.165,48.25,1614.96,0.6571,6.431,151.413,7983.92,1.1648,,,,,,,,,,,,,,,,,,,,
02/07/2013,31.31,48.15,1614.08,0.6598,6.115,150.18,7910.77,1.1678,,,,,,,,,,,,,,,,,,,,
03/07/2013,31.43,47.67,1615.41,0.6544,5.82,148.69,7829.32,1.1749,,,,,,,,,,,,,,,,,,,,
04/07/2013,31.43,47.67,1615.41,0.6635,6.325,154.159,7994.31,1.1671,,,,,,,,,,,,,,,,,,,,
05/07/2013,31.82,48.53,1631.89,0.6719,5.95,151.55,7806,1.1604,,,,,,,,,,,,,,,,,,,,
08/07/2013,31.86,49.52,1640.46,0.6689,5.799,153.7,7968.54,1.1615,,,,,,,,,,,,,,,,,,,,
09/07/2013,31.965,50.21,1652.32,0.6727,6.078,156.357,8057.75,1.1632,,,,,,,,,,,,,,,,,,,,
10/07/2013,31.8,49.63,1652.62,0.6662,5.986,156.25,8066.48,1.1569,,,,,,,,,,,,,,,,,,,,
11/07/2013,31.86,50.04,1675.02,0.6586,6.13,159.3,8158.8,1.1594,,,,,,,,,,,,,,,,,,,,
12/07/2013,31.835,50.81,1680.19,0.6619,5.989,160.798,8212.77,1.1561,,,,,,,,,,,,,,,,,,,,
15/07/2013,31.675,51.81,1682.5,0.6623,6.31,161.5,8234.81,1.156,,,,,,,,,,,,,,,,,,,,
16/07/2013,31.35,51.83,1676.26,0.6596,6.46,160.501,8201.05,1.1518,,,,,,,,,,,,,,,,,,,,
17/07/2013,31.665,51.79,1680.91,0.6573,6.346,162.594,8254.72,1.159,,,,,,,,,,,,,,,,,,,,
18/07/2013,31.66,52.69,1689.37,0.6568,6.426,164.9,8337.09,1.1615,,,,,,,,,,,,,,,,,,,,
19/07/2013,31.675,52.35,1692.09,0.655,6.504,163.997,8331.57,1.1616,,,,,,,,,,,,,,,,,,,,
22/07/2013,31.645,53,1695.53,0.651,6.54,162.65,8331.06,1.1649,,,,,,,,,,,,,,,,,,,,
23/07/2013,31.595,52.88,1692.39,0.6507,6.65,163.64,8314.23,1.1622,,,,,,,,,,,,,,,,,,,,
24/07/2013,31.315,52.19,1685.94,0.653,6.811,165.441,8379.11,1.1601,,,,,,,,,,,,,,,,,,,,
25/07/2013,31.245,52.66,1690.25,0.6498,6.8,167.12,8298.98,1.1592,,,,,,,,,,,,,,,,,,,,
26/07/2013,31.265,52.21,1691.65,0.65,6.66,165.3,8244.91,1.1583,,,,,,,,,,,,,,,,,,,,
29/07/2013,31.355,51.64,1685.33,0.6519,6.561,167.05,8259.03,1.1566,,,,,,,,,,,,,,,,,,,,
30/07/2013,31.425,51.78,1685.96,0.6563,6.44,169.93,8271.02,1.149,,,,,,,,,,,,,,,,,,,,
31/07/2013,31.46,52.14,1685.73,0.6576,6.42,171.47,8275.97,1.1433,,,,,,,,,,,,,,,,,,,,
01/08/2013,32.985,52.86,1706.87,0.6614,6.75,175.106,8410.73,1.1449,,,,,,,,,,,,,,,,,,,,
02/08/2013,33.15,53,1709.67,0.654,6.775,174.204,8406.94,1.1516,,,,,,,,,,,,,,,,,,,,
05/08/2013,33.2,52.87,1707.14,0.6512,6.63,175.99,8398.38,1.1582,,,,,,,,,,,,,,,,,,,,
06/08/2013,33.27,51.48,1697.37,0.6515,6.517,175.1,8299.73,1.1536,,,,,,,,,,,,,,,,,,,,
07/08/2013,32.815,51.5,1690.91,0.6457,6.61,172.98,8260.48,1.1614,,,,,,,,,,,,,,,,,,,,
08/08/2013,33.025,51.78,1697.48,0.6435,7.708,174,8318.32,1.1613,,,,,,,,,,,,,,,,,,,,
09/08/2013,33.155,51.32,1691.42,0.6451,7.861,175.55,8338.31,1.1619,,,,,,,,,,,,,,,,,,,,
12/08/2013,33.255,50.9,1689.47,0.6468,8.076,179.11,8359.25,1.1624,,,,,,,,,,,,,,,,,,,,
13/08/2013,32.905,51.77,1694.16,0.6473,8.026,180.2,8415.76,1.1648,,,,,,,,,,,,,,,,,,,,
14/08/2013,32.175,51.59,1685.39,0.6451,7.99,181.65,8438.12,1.1694,,,,,,,,,,,,,,,,,,,,
15/08/2013,31.745,50.86,1661.32,0.6394,8.057,179.643,8376.29,1.172,,,,,,,,,,,,,,,,,,,,
16/08/2013,31.825,50.35,1655.83,0.6399,8.23,177.97,8391.94,1.1725,,,,,,,,,,,,,,,,,,,,
19/08/2013,32.355,49.33,1646.06,0.639,8.17,177.725,8366.29,1.1735,,,,,,,,,,,,,,,,,,,,
20/08/2013,32.315,49.92,1652.35,0.6383,7.943,175.2,8300.03,1.1678,,,,,,,,,,,,,,,,,,,,
21/08/2013,32.065,49.16,1642.8,0.6386,8.1,175.325,8285.41,1.173,,,,,,,,,,,,,,,,,,,,
22/08/2013,32.43,49.91,1656.96,0.6415,8.639,178.45,8397.89,1.1671,,,,,,,,,,,,,,,,,,,,
23/08/2013,32.105,49.83,1663.5,0.6423,8.834,177.22,8416.99,1.1632,,,,,,,,,,,,,,,,,,,,
26/08/2013,31.96,49.6,1656.78,0.642,8.932,178.1,8435.15,1.1652,,,,,,,,,,,,,,,,,,,,
27/08/2013,31.405,48.24,1630.48,0.6432,8.279,170.97,8242.56,1.1609,,,,,,,,,,,,,,,,,,,,
28/08/2013,31.685,48.31,1634.96,0.6441,8.75,167.739,8157.9,1.1639,,,,,,,,,,,,,,,,,,,,
29/08/2013,31.74,48.47,1638.17,0.645,8.68,170.872,8194.55,1.1709,,,,,,,,,,,,,,,,,,,,
30/08/2013,31.41,48.33,1632.97,0.6451,8.78,167.9,8103.15,1.1726,,,,,,,,,,,,,,,,,,,,
02/09/2013,31.41,48.33,1632.97,0.6433,8.929,172.48,8243.87,1.1783,,,,,,,,,,,,,,,,,,,,
03/09/2013,32.145,49.37,1639.77,0.6428,8.78,166.98,8180.71,1.1812,,,,,,,,,,,,,,,,,,,,
04/09/2013,32.565,49.6,1653.08,0.64,8.757,165.38,8195.92,1.1832,,,,,,,,,,,,,,,,,,,,
05/09/2013,32.69,49.86,1655.08,0.6414,8.63,167.61,8234.98,1.1882,,,,,,,,,,,,,,,,,,,,
06/09/2013,32.49,49.22,1655.17,0.6398,8.755,166.5,8275.67,1.1862,,,,,,,,,,,,,,,,,,,,
09/09/2013,32.7,50.09,1671.71,0.6372,8.843,166.5,8276.32,1.184,,,,,,,,,,,,,,,,,,,,
10/09/2013,33.41,51.09,1683.99,0.6356,9.11,173.99,8446.54,1.1859,,,,,,,,,,,,,,,,,,,,
11/09/2013,33.795,50.73,1689.13,0.6321,9.407,174.82,8495.73,1.1883,,,,,,,,,,,,,,,,,,,,
12/09/2013,34.04,50.26,1683.42,0.6327,9.48,174,8494,1.1884,,,,,,,,,,,,,,,,,,,,
13/09/2013,33.955,50.49,1687.99,0.6299,9.425,175.694,8509.42,1.194,,,,,,,,,,,,,,,,,,,,
16/09/2013,34.095,51,1697.6,0.6291,9.55,176.85,8613,1.1921,,,,,,,,,,,,,,,,,,,,
17/09/2013,34.16,51.2,1704.76,0.6288,9.455,173.45,8596.95,1.1905,,,,,,,,,,,,,,,,,,,,
18/09/2013,34.74,52.21,1725.52,0.6194,9.59,173.76,8636.06,1.194,,,,,,,,,,,,,,,,,,,,
19/09/2013,34.75,51.95,1722.34,0.6238,9.562,171.8,8694.18,1.185,,,,,,,,,,,,,,,,,,,,
20/09/2013,34.685,51.21,1709.91,0.6247,9.501,168.35,8675.73,1.1834,,,,,,,,,,,,,,,,,,,,
23/09/2013,34.49,49.57,1701.84,0.6234,9.532,167.4,8635.29,1.1889,,,,,,,,,,,,,,,,,,,,
24/09/2013,34.715,48.96,1697.42,0.6248,9.362,171.25,8664.6,1.1878,,,,,,,,,,,,,,,,,,,,
25/09/2013,34.46,49.26,1692.77,0.6218,8.775,171.474,8665.63,1.1888,,,,,,,,,,,,,,,,,,,,
26/09/2013,35.17,48.93,1698.67,0.6234,8.891,170.65,8664.1,1.1893,,,,,,,,,,,,,,,,,,,,
27/09/2013,36.82,48.89,1691.75,0.6196,8.692,169.9,8661.51,1.1935,,,,,,,,,,,,,,,,,,,,
30/09/2013,36.32,48.51,1681.55,0.6178,8.49,167.79,8594.4,1.1964,,,,,,,,,,,,,,,,,,,,
01/10/2013,36.21,48.6,1695,0.6174,8.8,169,8689.14,1.1973,,,,,,,,,,,,,,,,,,,,
02/10/2013,35.945,48.71,1693.87,0.6164,8.91,166.75,8629.42,1.1948,,,,,,,,,,,,,,,,,,,,
03/10/2013,35.82,48.4,1678.66,0.619,8.734,163.57,8597.91,1.1863,,,,,,,,,,,,,,,,,,,,
04/10/2013,36.07,49.14,1690.5,0.6245,9.101,164.3,8622.97,1.1809,,,,,,,,,,,,,,,,,,,,
07/10/2013,35.67,48.18,1676.12,0.6213,8.89,165.2,8591.58,1.1853,,,,,,,,,,,,,,,,,,,,
08/10/2013,35.14,47.67,1655.45,0.6218,8.72,162.5,8555.89,1.185,,,,,,,,,,,,,,,,,,,,
09/10/2013,35.445,47.95,1656.4,0.6267,8.845,164,8516.69,1.1796,,,,,,,,,,,,,,,,,,,,
10/10/2013,36.72,49.27,1692.56,0.6263,9.411,168,8685.77,1.181,,,,,,,,,,,,,,,,,,,,
11/10/2013,36.73,49.22,1703.2,0.6268,9.267,168.3,8724.83,1.1779,,,,,,,,,,,,,,,,,,,,
14/10/2013,37.03,49.6,1710.14,0.6257,9.236,169.64,8723.81,1.1785,,,,,,,,,,,,,,,,,,,,
15/10/2013,36.855,48.86,1698.06,0.6251,9.4,168.01,8804.44,1.1829,,,,,,,,,,,,,,,,,,,,
16/10/2013,37.26,50.84,1721.54,0.6269,9.765,171.48,8846,1.1783,,,,,,,,,,,,,,,,,,,,
17/10/2013,37.27,51.12,1733.15,0.6186,9.71,173.79,8811.98,1.182,,,,,,,,,,,,,,,,,,,,
18/10/2013,37.965,51.15,1744.5,0.6185,9.835,171,8865.1,1.1812,,,,,,,,,,,,,,,,,,,,
21/10/2013,38.045,51.03,1744.66,0.6193,9.8,171.7,8867.22,1.1803,,,,,,,,,,,,,,,,,,,,
22/10/2013,37.98,50.76,1754.67,0.6159,9.72,172.91,8947.46,1.1781,,,,,,,,,,,,,,,,,,,,
23/10/2013,37.78,50.19,1746.38,0.6187,9.35,170.6,8919.86,1.1733,,,,,,,,,,,,,,,,,,,,
24/10/2013,37.755,50.15,1752.07,0.6172,9.73,172.5,8980.63,1.1739,,,,,,,,,,,,,,,,,,,,
25/10/2013,37.85,50.06,1759.77,0.6185,9.52,170.1,8985.74,1.1711,,,,,,,,,,,,,,,,,,,,
28/10/2013,37.755,50.15,1762.11,0.6195,9.42,168.7,8978.65,1.171,,,,,,,,,,,,,,,,,,,,
29/10/2013,37.955,50.22,1771.95,0.6232,9.561,167.3,9022.04,1.1674,,,,,,,,,,,,,,,,,,,,
30/10/2013,38.065,49.89,1763.31,0.6235,9.621,176.5,9010.27,1.1674,,,,,,,,,,,,,,,,,,,,
31/10/2013,37.88,48.78,1756.54,0.6235,9.47,179.6,9033.92,1.1808,,,,,,,,,,,,,,,,,,,,
01/11/2013,38.03,48.74,1761.64,0.6279,9.47,181,9007.83,1.1809,,,,,,,,,,,,,,,,,,,,
04/11/2013,38.185,48.63,1767.93,0.6262,9.427,183.3,9037.23,1.1816,,,,,,,,,,,,,,,,,,,,
05/11/2013,38.6,48.38,1762.97,0.6232,9.29,181.5,9009.11,1.1908,,,,,,,,,,,,,,,,,,,,
06/11/2013,38.38,48.62,1770.49,0.6219,9.365,183.15,9040.87,1.19,,,,,,,,,,,,,,,,,,,,
07/11/2013,37.85,48.35,1747.15,0.6213,10.175,184,9081.03,1.1996,,,,,,,,,,,,,,,,,,,,
08/11/2013,38.56,49.94,1770.61,0.6243,10.46,183.52,9078.28,1.1983,,,,,,,,,,,,,,,,,,,,
11/11/2013,38.58,50.17,1771.89,0.6254,10.34,183.5,9107.86,1.1927,,,,,,,,,,,,,,,,,,,,
12/11/2013,38.435,49.52,1767.69,0.6288,10.27,182.05,9076.48,1.1838,,,,,,,,,,,,,,,,,,,,
13/11/2013,38.925,49.99,1782,0.6228,10.155,182.3,9054.83,1.1906,,,,,,,,,,,,,,,,,,,,
14/11/2013,39.32,50.21,1790.62,0.6224,9.966,183.78,9149.66,1.1936,,,,,,,,,,,,,,,,,,,,
15/11/2013,39.61,50.4,1798.18,0.6205,9.99,185.15,9168.69,1.1943,,,,,,,,,,,,,,,,,,,,
18/11/2013,39.29,50.79,1791.53,0.6208,10.13,187.05,9225.43,1.1928,,,,,,,,,,,,,,,,,,,,
19/11/2013,38.905,51.17,1787.87,0.6203,10.005,187.205,9193.29,1.1907,,,,,,,,,,,,,,,,,,,,
20/11/2013,38.92,50.77,1781.37,0.6209,9.86,187.18,9202.07,1.1984,,,,,,,,,,,,,,,,,,,,
21/11/2013,39.045,51.73,1795.85,0.6173,10.295,187.8,9196.08,1.2015,,,,,,,,,,,,,,,,,,,,
22/11/2013,39.435,52.41,1804.76,0.6163,10.255,187.8,9219.04,1.1969,,,,,,,,,,,,,,,,,,,,
25/11/2013,39.565,53.29,1802.48,0.619,10.33,188.43,9299.95,1.1952,,,,,,,,,,,,,,,,,,,,
26/11/2013,39.8,53.01,1802.75,0.6167,10.42,187.5,9290.07,1.1947,,,,,,,,,,,,,,,,,,,,
27/11/2013,39.665,53.05,1807.23,0.614,10.66,189.95,9351.13,1.1995,,,,,,,,,,,,,,,,,,,,
28/11/2013,39.665,53.05,1807.23,0.6118,10.755,189.95,9387.37,1.2012,,,,,,,,,,,,,,,,,,,,
29/11/2013,39.57,52.92,1805.81,0.611,10.95,191.15,9405.3,1.2044,,,,,,,,,,,,,,,,,,,,
02/12/2013,39.545,52.62,1800.9,0.6114,10.88,192.15,9401.96,1.2079,,,,,,,,,,,,,,,,,,,,
03/12/2013,39.565,52.13,1795.15,0.6101,10.38,186.3,9223.4,1.2061,,,,,,,,,,,,,,,,,,,,
04/12/2013,39.41,52.04,1792.81,0.6104,10.54,186.9,9140.63,1.2053,,,,,,,,,,,,,,,,,,,,
05/12/2013,39.475,51.06,1785.03,0.6122,10.35,184.01,9084.95,1.1952,,,,,,,,,,,,,,,,,,,,
06/12/2013,39.93,51.49,1805.09,0.6116,10.471,186.15,9172.41,1.1929,,,,,,,,,,,,,,,,,,,,
09/12/2013,39.89,52.11,1808.37,0.6087,10.675,186.35,9195.17,1.1958,,,,,,,,,,,,,,,,,,,,
10/12/2013,39.61,51.74,1802.62,0.6081,11,185.05,9114.44,1.1951,,,,,,,,,,,,,,,,,,,,
11/12/2013,38.42,50.71,1782.22,0.6107,10.975,184.14,9077.11,1.1878,,,,,,,,,,,,,,,,,,,,
12/12/2013,38.115,50.91,1775.5,0.6116,10.76,182.05,9017,1.1888,,,,,,,,,,,,,,,,,,,,
13/12/2013,38.2,50.97,1775.32,0.6136,10.692,182.5,9006.46,1.186,,,,,,,,,,,,,,,,,,,,
16/12/2013,38.22,50.9,1786.54,0.6136,11.095,186.15,9163.56,1.1844,,,,,,,,,,,,,,,,,,,,
17/12/2013,38.38,50.69,1781,0.6149,11.09,185.4,9085.12,1.1813,,,,,,,,,,,,,,,,,,,,
18/12/2013,39.275,51.96,1810.65,0.6101,11.27,188.4,9181.75,1.1978,,,,,,,,,,,,,,,,,,,,
19/12/2013,39.13,51.88,1809.6,0.6109,11.325,189.76,9335.74,1.1983,,,,,,,,,,,,,,,,,,,,
20/12/2013,38.67,52.21,1818.32,0.6122,11.32,190.55,9400.18,1.1947,,,,,,,,,,,,,,,,,,,,
23/12/2013,38.555,52.41,1827.99,0.6114,11.38,191.82,9488.82,1.1942,,,,,,,,,,,,,,,,,,,,
24/12/2013,38.83,52.43,1833.32,0.6109,11.38,191.82,9488.82,1.1967,,,,,,,,,,,,,,,,,,,,
25/12/2013,38.83,52.43,1833.32,0.6116,11.38,191.82,9488.82,1.1953,,,,,,,,,,,,,,,,,,,,
26/12/2013,39.095,52.35,1842.02,0.6093,11.38,191.82,9488.82,1.1986,,,,,,,,,,,,,,,,,,,,
27/12/2013,39.08,52.26,1841.4,0.6067,11.67,196.3,9589.39,1.1989,,,,,,,,,,,,,,,,,,,,
30/12/2013,39.37,51.92,1841.07,0.606,11.71,196.9,9552.16,1.1955,,,,,,,,,,,,,,,,,,,,
31/12/2013,39.32,52.11,1848.36,0.604,11.71,196.9,9552.16,1.2041,,,,,,,,,,,,,,,,,,,,
01/01/2014,39.32,52.11,1848.36,0.6036,11.71,196.9,9552.16,1.2038,,,,,,,,,,,,,,,,,,,,
02/01/2014,39.12,52.27,1831.98,0.6078,11.46,193.51,9400.04,1.2034,,,,,,,,,,,,,,,,,,,,
03/01/2014,39.015,53.4,1831.37,0.6092,11.35,193.022,9435.15,1.2087,,,,,,,,,,,,,,,,,,,,
06/01/2014,38.715,53.81,1826.77,0.6096,11.74,193,9428,1.2038,,,,,,,,,,,,,,,,,,,,
07/01/2014,38.745,54.18,1837.88,0.6097,12.4,193.9,9506.2,1.2047,,,,,,,,,,,,,,,,,,,,
08/01/2014,38.545,54.81,1837.49,0.608,12.88,193.05,9497.84,1.2116,,,,,,,,,,,,,,,,,,,,
09/01/2014,38.545,55.2,1838.13,0.6068,13.03,193.275,9421.61,1.2111,,,,,,,,,,,,,,,,,,,,
10/01/2014,38.46,54.72,1842.37,0.6067,13.03,195,9473.24,1.2058,,,,,,,,,,,,,,,,,,,,
13/01/2014,37.59,53.72,1819.2,0.6104,13.52,194.19,9510.17,1.1984,,,,,,,,,,,,,,,,,,,,
14/01/2014,37.585,53.95,1838.88,0.6083,13.45,192,9540.51,1.2018,,,,,,,,,,,,,,,,,,,,
15/01/2014,37.715,54.99,1848.38,0.6109,13.79,195.3,9733.81,1.2033,,,,,,,,,,,,,,,,,,,,
16/01/2014,37.395,52.6,1845.89,0.6115,13.56,196.25,9717.71,1.2008,,,,,,,,,,,,,,,,,,,,
17/01/2014,36.695,52.27,1838.7,0.6088,13.45,197.163,9742.96,1.2129,,,,,,,,,,,,,,,,,,,,
20/01/2014,36.695,52.27,1838.7,0.6087,13,196.45,9715.9,1.2122,,,,,,,,,,,,,,,,,,,,
21/01/2014,36.875,51.85,1843.8,0.6069,13.18,197,9730.12,1.215,,,,,,,,,,,,,,,,,,,,
22/01/2014,36.75,51.9,1844.86,0.6033,13.045,196.1,9720.11,1.2235,,,,,,,,,,,,,,,,,,,,
23/01/2014,36.365,50.72,1828.46,0.601,13.25,192,9631.04,1.2148,,,,,,,,,,,,,,,,,,,,
24/01/2014,35.825,49.33,1790.29,0.6067,12.87,185.25,9392.02,1.205,,,,,,,,,,,,,,,,,,,,
27/01/2014,35.95,48.81,1781.56,0.603,12.8,183.95,9349.22,1.213,,,,,,,,,,,,,,,,,,,,
28/01/2014,36.355,49.6,1792.5,0.6031,13.1,187.4,9406.91,1.2128,,,,,,,,,,,,,,,,,,,,
29/01/2014,35.885,48.08,1774.2,0.6037,13.135,183.8,9336.73,1.2122,,,,,,,,,,,,,,,,,,,,
30/01/2014,36.97,48.3,1794.19,0.6066,13,183,9373.48,1.2162,,,,,,,,,,,,,,,,,,,,
31/01/2014,36.425,47.43,1782.59,0.6083,12.65,180.5,9306.48,1.219,,,,,,,,,,,,,,,,,,,,
03/02/2014,35.44,46.34,1741.89,0.6133,11.93,176.75,9186.52,1.2055,,,,,,,,,,,,,,,,,,,,
04/02/2014,35.255,46.78,1755.2,0.6125,12.595,175.9,9127.91,1.2076,,,,,,,,,,,,,,,,,,,,
05/02/2014,35.3,47.06,1751.64,0.6131,12.665,178.24,9116.32,1.2051,,,,,,,,,,,,,,,,,,,,
06/02/2014,35.755,48.25,1773.43,0.6127,12.99,181.075,9256.58,1.201,,,,,,,,,,,,,,,,,,,,
07/02/2014,36.345,49.34,1797.02,0.6093,12.97,182.64,9301.92,1.2036,,,,,,,,,,,,,,,,,,,,
10/02/2014,36.335,49.32,1799.84,0.6096,12.985,183.995,9289.86,1.2019,,,,,,,,,,,,,,,,,,,,
11/02/2014,36.99,49.66,1819.75,0.6079,13.18,188.35,9478.77,1.2062,,,,,,,,,,,,,,,,,,,,
12/02/2014,37.055,49.96,1819.26,0.6026,13.48,191.35,9540,1.2208,,,,,,,,,,,,,,,,,,,,
13/02/2014,37.435,49.86,1829.83,0.6003,13.59,192.687,9596.77,1.2177,,,,,,,,,,,,,,,,,,,,
14/02/2014,37.535,49.52,1838.63,0.5971,13.28,195.5,9662.4,1.2231,,,,,,,,,,,,,,,,,,,,
17/02/2014,37.535,49.52,1838.63,0.5983,13.32,195.52,9656.76,1.2194,,,,,,,,,,,,,,,,,,,,
18/02/2014,37.605,49.38,1840.76,0.5994,13.135,195.25,9659.78,1.2125,,,,,,,,,,,,,,,,,,,,
19/02/2014,37.41,48.19,1828.75,0.5995,12.75,194.369,9660.05,1.2145,,,,,,,,,,,,,,,,,,,,
20/02/2014,37.79,48.13,1839.78,0.6006,13.02,192.654,9618.85,1.2138,,,,,,,,,,,,,,,,,,,,
21/02/2014,38.24,48.26,1836.25,0.6018,12.9,187.7,9656.95,1.2099,,,,,,,,,,,,,,,,,,,,
24/02/2014,38.92,48.98,1847.61,0.6004,13.06,186.25,9708.94,1.2127,,,,,,,,,,,,,,,,,,,,
25/02/2014,39.055,48.4,1845.12,0.5995,12.95,186.96,9699.35,1.2136,,,,,,,,,,,,,,,,,,,,
26/02/2014,39.21,48.32,1845.16,0.5998,13.03,185.71,9661.73,1.2178,,,,,,,,,,,,,,,,,,,,
27/02/2014,39.01,48.69,1854.29,0.5993,13.01,184.09,9588.33,1.2171,,,,,,,,,,,,,,,,,,,,
28/02/2014,39.15,48.63,1859.45,0.5972,13.02,184.55,9692.08,1.2131,,,,,,,,,,,,,,,,,,,,
03/03/2014,38.695,47.61,1845.73,0.6,12.23,180,9358.89,1.2134,,,,,,,,,,,,,,,,,,,,
04/03/2014,39.31,48.83,1873.91,0.6001,12.92,183,9589.15,1.2126,,,,,,,,,,,,,,,,,,,,
05/03/2014,38.71,49.42,1873.81,0.598,13.19,182,9542.02,1.2176,,,,,,,,,,,,,,,,,,,,
06/03/2014,39.11,49.71,1877.03,0.5974,13.055,182.19,9542.87,1.2077,,,,,,,,,,,,,,,,,,,,
07/03/2014,39.73,49.62,1878.04,0.5983,12.78,180,9350.75,1.2045,,,,,,,,,,,,,,,,,,,,
10/03/2014,39.49,49.57,1877.17,0.6008,12.61,174.71,9265.5,1.1996,,,,,,,,,,,,,,,,,,,,
11/03/2014,39.4,48.43,1867.63,0.6018,12.47,177.61,9307.79,1.1989,,,,,,,,,,,,,,,,,,,,
12/03/2014,39.485,47.98,1868.2,0.6018,12.35,176.1,9188.69,1.1954,,,,,,,,,,,,,,,,,,,,
13/03/2014,39.265,47.33,1846.34,0.6015,12.2,175.17,9017.79,1.1987,,,,,,,,,,,,,,,,,,,,
14/03/2014,39.16,46.88,1841.13,0.6007,12.05,173.89,9056.41,1.1968,,,,,,,,,,,,,,,,,,,,
17/03/2014,39.49,47.73,1858.83,0.6011,12.36,175.77,9180.89,1.195,,,,,,,,,,,,,,,,,,,,
18/03/2014,39.82,48.14,1872.25,0.6027,12.78,175.62,9242.55,1.1908,,,,,,,,,,,,,,,,,,,,
19/03/2014,39.575,48.94,1860.77,0.6046,12.8,177.12,9277.05,1.1953,,,,,,,,,,,,,,,,,,,,
20/03/2014,39.635,50.22,1872.01,0.6059,12.985,176.61,9296.12,1.1978,,,,,,,,,,,,,,,,,,,,
21/03/2014,37.605,50.08,1866.52,0.6066,13.23,174.03,9342.94,1.1952,,,,,,,,,,,,,,,,,,,,
24/03/2014,37.43,50.05,1857.44,0.6061,12.995,172,9188.77,1.1921,,,,,,,,,,,,,,,,,,,,
25/03/2014,36.825,50.3,1865.62,0.605,12.9,175.79,9338.4,1.1954,,,,,,,,,,,,,,,,,,,,
26/03/2014,36.61,50.16,1852.56,0.6031,12.97,178.01,9448.58,1.2033,,,,,,,,,,,,,,,,,,,,
27/03/2014,36.66,47.45,1849.04,0.602,12.96,178.98,9451.21,1.2089,,,,,,,,,,,,,,,,,,,,
28/03/2014,36.77,47.25,1857.62,0.601,13.09,184.04,9587.19,1.2099,,,,,,,,,,,,,,,,,,,,
31/03/2014,36.93,47.6,1872.34,0.6001,13.35,184.01,9555.91,1.2099,,,,,,,,,,,,,,,,,,,,
01/04/2014,37.195,47.8,1885.52,0.6013,13.81,184.75,9603.71,1.2057,,,,,,,,,,,,,,,,,,,,
02/04/2014,37.27,48.24,1890.9,0.6015,14.045,184.85,9623.36,1.2077,,,,,,,,,,,,,,,,,,,,
03/04/2014,36.995,47.68,1888.77,0.6025,14.1,184.32,9628.82,1.2098,,,,,,,,,,,,,,,,,,,,
04/04/2014,36.42,47.11,1865.09,0.6033,14.34,186.75,9695.77,1.2096,,,,,,,,,,,,,,,,,,,,
07/04/2014,35.415,46.55,1845.04,0.6021,14.16,184.1,9510.85,1.2087,,,,,,,,,,,,,,,,,,,,
08/04/2014,36.46,46.6,1851.96,0.5971,13.81,185.077,9490.79,1.2136,,,,,,,,,,,,,,,,,,,,
09/04/2014,36.78,47.16,1872.18,0.5955,14.06,192.55,9506.35,1.2121,,,,,,,,,,,,,,,,,,,,
10/04/2014,36.225,46.23,1833.08,0.5958,13.42,190.55,9454.54,1.2088,,,,,,,,,,,,,,,,,,,,
11/04/2014,35.625,45.68,1815.69,0.5977,13.195,189.5,9315.29,1.2051,,,,,,,,,,,,,,,,,,,,
14/04/2014,36.19,47.67,1830.61,0.5978,12.98,187.78,9339.17,1.2105,,,,,,,,,,,,,,,,,,,,
15/04/2014,36.14,48.31,1842.98,0.5977,12.5,184.25,9173.71,1.2111,,,,,,,,,,,,,,,,,,,,
16/04/2014,36.55,48.18,1862.31,0.5954,12.83,190.01,9317.82,1.2158,,,,,,,,,,,,,,,,,,,,
17/04/2014,37.015,48.22,1864.85,0.5954,13.17,191.72,9409.71,1.2158,,,,,,,,,,,,,,,,,,,,
18/04/2014,37.015,48.22,1864.85,0.5955,13.17,191.72,9409.71,1.2154,,,,,,,,,,,,,,,,,,,,
21/04/2014,36.95,47.84,1871.89,0.5955,13.17,191.72,9409.71,1.2174,,,,,,,,,,,,,,,,,,,,
22/04/2014,37.175,48.02,1879.55,0.5944,13.25,194.6,9600.09,1.2187,,,,,,,,,,,,,,,,,,,,
23/04/2014,37.05,48.4,1875.39,0.5959,13.3,192.41,9544.19,1.2146,,,,,,,,,,,,,,,,,,,,
24/04/2014,36.695,48.33,1878.61,0.5951,12.96,191.67,9548.68,1.2148,,,,,,,,,,,,,,,,,,,,
25/04/2014,36.35,47.75,1863.4,0.5951,12.7,188.58,9401.55,1.2146,,,,,,,,,,,,,,,,,,,,
28/04/2014,35.835,47.3,1869.43,0.595,12.78,190.85,9446.36,1.2134,,,,,,,,,,,,,,,,,,,,
29/04/2014,36.24,48.16,1878.33,0.5943,13.105,189.79,9584.12,1.2183,,,,,,,,,,,,,,,,,,,,
30/04/2014,36.475,47.91,1883.95,0.5927,12.82,191.23,9603.23,1.2166,,,,,,,,,,,,,,,,,,,,
01/05/2014,36.46,47.76,1883.68,0.592,12.82,191.23,9603.23,1.218,,,,,,,,,,,,,,,,,,,,
02/05/2014,36.495,47.73,1881.14,0.5927,12.8,188.35,9556.02,1.2163,,,,,,,,,,,,,,,,,,,,
05/05/2014,36.645,47.18,1884.66,0.5929,12.78,188.09,9529.5,1.2155,,,,,,,,,,,,,,,,,,,,
06/05/2014,36.125,46.36,1867.72,0.5891,12.7,185.67,9467.53,1.2188,,,,,,,,,,,,,,,,,,,,
07/05/2014,36.09,46.7,1878.21,0.5899,12.28,184.26,9521.3,1.2187,,,,,,,,,,,,,,,,,,,,
08/05/2014,36.525,47.14,1875.63,0.5906,12.02,187.81,9607.4,1.2235,,,,,,,,,,,,,,,,,,,,
09/05/2014,36.725,46.99,1878.48,0.5934,11.7,188.85,9581.45,1.2247,,,,,,,,,,,,,,,,,,,,
12/05/2014,37.315,47.27,1896.65,0.5928,11.72,189.3,9702.46,1.2262,,,,,,,,,,,,,,,,,,,,
13/05/2014,37.295,47.42,1897.45,0.5943,11.81,186.94,9754.43,1.2278,,,,,,,,,,,,,,,,,,,,
14/05/2014,36.79,47.12,1888.53,0.5964,11.67,184.83,9754.39,1.2226,,,,,,,,,,,,,,,,,,,,
15/05/2014,36.47,46.52,1870.85,0.5956,11.24,183.91,9656.05,1.2247,,,,,,,,,,,,,,,,,,,,
16/05/2014,36.97,46.44,1877.86,0.5947,11.23,185.76,9629.1,1.2278,,,,,,,,,,,,,,,,,,,,
19/05/2014,37.245,46.77,1885.08,0.5947,10.95,186.93,9659.39,1.2266,,,,,,,,,,,,,,,,,,,,
20/05/2014,36.63,46.55,1872.83,0.5939,11.09,187.51,9639.08,1.2289,,,,,,,,,,,,,,,,,,,,
21/05/2014,37.105,46.85,1888.03,0.5917,11.415,189.1,9697.87,1.2347,,,,,,,,,,,,,,,,,,,,
22/05/2014,37.44,47.14,1892.49,0.5927,11.41,189.22,9720.91,1.2354,,,,,,,,,,,,,,,,,,,,
23/05/2014,37.925,47.29,1900.53,0.594,11.44,191.43,9768.01,1.2348,,,,,,,,,,,,,,,,,,,,
26/05/2014,37.925,47.29,1900.53,0.5937,11.82,193.72,9892.82,1.2342,,,,,,,,,,,,,,,,,,,,
27/05/2014,38.305,47.57,1911.91,0.5949,11.94,192.92,9940.82,1.2329,,,,,,,,,,,,,,,,,,,,
28/05/2014,38.135,47.32,1909.78,0.5984,11.96,192.96,9939.17,1.2296,,,,,,,,,,,,,,,,,,,,
29/05/2014,38.19,47.28,1920.03,0.5982,11.73,193.74,9938.9,1.229,,,,,,,,,,,,,,,,,,,,
30/05/2014,38.455,47.57,1923.57,0.5967,11.62,192.56,9943.27,1.2289,,,,,,,,,,,,,,,,,,,,
02/06/2014,38.36,47.76,1924.97,0.5972,11.69,194.45,9950.12,1.2316,,,,,,,,,,,,,,,,,,,,
03/06/2014,37.775,48.19,1924.24,0.5971,11.34,193.53,9919.74,1.2291,,,,,,,,,,,,,,,,,,,,
04/06/2014,38.065,47.88,1927.88,0.5975,11.46,189.103,9926.67,1.2308,,,,,,,,,,,,,,,,,,,,
05/06/2014,37.935,48.63,1940.46,0.5945,11.81,193.03,9947.83,1.2313,,,,,,,,,,,,,,,,,,,,
06/06/2014,38.115,48.93,1949.44,0.5952,12.375,193.69,9987.19,1.2317,,,,,,,,,,,,,,,,,,,,
09/06/2014,38.335,49.58,1951.27,0.5951,12.49,193.65,10008.63,1.2361,,,,,,,,,,,,,,,,,,,,
10/06/2014,38.155,49.33,1950.79,0.5968,12.51,192.72,10028.8,1.2368,,,,,,,,,,,,,,,,,,,,
11/06/2014,37.57,48.81,1943.89,0.5957,12.38,192.85,9949.81,1.2407,,,,,,,,,,,,,,,,,,,,
12/06/2014,37.385,48.27,1930.11,0.5907,12.41,193.94,9938.7,1.2488,,,,,,,,,,,,,,,,,,,,
13/06/2014,37.31,47.59,1936.16,0.5895,12.44,192.81,9912.87,1.2529,,,,,,,,,,,,,,,,,,,,
16/06/2014,37.275,47.64,1937.78,0.5888,12.415,191.51,9883.98,1.2512,,,,,,,,,,,,,,,,,,,,
17/06/2014,37.545,47.79,1941.99,0.5895,12.45,192.81,9920.32,1.2522,,,,,,,,,,,,,,,,,,,,
18/06/2014,38.105,47.93,1956.98,0.5884,12.41,193.07,9930.33,1.2499,,,,,,,,,,,,,,,,,,,,
19/06/2014,37.82,47.56,1959.48,0.5869,12.41,194.29,10004,1.2521,,,,,,,,,,,,,,,,,,,,
20/06/2014,37.55,47.34,1962.87,0.5878,12,193.95,9987.24,1.2509,,,,,,,,,,,,,,,,,,,,
23/06/2014,37.725,48.06,1962.61,0.5873,11.72,192.44,9920.92,1.2516,,,,,,,,,,,,,,,,,,,,
24/06/2014,37.49,47.81,1949.98,0.5887,11.55,191.36,9938.08,1.2483,,,,,,,,,,,,,,,,,,,,
25/06/2014,38.235,47.82,1959.53,0.5888,11.85,190.55,9867.75,1.2462,,,,,,,,,,,,,,,,,,,,
26/06/2014,38.43,47.23,1957.22,0.5873,11.59,188.83,9804.9,1.2509,,,,,,,,,,,,,,,,,,,,
27/06/2014,38.84,47.14,1960.96,0.587,11.66,188.84,9815.17,1.2477,,,,,,,,,,,,,,,,,,,,
30/06/2014,38.775,47.1,1960.23,0.5846,11.48,188.27,9833.07,1.2493,,,,,,,,,,,,,,,,,,,,
01/07/2014,39,47.46,1973.32,0.5831,11.57,189.81,9902.41,1.2537,,,,,,,,,,,,,,,,,,,,
02/07/2014,38.895,48.01,1974.62,0.5826,11.61,192.44,9911.27,1.2567,,,,,,,,,,,,,,,,,,,,
03/07/2014,39.225,48.24,1985.44,0.5829,11.81,191.74,10029.43,1.2605,,,,,,,,,,,,,,,,,,,,
04/07/2014,39.225,48.24,1985.44,0.5828,11.62,191.149,10009.08,1.2623,,,,,,,,,,,,,,,,,,,,
07/07/2014,39.325,47.98,1977.65,0.5838,11.46,187.7,9906.07,1.259,,,,,,,,,,,,,,,,,,,,
08/07/2014,38.835,47.42,1963.71,0.5837,10.89,185.03,9772.67,1.2585,,,,,,,,,,,,,,,,,,,,
09/07/2014,39.345,47.38,1972.83,0.5828,11.05,183.58,9808.2,1.2577,,,,,,,,,,,,,,,,,,,,
10/07/2014,38.75,46.9,1964.68,0.5837,10.82,183.65,9659.13,1.2589,,,,,,,,,,,,,,,,,,,,
11/07/2014,38.645,47,1967.57,0.5844,10.8,184.07,9666.34,1.2584,,,,,,,,,,,,,,,,,,,,
14/07/2014,38.975,48.42,1977.1,0.5853,10.99,185.75,9783.01,1.2544,,,,,,,,,,,,,,,,,,,,
15/07/2014,39.015,49.29,1973.28,0.5833,10.78,185.86,9719.41,1.2635,,,,,,,,,,,,,,,,,,,,
16/07/2014,38.46,49.82,1981.57,0.5835,10.95,188.37,9859.27,1.267,,,,,,,,,,,,,,,,,,,,
17/07/2014,38.265,49.18,1958.12,0.5847,10.89,184.03,9753.88,1.2643,,,,,,,,,,,,,,,,,,,,
18/07/2014,38.76,49.56,1978.22,0.5852,10.94,184,9720.02,1.2634,,,,,,,,,,,,,,,,,,,,
21/07/2014,38.41,49.35,1973.63,0.5857,10.76,180,9612.05,1.2627,,,,,,,,,,,,,,,,,,,,
22/07/2014,38.52,49.6,1983.53,0.586,10.72,181.19,9734.33,1.2673,,,,,,,,,,,,,,,,,,,,
23/07/2014,38.685,50.18,1987.01,0.5867,10.9,181.62,9753.56,1.2659,,,,,,,,,,,,,,,,,,,,
24/07/2014,39.3,50.09,1987.98,0.5887,11.14,180.98,9794.06,1.2616,,,,,,,,,,,,,,,,,,,,
25/07/2014,38.86,50.03,1978.34,0.5891,11.25,178.69,9644.01,1.264,,,,,,,,,,,,,,,,,,,,
28/07/2014,39.2,49.7,1978.91,0.5888,11.22,174.56,9598.17,1.2637,,,,,,,,,,,,,,,,,,,,
29/07/2014,39.05,49.42,1969.95,0.5902,11.125,176.8,9653.63,1.2637,,,,,,,,,,,,,,,,,,,,
30/07/2014,39.805,50,1970.07,0.5913,11.14,173.46,9593.68,1.2625,,,,,,,,,,,,,,,,,,,,
31/07/2014,38.565,48.91,1930.67,0.5922,10.775,172.33,9407.48,1.261,,,,,,,,,,,,,,,,,,,,
01/08/2014,38.39,48.1,1925.15,0.5945,10.52,170.079,9210.08,1.2527,,,,,,,,,,,,,,,,,,,,
04/08/2014,38.58,48.34,1938.99,0.593,10.69,172.68,9154.14,1.2564,,,,,,,,,,,,,,,,,,,,
05/08/2014,38.46,47.89,1920.21,0.5922,10.36,167.45,9189.74,1.2623,,,,,,,,,,,,,,,,,,,,
06/08/2014,38.57,48.14,1920.24,0.5933,10.43,166.64,9130.04,1.2593,,,,,,,,,,,,,,,,,,,,
07/08/2014,38.175,48.06,1909.57,0.5941,10.41,165.18,9038.97,1.2596,,,,,,,,,,,,,,,,,,,,
08/08/2014,38.53,48.45,1931.59,0.5961,10.37,165.609,9009.32,1.2509,,,,,,,,,,,,,,,,,,,,
11/08/2014,38.53,48.39,1936.92,0.5957,10.39,167.69,9180.74,1.2541,,,,,,,,,,,,,,,,,,,,
12/08/2014,38.365,48.44,1933.75,0.5948,10.64,165.68,9069.47,1.2575,,,,,,,,,,,,,,,,,,,,
13/08/2014,38.625,48.75,1946.72,0.5992,10.78,168.02,9198.88,1.2487,,,,,,,,,,,,,,,,,,,,
14/08/2014,38.65,49.13,1955.18,0.5993,10.76,167.65,9225.1,1.2485,,,,,,,,,,,,,,,,,,,,
15/08/2014,38.565,48.72,1955.06,0.599,10.72,165.7,9092.6,1.2456,,,,,,,,,,,,,,,,,,,,
18/08/2014,39.275,49.51,1971.74,0.5978,10.84,167.78,9245.33,1.2518,,,,,,,,,,,,,,,,,,,,
19/08/2014,39.255,49.7,1981.6,0.6018,10.97,171.04,9334.28,1.2475,,,,,,,,,,,,,,,,,,,,
20/08/2014,39.455,49.8,1986.51,0.6026,10.9,170.21,9314.57,1.2515,,,,,,,,,,,,,,,,,,,,
21/08/2014,39.47,51.07,1992.37,0.6032,11,172.56,9401.53,1.2484,,,,,,,,,,,,,,,,,,,,
22/08/2014,39.645,50.93,1988.4,0.6034,11.07,171.35,9339.17,1.2515,,,,,,,,,,,,,,,,,,,,
25/08/2014,40.005,51.63,1997.92,0.6032,11.19,173.1,9510.14,1.2567,,,,,,,,,,,,,,,,,,,,
26/08/2014,39.74,52.13,2000.02,0.6046,11.4,174.35,9588.15,1.2561,,,,,,,,,,,,,,,,,,,,
27/08/2014,39.86,51.86,2000.12,0.6033,11.69,173.75,9569.71,1.2564,,,,,,,,,,,,,,,,,,,,
28/08/2014,39.41,51.39,1996.74,0.6029,11.425,170.88,9462.56,1.2582,,,,,,,,,,,,,,,,,,,,
29/08/2014,39.275,51.65,2003.37,0.6025,11.5,170.06,9470.17,1.2639,,,,,,,,,,,,,,,,,,,,
01/09/2014,39.275,51.65,2003.37,0.6021,11.43,170.61,9479.03,1.265,,,,,,,,,,,,,,,,,,,,
02/09/2014,39.64,51.96,2002.28,0.6072,11.53,170.73,9507.02,1.2541,,,,,,,,,,,,,,,,,,,,
03/09/2014,39.41,52.23,2000.72,0.6075,11.82,172.65,9626.49,1.2518,,,,,,,,,,,,,,,,,,,,
04/09/2014,39.96,52.47,1997.65,0.6123,12.28,176.33,9724.26,1.2617,,,,,,,,,,,,,,,,,,,,
05/09/2014,41.02,52.3,2007.71,0.6125,12.715,179.31,9747.02,1.2606,,,,,,,,,,,,,,,,,,,,
08/09/2014,41.2,52.05,2001.54,0.6209,12.74,177.62,9758.03,1.2489,,,,,,,,,,,,,,,,,,,,
09/09/2014,40.92,51.26,1988.44,0.6209,12.42,175.81,9710.7,1.2449,,,,,,,,,,,,,,,,,,,,
10/09/2014,41.235,51.83,1995.69,0.6169,12.73,175.38,9700.17,1.2549,,,,,,,,,,,,,,,,,,,,
11/09/2014,40.91,52.23,1997.45,0.6151,12.64,174.58,9691.28,1.2579,,,,,,,,,,,,,,,,,,,,
12/09/2014,40.92,52.38,1985.54,0.6147,12.59,174.24,9651.13,1.2549,,,,,,,,,,,,,,,,,,,,
15/09/2014,40.805,52.31,1984.13,0.616,12.52,173.51,9659.63,1.2545,,,,,,,,,,,,,,,,,,,,
16/09/2014,40.6,52.36,1998.98,0.6144,12.68,174.54,9632.93,1.2557,,,,,,,,,,,,,,,,,,,,
17/09/2014,40.755,52.39,2001.57,0.6144,12.64,174.01,9661.5,1.2653,,,,,,,,,,,,,,,,,,,,
18/09/2014,40.985,53.66,2011.36,0.6101,12.73,173.71,9798.13,1.2689,,,,,,,,,,,,,,,,,,,,
19/09/2014,40.905,53.48,2010.4,0.614,12.84,173.72,9799.26,1.2696,,,,,,,,,,,,,,,,,,,,
22/09/2014,40.355,53.04,1994.29,0.6112,12.36,172.51,9749.54,1.2733,,,,,,,,,,,,,,,,,,,,
23/09/2014,40.06,52.84,1982.77,0.6102,12.19,169.17,9595.03,1.2757,,,,,,,,,,,,,,,,,,,,
24/09/2014,40.42,53.26,1998.3,0.612,12.215,168.98,9661.97,1.2783,,,,,,,,,,,,,,,,,,,,
25/09/2014,39.875,51.96,1965.99,0.6129,12.15,165.15,9510.01,1.2797,,,,,,,,,,,,,,,,,,,,
26/09/2014,44.75,52.49,1982.85,0.6155,12.3,165.64,9490.55,1.2808,,,,,,,,,,,,,,,,,,,,
29/09/2014,44.56,52.05,1977.8,0.6157,11.71,163.78,9422.91,1.2803,,,,,,,,,,,,,,,,,,,,
30/09/2014,44.6,51.82,1972.29,0.6168,11.83,163.48,9474.3,1.2836,,,,,,,,,,,,,,,,,,,,
01/10/2014,43.85,51.1,1946.16,0.6178,11.68,159.04,9382.03,1.2823,,,,,,,,,,,,,,,,,,,,
02/10/2014,44.65,51.25,1946.17,0.6194,11.275,158,9195.68,1.2744,,,,,,,,,,,,,,,,,,,,
03/10/2014,45.145,52.32,1967.9,0.6263,11.45,157.89,9195.68,1.2761,,,,,,,,,,,,,,,,,,,,
06/10/2014,44.61,52.28,1964.82,0.6218,11.33,156.15,9209.51,1.2709,,,,,,,,,,,,,,,,,,,,
07/10/2014,44.035,51.27,1935.1,0.6213,10.921,156.03,9086.21,1.2706,,,,,,,,,,,,,,,,,,,,
08/10/2014,44.415,52.54,1968.89,0.6185,11.12,155.68,8995.33,1.2697,,,,,,,,,,,,,,,,,,,,
09/10/2014,43.615,51.14,1928.21,0.6205,10.65,154.64,9005.02,1.27,,,,,,,,,,,,,,,,,,,,
10/10/2014,43.595,50.11,1906.13,0.622,10.694,150.31,8788.81,1.273,,,,,,,,,,,,,,,,,,,,
13/10/2014,42.695,49.9,1874.74,0.6217,10.83,152.77,8812.43,1.2612,,,,,,,,,,,,,,,,,,,,
14/10/2014,42.545,51.47,1877.7,0.6288,10.9,155.47,8825.21,1.2565,,,,,,,,,,,,,,,,,,,,
15/10/2014,42.59,49.68,1862.49,0.6242,10.52,152,8571.95,1.2478,,,,,,,,,,,,,,,,,,,,
16/10/2014,43.52,49.75,1862.76,0.6215,10.252,153.84,8582.9,1.2563,,,,,,,,,,,,,,,,,,,,
17/10/2014,43.59,50.07,1886.76,0.6215,10.74,160.15,8850.27,1.2611,,,,,,,,,,,,,,,,,,,,
20/10/2014,44.45,50.53,1904.01,0.6187,10.84,156.35,8717.76,1.2628,,,,,,,,,,,,,,,,,,,,
21/10/2014,45.32,51.27,1941.28,0.6206,11.37,159.72,8886.96,1.2671,,,,,,,,,,,,,,,,,,,,
22/10/2014,44.93,50.7,1927.11,0.6231,11.36,160.48,8940.14,1.269,,,,,,,,,,,,,,,,,,,,
23/10/2014,45.185,51.41,1950.82,0.6239,11.7,162.9,9047.31,1.2677,,,,,,,,,,,,,,,,,,,,
24/10/2014,45.45,51.8,1964.58,0.6216,11.8,161.28,8987.8,1.2698,,,,,,,,,,,,,,,,,,,,
27/10/2014,45.82,51.59,1961.63,0.6203,11.794,159.47,8902.61,1.2695,,,,,,,,,,,,,,,,,,,,
28/10/2014,46.225,52.44,1985.05,0.6199,12.07,161.41,9068.19,1.2668,,,,,,,,,,,,,,,,,,,,
29/10/2014,45.975,52.65,1982.3,0.6245,11.63,162.13,9082.81,1.2676,,,,,,,,,,,,,,,,,,,,
30/10/2014,46.5,53.15,1994.65,0.6249,11.78,165.46,9114.84,1.2686,,,,,,,,,,,,,,,,,,,,
31/10/2014,46.485,53.53,2018.05,0.6252,11.98,169.7,9326.87,1.2771,,,,,,,,,,,,,,,,,,,,
03/11/2014,46.725,53.47,2017.81,0.6262,12.2,171.05,9251.7,1.2796,,,,,,,,,,,,,,,,,,,,
04/11/2014,46.975,53.19,2012.1,0.6249,11.99,169.06,9166.47,1.2755,,,,,,,,,,,,,,,,,,,,
05/11/2014,47.34,54.02,2023.57,0.6259,12.052,172.06,9315.48,1.2795,,,,,,,,,,,,,,,,,,,,
06/11/2014,47.3,53.99,2031.21,0.6316,12.17,173.24,9377.41,1.2793,,,,,,,,,,,,,,,,,,,,
07/11/2014,46.89,53.75,2031.92,0.6302,11.96,170.82,9291.83,1.2744,,,,,,,,,,,,,,,,,,,,
10/11/2014,47.48,53.89,2038.26,0.6312,11.728,171.74,9351.87,1.2755,,,,,,,,,,,,,,,,,,,,
11/11/2014,47.44,53.81,2039.68,0.6282,11.66,170.12,9369.03,1.276,,,,,,,,,,,,,,,,,,,,
12/11/2014,47.905,53.42,2038.25,0.6338,11.44,168.1,9210.96,1.2686,,,,,,,,,,,,,,,,,,,,
13/11/2014,48.06,53.44,2039.33,0.6365,11.31,167.52,9248.51,1.2593,,,,,,,,,,,,,,,,,,,,
14/11/2014,47.75,53.38,2039.82,0.6382,11.4,168.31,9252.94,1.2514,,,,,,,,,,,,,,,,,,,,
17/11/2014,48.03,53.57,2041.32,0.6394,11.696,168.83,9306.35,1.2563,,,,,,,,,,,,,,,,,,,,
18/11/2014,48.235,53.81,2051.8,0.6397,11.71,173.99,9456.53,1.2471,,,,,,,,,,,,,,,,,,,,
19/11/2014,48.475,53.66,2048.72,0.6377,11.75,172.85,9472.8,1.2492,,,,,,,,,,,,,,,,,,,,
20/11/2014,48.65,53.52,2052.75,0.6372,11.64,173.22,9483.97,1.2514,,,,,,,,,,,,,,,,,,,,
21/11/2014,48.71,53.66,2063.5,0.6387,11.85,175.5,9732.55,1.264,,,,,,,,,,,,,,,,,,,,
24/11/2014,48.975,54.4,2069.41,0.6367,11.968,178.29,9785.54,1.2624,,,,,,,,,,,,,,,,,,,,
25/11/2014,48.645,54.33,2067.03,0.6368,12.118,181.1,9861.21,1.2592,,,,,,,,,,,,,,,,,,,,
26/11/2014,48.9,54.13,2072.83,0.6332,12.265,179.54,9915.56,1.2627,,,,,,,,,,,,,,,,,,,,
27/11/2014,48.9,54.13,2072.83,0.6355,12.26,181.7,9974.87,1.2622,,,,,,,,,,,,,,,,,,,,
28/11/2014,49.645,53.97,2067.56,0.6389,12.26,181.096,9980.85,1.2564,,,,,,,,,,,,,,,,,,,,
01/12/2014,48.845,53.35,2053.44,0.6357,12.03,181.8,9963.51,1.2614,,,,,,,,,,,,,,,,,,,,
02/12/2014,49.02,54.36,2066.55,0.6394,12.05,181.511,9934.08,1.2629,,,,,,,,,,,,,,,,,,,,
03/12/2014,49.25,55.21,2074.33,0.6376,12.16,181.209,9971.79,1.2741,,,,,,,,,,,,,,,,,,,,
04/12/2014,49.525,55.18,2071.92,0.638,11.88,180.032,9851.35,1.2661,,,,,,,,,,,,,,,,,,,,
05/12/2014,49.665,56.08,2075.37,0.6416,12.08,184.456,10087.12,1.2685,,,,,,,,,,,,,,,,,,,,
08/12/2014,48.86,56.37,2060.31,0.6389,12.104,183.73,10014.99,1.2708,,,,,,,,,,,,,,,,,,,,
09/12/2014,48.515,55.85,2059.82,0.6383,11.88,182.678,9793.71,1.2661,,,,,,,,,,,,,,,,,,,,
10/12/2014,48.83,54.47,2026.14,0.6363,11.576,178.68,9799.73,1.2625,,,,,,,,,,,,,,,,,,,,
11/12/2014,48.465,54.51,2035.33,0.6357,11.41,181.783,9862.53,1.2675,,,,,,,,,,,,,,,,,,,,
12/12/2014,48.085,53.4,2002.33,0.6363,11.35,177.232,9594.73,1.2611,,,,,,,,,,,,,,,,,,,,
15/12/2014,47.715,52.79,1989.63,0.6395,11.006,171.5,9334.01,1.2574,,,,,,,,,,,,,,,,,,,,
16/12/2014,46.605,51.17,1972.74,0.6349,10.939,175.511,9563.89,1.2589,,,,,,,,,,,,,,,,,,,,
17/12/2014,47.25,52.45,2012.89,0.642,10.978,178.616,9544.43,1.262,,,,,,,,,,,,,,,,,,,,
18/12/2014,48.54,54.1,2061.23,0.6382,10.99,181.813,9811.06,1.2753,,,,,,,,,,,,,,,,,,,,
19/12/2014,47.42,54.01,2070.65,0.6399,10.929,182.644,9786.96,1.2783,,,,,,,,,,,,,,,,,,,,
22/12/2014,47.965,53.96,2078.54,0.6415,11.03,181.06,9865.76,1.2748,,,,,,,,,,,,,,,,,,,,
23/12/2014,47.985,54.42,2082.17,0.6443,11.03,181.324,9922.11,1.2751,,,,,,,,,,,,,,,,,,,,
24/12/2014,48.145,54.54,2081.88,0.6428,11.03,181.324,9922.11,1.2757,,,,,,,,,,,,,,,,,,,,
25/12/2014,48.145,54.54,2081.88,0.6428,11.03,181.324,9922.11,1.2727,,,,,,,,,,,,,,,,,,,,
26/12/2014,48.415,54.43,2088.77,0.6427,11.03,181.324,9922.11,1.2772,,,,,,,,,,,,,,,,,,,,
29/12/2014,48.65,54.73,2090.57,0.6444,10.98,182.45,9927.13,1.2769,,,,,,,,,,,,,,,,,,,,
30/12/2014,48.44,54.84,2080.35,0.6425,10.988,180.1,9805.55,1.2802,,,,,,,,,,,,,,,,,,,,
31/12/2014,48.075,54.11,2058.9,0.6419,10.988,180.1,9805.55,1.2876,,,,,,,,,,,,,,,,,,,,
01/01/2015,48.075,54.11,2058.9,0.6417,10.988,180.1,9805.55,1.2875,,,,,,,,,,,,,,,,,,,,
02/01/2015,47.515,54.26,2058.2,0.6523,11.2,177.677,9764.73,1.2772,,,,,,,,,,,,,,,,,,,,
05/01/2015,46.75,52.55,2020.58,0.6557,10.87,172.213,9473.16,1.2779,,,,,,,,,,,,,,,,,,,,
06/01/2015,46.475,50.7,2002.61,0.66,10.81,174.352,9469.66,1.2743,,,,,,,,,,,,,,,,,,,,
07/01/2015,47.435,51.17,2025.9,0.6617,10.76,176.35,9518.18,1.2763,,,,,,,,,,,,,,,,,,,,
08/01/2015,48.53,51.94,2062.14,0.6627,10.86,180.895,9837.61,1.2796,,,,,,,,,,,,,,,,,,,,
09/01/2015,47.995,50.78,2044.81,0.6597,10.67,178.328,9648.5,1.2806,,,,,,,,,,,,,,,,,,,,
12/01/2015,47.93,50.38,2028.26,0.6591,10.597,177.6,9781.9,1.282,,,,,,,,,,,,,,,,,,,,
13/01/2015,47.505,50.02,2023.03,0.6596,10.96,181.13,9941,1.2877,,,,,,,,,,,,,,,,,,,,
14/01/2015,46.855,49.05,2011.27,0.6564,10.632,180.664,9817.08,1.2921,,,,,,,,,,,,,,,,,,,,
15/01/2015,46.405,47.23,1992.67,0.6585,10.65,182.118,10032.61,1.3053,,,,,,,,,,,,,,,,,,,,
16/01/2015,46.495,47.61,2019.42,0.6602,10.59,187.892,10167.77,1.3094,,,,,,,,,,,,,,,,,,,,
19/01/2015,46.495,47.61,2019.42,0.6617,10.79,187.888,10242.35,1.302,,,,,,,,,,,,,,,,,,,,
20/01/2015,46.805,47.26,2022.55,0.6602,11.01,189.1,10257.13,1.3113,,,,,,,,,,,,,,,,,,,,
21/01/2015,46.755,47.74,2032.12,0.6604,11.151,189.531,10299.23,1.3043,,,,,,,,,,,,,,,,,,,,
22/01/2015,47.925,49.57,2063.15,0.6662,11.53,194.847,10435.62,1.3207,,,,,,,,,,,,,,,,,,,,
23/01/2015,48.08,48.62,2051.82,0.667,11.347,199.209,10649.58,1.3379,,,,,,,,,,,,,,,,,,,,
26/01/2015,48.175,48.89,2057.09,0.6631,11.29,201.48,10798.33,1.3418,,,,,,,,,,,,,,,,,,,,
27/01/2015,47.25,48.31,2029.55,0.658,11.05,199.118,10628.58,1.3353,,,,,,,,,,,,,,,,,,,,
28/01/2015,46.655,47.11,2002.16,0.6606,10.67,201.851,10710.97,1.3414,,,,,,,,,,,,,,,,,,,,
29/01/2015,47.435,47.62,2021.25,0.6637,10.79,203.544,10737.87,1.3311,,,,,,,,,,,,,,,,,,,,
30/01/2015,46.125,46.95,1994.99,0.6638,10.6,197.722,10694.32,1.3341,,,,,,,,,,,,,,,,,,,,
02/02/2015,45.96,47.72,2020.85,0.665,10.83,201.727,10828.01,1.326,,,,,,,,,,,,,,,,,,,,
03/02/2015,46.675,48.88,2050.03,0.6594,11.18,206.746,10890.95,1.3212,,,,,,,,,,,,,,,,,,,,
04/02/2015,46.27,48.4,2041.51,0.6587,11.1,206.765,10911.32,1.3382,,,,,,,,,,,,,,,,,,,,
05/02/2015,46.67,48.54,2062.52,0.6524,11.165,208.888,10905.41,1.3355,,,,,,,,,,,,,,,,,,,,
06/02/2015,45.895,49.14,2055.47,0.6559,11.19,210.05,10846.39,1.3473,,,,,,,,,,,,,,,,,,,,
09/02/2015,45.585,49.21,2046.74,0.6573,11.118,203.975,10663.51,1.3436,,,,,,,,,,,,,,,,,,,,
10/02/2015,46.375,49.39,2068.59,0.6556,11.37,206.672,10753.83,1.3474,,,,,,,,,,,,,,,,,,,,
11/02/2015,45.655,49.68,2068.53,0.6562,11.33,207.682,10752.11,1.3442,,,,,,,,,,,,,,,,,,,,
12/02/2015,46,50.89,2088.48,0.65,11.27,211.26,10919.65,1.349,,,,,,,,,,,,,,,,,,,,
13/02/2015,46.02,51.2,2096.99,0.6497,11.56,209.282,10963.4,1.3519,,,,,,,,,,,,,,,,,,,,
16/02/2015,46.02,51.2,2096.99,0.6509,11.44,207.726,10923.23,1.3532,,,,,,,,,,,,,,,,,,,,
17/02/2015,45.93,51.69,2100.34,0.6513,11.67,209.002,10895.62,1.3455,,,,,,,,,,,,,,,,,,,,
18/02/2015,46.81,51.42,2099.68,0.6478,11.832,211.367,10961,1.3544,,,,,,,,,,,,,,,,,,,,
19/02/2015,46.85,51.12,2097.45,0.6487,11.73,216.355,11001.94,1.3559,,,,,,,,,,,,,,,,,,,,
20/02/2015,47.465,51.78,2110.3,0.6494,12.081,220.237,11050.64,1.3532,,,,,,,,,,,,,,,,,,,,
23/02/2015,47.505,51.32,2109.66,0.647,12.08,221.672,11130.92,1.3637,,,,,,,,,,,,,,,,,,,,
24/02/2015,47.71,51.9,2115.48,0.6471,12.14,220.616,11205.74,1.3627,,,,,,,,,,,,,,,,,,,,
25/02/2015,48.41,52.09,2113.86,0.644,11.86,217.819,11210.27,1.3668,,,,,,,,,,,,,,,,,,,,
26/02/2015,48.495,52.41,2110.74,0.6491,12.03,218.759,11327.19,1.3758,,,,,,,,,,,,,,,,,,,,
27/02/2015,48.56,52.42,2104.5,0.648,11.98,223.171,11401.66,1.3783,,,,,,,,,,,,,,,,,,,,
02/03/2015,49.375,53.49,2117.39,0.6508,12.04,225.49,11410.36,1.3739,,,,,,,,,,,,,,,,,,,,
03/03/2015,48.985,53.73,2107.78,0.651,11.849,220.336,11280.36,1.3743,,,,,,,,,,,,,,,,,,,,
04/03/2015,48.76,53.67,2098.53,0.6551,11.79,220.773,11390.38,1.3779,,,,,,,,,,,,,,,,,,,,
05/03/2015,49.23,53.56,2101.04,0.6562,11.75,223.48,11504.01,1.3817,,,,,,,,,,,,,,,,,,,,
06/03/2015,48.455,53.06,2071.26,0.6649,11.787,225.841,11550.97,1.3868,,,,,,,,,,,,,,,,,,,,
09/03/2015,48.715,52.95,2079.43,0.661,11.85,226.539,11582.11,1.394,,,,,,,,,,,,,,,,,,,,
10/03/2015,48.255,51.23,2044.16,0.6636,11.72,227.224,11500.38,1.4087,,,,,,,,,,,,,,,,,,,,
11/03/2015,47.67,52.33,2040.24,0.6698,11.96,233.292,11805.99,1.4154,,,,,,,,,,,,,,,,,,,,
12/03/2015,48.52,54.08,2065.95,0.6719,12.012,237.322,11799.39,1.3995,,,,,,,,,,,,,,,,,,,,
13/03/2015,47.905,53.54,2053.4,0.6782,12.542,240.6,11901.61,1.4045,,,,,,,,,,,,,,,,,,,,
16/03/2015,48.22,53.69,2081.19,0.6744,12.83,250.002,12167.72,1.4032,,,,,,,,,,,,,,,,,,,,
17/03/2015,48.27,53.84,2074.28,0.678,12.511,249.08,11980.85,1.3918,,,,,,,,,,,,,,,,,,,,
18/03/2015,48.755,53.72,2099.5,0.6676,12.33,235.728,11922.77,1.3787,,,,,,,,,,,,,,,,,,,,
19/03/2015,49.16,52.38,2089.27,0.6778,12.43,239.722,11899.4,1.384,,,,,,,,,,,,,,,,,,,,
20/03/2015,50.99,52.98,2108.1,0.6687,12.55,240.922,12039.37,1.3813,,,,,,,,,,,,,,,,,,,,
23/03/2015,50.73,52.48,2104.42,0.6687,12.59,232.66,11895.84,1.3662,,,,,,,,,,,,,,,,,,,,
24/03/2015,50.325,51.94,2091.5,0.6734,12.935,235.893,12005.69,1.3594,,,,,,,,,,,,,,,,,,,,
25/03/2015,49.495,51.38,2061.05,0.672,12.908,234.666,11865.32,1.3564,,,,,,,,,,,,,,,,,,,,
26/03/2015,49.665,51.19,2056.15,0.6734,12.8,235.722,11843.68,1.3643,,,,,,,,,,,,,,,,,,,,
27/03/2015,49.94,51,2061.02,0.6724,12.78,235.224,11868.33,1.3661,,,,,,,,,,,,,,,,,,,,
30/03/2015,50.445,51.64,2086.24,0.6751,12.98,241.823,12086.01,1.367,,,,,,,,,,,,,,,,,,,,
31/03/2015,50.165,51.52,2067.89,0.6748,12.8,239.162,11966.17,1.3807,,,,,,,,,,,,,,,,,,,,
01/04/2015,49.775,51.62,2059.69,0.6746,13.03,238.535,12001.38,1.3773,,,,,,,,,,,,,,,,,,,,
02/04/2015,49.83,51.86,2066.96,0.6744,13.09,238.245,11967.39,1.3629,,,,,,,,,,,,,,,,,,,,
03/04/2015,49.83,51.86,2066.96,0.6702,13.09,238.245,11967.39,1.3596,,,,,,,,,,,,,,,,,,,,
06/04/2015,49.865,51.62,2080.62,0.672,13.09,238.245,11967.39,1.3624,,,,,,,,,,,,,,,,,,,,
07/04/2015,49.805,51.52,2076.33,0.6753,13.21,237.81,12123.52,1.3692,,,,,,,,,,,,,,,,,,,,
08/04/2015,50.42,51.89,2081.9,0.6726,13.3,238.849,12035.86,1.379,,,,,,,,,,,,,,,,,,,,
09/04/2015,50.36,52.13,2091.18,0.6796,13.25,241.86,12166.44,1.3802,,,,,,,,,,,,,,,,,,,,
10/04/2015,49.985,52.43,2102.06,0.6834,13.2,244.235,12374.73,1.3801,,,,,,,,,,,,,,,,,,,,
13/04/2015,49.635,52.66,2092.43,0.6814,13.23,238.34,12338.73,1.3888,,,,,,,,,,,,,,,,,,,,
14/04/2015,49.765,52.73,2095.84,0.6765,13.05,235.963,12227.6,1.3874,,,,,,,,,,,,,,,,,,,,
15/04/2015,49.915,53.21,2106.63,0.6737,13.04,236.74,12231.34,1.3892,,,,,,,,,,,,,,,,,,,,
16/04/2015,49.95,54.02,2104.99,0.6696,12.625,227.207,11998.86,1.3878,,,,,,,,,,,,,,,,,,,,
17/04/2015,49.275,53.07,2081.18,0.6683,12.2,225.137,11688.7,1.3848,,,,,,,,,,,,,,,,,,,,
20/04/2015,49.995,53.2,2100.4,0.6708,12.58,226.676,11891.91,1.3882,,,,,,,,,,,,,,,,,,,,
21/04/2015,50.145,52.48,2097.29,0.67,12.42,225.77,11939.58,1.3903,,,,,,,,,,,,,,,,,,,,
22/04/2015,50.075,53.1,2107.96,0.665,12.69,220.793,11867.37,1.4021,,,,,,,,,,,,,,,,,,,,
23/04/2015,50.555,53.22,2112.93,0.6641,12.66,227.03,11723.58,1.3911,,,,,,,,,,,,,,,,,,,,
24/04/2015,50.475,52.9,2117.69,0.6584,12.78,232.495,11810.85,1.3968,,,,,,,,,,,,,,,,,,,,
27/04/2015,50.47,52.8,2108.92,0.6563,12.52,241.448,12039.16,1.399,,,,,,,,,,,,,,,,,,,,
28/04/2015,49.93,53.02,2114.76,0.652,12.185,235.98,11811.66,1.3969,,,,,,,,,,,,,,,,,,,,
29/04/2015,50.085,53.76,2106.85,0.6477,12.08,229.58,11432.72,1.3873,,,,,,,,,,,,,,,,,,,,
30/04/2015,49.42,53.32,2085.51,0.6514,12.1,225.73,11454.38,1.3678,,,,,,,,,,,,,,,,,,,,
01/05/2015,50.39,53.76,2108.29,0.6603,12.1,225.73,11454.38,1.3521,,,,,,,,,,,,,,,,,,,,
04/05/2015,50.415,54.17,2114.49,0.6614,12.15,227.48,11619.85,1.3565,,,,,,,,,,,,,,,,,,,,
05/05/2015,50.21,53.35,2089.46,0.6587,11.75,224.83,11327.68,1.3573,,,,,,,,,,,,,,,,,,,,
06/05/2015,50.11,52.82,2080.15,0.6559,11.84,215.61,11350.15,1.3438,,,,,,,,,,,,,,,,,,,,
07/05/2015,50.725,53.31,2088,0.6558,12.21,219.41,11407.97,1.3533,,,,,,,,,,,,,,,,,,,,
08/05/2015,51.22,54.02,2116.1,0.6478,12.32,225.267,11709.73,1.3776,,,,,,,,,,,,,,,,,,,,
11/05/2015,51.395,53.97,2105.33,0.6416,12.33,224.68,11673.35,1.3972,,,,,,,,,,,,,,,,,,,,
12/05/2015,51.185,53.74,2099.12,0.6381,12.36,218.22,11472.41,1.3975,,,,,,,,,,,,,,,,,,,,
13/05/2015,51.08,54.2,2098.48,0.6351,12.55,218.28,11351.46,1.3867,,,,,,,,,,,,,,,,,,,,
14/05/2015,51.72,54.6,2121.1,0.6339,12.66,220.75,11559.82,1.3827,,,,,,,,,,,,,,,,,,,,
15/05/2015,52.49,54.24,2122.73,0.6359,12.56,215.36,11447.03,1.3737,,,,,,,,,,,,,,,,,,,,
18/05/2015,52.375,54.67,2129.2,0.6389,12.43,223.28,11594.28,1.3834,,,,,,,,,,,,,,,,,,,,
19/05/2015,52.32,55.33,2127.83,0.6447,12.56,232.74,11853.33,1.3909,,,,,,,,,,,,,,,,,,,,
20/05/2015,52.305,54.89,2125.85,0.6437,12.6,231.76,11848.47,1.4004,,,,,,,,,,,,,,,,,,,,
21/05/2015,52.2,54.84,2130.82,0.6385,12.553,229.45,11864.59,1.4094,,,,,,,,,,,,,,,,,,,,
22/05/2015,52.215,54.97,2126.06,0.6455,12.44,229.39,11815.01,1.4061,,,,,,,,,,,,,,,,,,,,
25/05/2015,52.215,54.97,2126.06,0.6464,12.47,229.75,11815.01,1.4093,,,,,,,,,,,,,,,,,,,,
26/05/2015,51.71,54.24,2104.2,0.6501,12.2,226.75,11625.13,1.4151,,,,,,,,,,,,,,,,,,,,
27/05/2015,51.42,54.87,2123.48,0.6513,12.36,227.94,11771.13,1.4081,,,,,,,,,,,,,,,,,,,,
28/05/2015,51.15,54.55,2120.79,0.653,12.26,223.45,11677.57,1.3988,,,,,,,,,,,,,,,,,,,,
29/05/2015,50.835,54.08,2107.39,0.6539,12.14,219.87,11413.82,1.3919,,,,,,,,,,,,,,,,,,,,
01/06/2015,50.88,54.45,2111.73,0.6578,12.02,219.34,11436.05,1.3911,,,,,,,,,,,,,,,,,,,,
02/06/2015,51.055,54.72,2109.6,0.6517,12.13,214.9,11328.8,1.376,,,,,,,,,,,,,,,,,,,,
03/06/2015,51.255,55.63,2114.07,0.6519,12.33,216.08,11419.62,1.3607,,,,,,,,,,,,,,,,,,,,
04/06/2015,50.975,55.33,2095.84,0.6508,12.11,214.81,11340.6,1.3671,,,,,,,,,,,,,,,,,,,,
05/06/2015,51.015,56.24,2092.83,0.655,11.92,213.23,11197.15,1.3737,,,,,,,,,,,,,,,,,,,,
08/06/2015,50.72,55.65,2079.28,0.6515,11.725,208.07,11064.92,1.3594,,,,,,,,,,,,,,,,,,,,
09/06/2015,50.675,56,2080.15,0.65,11.76,207.94,11001.29,1.3636,,,,,,,,,,,,,,,,,,,,
10/06/2015,51.67,57.02,2105.2,0.6439,11.94,213.3,11265.39,1.3714,,,,,,,,,,,,,,,,,,,,
11/06/2015,51.94,57.21,2108.86,0.6445,11.8,214.35,11332.78,1.3784,,,,,,,,,,,,,,,,,,,,
12/06/2015,51.89,57.11,2094.11,0.6426,11.73,211.63,11196.49,1.3811,,,,,,,,,,,,,,,,,,,,
15/06/2015,51.675,56.65,2084.43,0.641,11.43,208.02,10984.97,1.3827,,,,,,,,,,,,,,,,,,,,
16/06/2015,52.28,57.07,2096.29,0.639,11.48,208.39,11044.01,1.3912,,,,,,,,,,,,,,,,,,,,
17/06/2015,52.375,56.54,2100.44,0.6316,11.4,205.53,10978.01,1.3966,,,,,,,,,,,,,,,,,,,,
18/06/2015,53,56.76,2121.24,0.6297,11.53,207.1,11100.3,1.397,,,,,,,,,,,,,,,,,,,,
19/06/2015,53.265,56.23,2109.99,0.6298,11.65,206.08,11040.1,1.3991,,,,,,,,,,,,,,,,,,,,
22/06/2015,53.395,56.95,2122.85,0.6319,11.964,215.01,11460.5,1.3953,,,,,,,,,,,,,,,,,,,,
23/06/2015,53.6,57.39,2124.2,0.6358,12.1,218.49,11542.54,1.4085,,,,,,,,,,,,,,,,,,,,
24/06/2015,53.11,56.66,2108.58,0.6367,11.9,215.25,11471.26,1.4017,,,,,,,,,,,,,,,,,,,,
25/06/2015,52.61,56.19,2102.31,0.6351,12.04,215.31,11473.13,1.4054,,,,,,,,,,,,,,,,,,,,
26/06/2015,54.855,56.34,2101.49,0.635,12.12,217.19,11492.43,1.4098,,,,,,,,,,,,,,,,,,,,
29/06/2015,53.835,54.88,2057.64,0.6354,11.48,207.28,11083.2,1.4005,,,,,,,,,,,,,,,,,,,,
30/06/2015,54.01,55.24,2063.11,0.6367,11.54,207.65,10944.97,1.4103,,,,,,,,,,,,,,,,,,,,
01/07/2015,54.715,55.68,2077.42,0.6403,11.701,214.93,11180.5,1.4128,,,,,,,,,,,,,,,,,,,,
02/07/2015,54.935,55.37,2076.78,0.6406,11.66,211.78,11099.35,1.4082,,,,,,,,,,,,,,,,,,,,
03/07/2015,54.935,55.37,2076.78,0.6423,11.65,210.79,11058.39,1.4013,,,,,,,,,,,,,,,,,,,,
06/07/2015,54.92,55.08,2068.76,0.6408,11.21,208.34,10890.63,1.4114,,,,,,,,,,,,,,,,,,,,
07/07/2015,55.645,54.5,2081.34,0.6468,11.08,204.68,10676.78,1.4042,,,,,,,,,,,,,,,,,,,,
08/07/2015,54.635,52.8,2046.68,0.651,10.89,197.2,10747.3,1.3869,,,,,,,,,,,,,,,,,,,,
09/07/2015,54.72,53.71,2051.31,0.6502,11.062,203.39,10996.41,1.3936,,,,,,,,,,,,,,,,,,,,
10/07/2015,55.26,54.56,2076.62,0.6444,11.42,205.68,11315.63,1.3897,,,,,,,,,,,,,,,,,,,,
13/07/2015,56.205,55.54,2099.6,0.6457,11.62,205.81,11484.38,1.4074,,,,,,,,,,,,,,,,,,,,
14/07/2015,56.17,55.91,2108.95,0.6395,11.59,202.71,11516.9,1.4203,,,,,,,,,,,,,,,,,,,,
15/07/2015,55.95,56.46,2107.4,0.6394,11.79,199.09,11539.66,1.4288,,,,,,,,,,,,,,,,,,,,
16/07/2015,56.17,58.59,2124.29,0.6406,12,202.866,11716.76,1.4353,,,,,,,,,,,,,,,,,,,,
17/07/2015,56.4,58.75,2126.64,0.6408,11.98,202.83,11673.42,1.4416,,,,,,,,,,,,,,,,,,,,
20/07/2015,56.565,58.85,2128.28,0.6425,12.15,201.722,11735.72,1.4379,,,,,,,,,,,,,,,,,,,,
21/07/2015,56.495,59.1,2119.21,0.6428,12,198.814,11604.8,1.422,,,,,,,,,,,,,,,,,,,,
22/07/2015,57.045,60.34,2114.15,0.6405,12.02,196.2,11520.67,1.4285,,,,,,,,,,,,,,,,,,,,
23/07/2015,57,59.87,2102.15,0.6446,12.05,198.144,11512.11,1.4125,,,,,,,,,,,,,,,,,,,,
24/07/2015,56.495,58.7,2079.65,0.6448,11.93,188.742,11347.45,1.4128,,,,,,,,,,,,,,,,,,,,
27/07/2015,55.865,57.96,2067.64,0.6427,11.6,184.7,11056.4,1.403,,,,,,,,,,,,,,,,,,,,
28/07/2015,56.735,58.37,2093.25,0.6405,11.75,189.76,11173.91,1.4116,,,,,,,,,,,,,,,,,,,,
29/07/2015,57.46,58.92,2108.57,0.6408,11.7,187.065,11211.85,1.4202,,,,,,,,,,,,,,,,,,,,
30/07/2015,57.505,58.88,2108.63,0.641,11.72,185.3,11257.15,1.4271,,,,,,,,,,,,,,,,,,,,
31/07/2015,57.61,58.46,2103.84,0.6401,11.81,184.31,11308.99,1.4223,,,,,,,,,,,,,,,,,,,,
03/08/2015,57.415,58.44,2098.04,0.6416,12.06,184.525,11443.72,1.4234,,,,,,,,,,,,,,,,,,,,
04/08/2015,57.885,58.47,2093.32,0.6425,11.93,185.686,11456.07,1.4301,,,,,,,,,,,,,,,,,,,,
05/08/2015,58.375,58.74,2099.84,0.6409,11.868,191.041,11636.3,1.4307,,,,,,,,,,,,,,,,,,,,
06/08/2015,57.56,58.1,2083.56,0.6446,11.67,190.081,11585.1,1.4199,,,,,,,,,,,,,,,,,,,,
07/08/2015,57.255,57.91,2077.57,0.6454,11.57,191.88,11490.83,1.4128,,,,,,,,,,,,,,,,,,,,
10/08/2015,57.68,58.74,2104.18,0.6413,11.61,194.213,11604.78,1.4149,,,,,,,,,,,,,,,,,,,,
11/08/2015,57.23,57.64,2084.07,0.6422,11.56,186.647,11293.65,1.4103,,,,,,,,,,,,,,,,,,,,
12/08/2015,56.53,56.91,2086.05,0.6405,11.23,179.02,10924.61,1.3993,,,,,,,,,,,,,,,,,,,,
13/08/2015,56.8,57.33,2083.39,0.6406,11.26,181,11014.63,1.4,,,,,,,,,,,,,,,,,,,,
14/08/2015,57.18,57.59,2091.54,0.6393,11.03,180.33,10985.14,1.4079,,,,,,,,,,,,,,,,,,,,
17/08/2015,57.49,57.77,2102.44,0.6416,11.03,178.482,10940.33,1.4069,,,,,,,,,,,,,,,,,,,,
18/08/2015,57.41,57.55,2096.92,0.6386,11.01,174.998,10915.92,1.4209,,,,,,,,,,,,,,,,,,,,
19/08/2015,57.48,57,2079.61,0.6378,10.87,171.551,10682.15,1.4101,,,,,,,,,,,,,,,,,,,,
20/08/2015,56.15,55.33,2035.73,0.6374,10.311,166,10432.19,1.3958,,,,,,,,,,,,,,,,,,,,
21/08/2015,53.435,53.6,1970.89,0.6371,10.035,164.478,10124.52,1.378,,,,,,,,,,,,,,,,,,,,
24/08/2015,51.935,50.34,1893.21,0.6339,9.535,159.8,9648.43,1.3575,,,,,,,,,,,,,,,,,,,,
25/08/2015,51.765,49.88,1867.61,0.6375,9.95,165.94,10128.12,1.362,,,,,,,,,,,,,,,,,,,,
26/08/2015,54.38,52.28,1940.51,0.6467,10.14,169.646,9997.43,1.3667,,,,,,,,,,,,,,,,,,,,
27/08/2015,56.31,53.44,1987.66,0.6492,10.22,171.3,10315.62,1.3697,,,,,,,,,,,,,,,,,,,,
28/08/2015,56.25,53.28,1988.87,0.6498,10.119,170,10298.53,1.3762,,,,,,,,,,,,,,,,,,,,
31/08/2015,55.875,53.48,1972.18,0.6517,9.98,166.8,10259.46,1.3687,,,,,,,,,,,,,,,,,,,,
01/09/2015,54.315,50.94,1913.85,0.6534,9.657,160.9,10015.57,1.3527,,,,,,,,,,,,,,,,,,,,
02/09/2015,55.35,51.75,1948.86,0.6536,9.888,159.56,10048.05,1.3628,,,,,,,,,,,,,,,,,,,,
03/09/2015,55.425,51.79,1951.13,0.6554,9.98,163.588,10317.84,1.3717,,,,,,,,,,,,,,,,,,,,
04/09/2015,54.845,50.59,1921.22,0.6592,9.68,159.911,10038.04,1.3609,,,,,,,,,,,,,,,,,,,,
07/09/2015,54.845,50.59,1921.22,0.6547,9.79,161.457,10108.61,1.3675,,,,,,,,,,,,,,,,,,,,
08/09/2015,55.875,51.65,1969.41,0.6495,10.37,166,10271.36,1.3743,,,,,,,,,,,,,,,,,,,,
09/09/2015,54.93,50.88,1942.04,0.6507,10.13,169.12,10303.12,1.3714,,,,,,,,,,,,,,,,,,,,
10/09/2015,55.19,51.07,1952.29,0.6475,10.16,167.964,10210.44,1.3692,,,,,,,,,,,,,,,,,,,,
11/09/2015,55.91,51.1,1961.05,0.6481,10.17,166.975,10123.56,1.3606,,,,,,,,,,,,,,,,,,,,
14/09/2015,55.945,50.98,1953.03,0.6482,10.13,165.9,10131.74,1.3632,,,,,,,,,,,,,,,,,,,,
15/09/2015,56.92,52,1978.09,0.6517,10.16,166.663,10188.13,1.3615,,,,,,,,,,,,,,,,,,,,
16/09/2015,57.79,52.59,1995.31,0.6454,10.04,167.9,10227.21,1.3723,,,,,,,,,,,,,,,,,,,,
17/09/2015,57.635,51.65,1990.2,0.6414,10.04,167.6,10229.58,1.3634,,,,,,,,,,,,,,,,,,,,
18/09/2015,57.525,50.29,1958.03,0.6439,9.77,161.169,9916.16,1.3759,,,,,,,,,,,,,,,,,,,,
21/09/2015,58.28,50.71,1966.97,0.6449,9.74,134.502,9948.51,1.3859,,,,,,,,,,,,,,,,,,,,
22/09/2015,57.985,50.38,1942.74,0.6508,9.55,115,9570.66,1.3806,,,,,,,,,,,,,,,,,,,,
23/09/2015,57.715,50.12,1938.76,0.656,9.42,122,9612.62,1.3629,,,,,,,,,,,,,,,,,,,,
24/09/2015,57.395,49.13,1932.24,0.656,9.31,121.05,9427.64,1.3572,,,,,,,,,,,,,,,,,,,,
25/09/2015,62.5,50.55,1931.34,0.6589,9.47,115.82,9688.53,1.3561,,,,,,,,,,,,,,,,,,,,
28/09/2015,61.07,49.03,1881.77,0.6591,9.23,107.079,9483.55,1.3495,,,,,,,,,,,,,,,,,,,,
29/09/2015,59.835,49,1884.09,0.66,9.27,103.58,9450.4,1.3468,,,,,,,,,,,,,,,,,,,,
30/09/2015,61.485,49.61,1920.03,0.661,9.432,106.85,9660.44,1.3532,,,,,,,,,,,,,,,,,,,,
01/10/2015,61.915,49.89,1923.82,0.6609,9.334,105.34,9509.25,1.3515,,,,,,,,,,,,,,,,,,,,
02/10/2015,62.605,49.88,1951.36,0.6588,9.5,102,9553.07,1.3532,,,,,,,,,,,,,,,,,,,,
05/10/2015,62.135,51.16,1987.05,0.6602,9.78,104.03,9814.79,1.3537,,,,,,,,,,,,,,,,,,,,
06/10/2015,61.595,51.06,1979.92,0.6567,9.77,107.71,9902.83,1.3509,,,,,,,,,,,,,,,,,,,,
07/10/2015,61.05,51.32,1995.83,0.6528,10.01,118.555,9970.4,1.3632,,,,,,,,,,,,,,,,,,,,
08/10/2015,62.455,51.65,2013.43,0.6515,10.05,117.83,9993.07,1.3611,,,,,,,,,,,,,,,,,,,,
09/10/2015,62.47,51.38,2014.89,0.6529,10.07,125.2,10096.6,1.3487,,,,,,,,,,,,,,,,,,,,
12/10/2015,63.215,51.28,2017.46,0.6515,10,133.9,10119.83,1.3513,,,,,,,,,,,,,,,,,,,,
13/10/2015,62.905,51.21,2003.69,0.6558,9.7,128.85,10032.82,1.34,,,,,,,,,,,,,,,,,,,,
14/10/2015,62.92,50.72,1994.24,0.6461,9.65,128.1,9915.85,1.349,,,,,,,,,,,,,,,,,,,,
15/10/2015,64.395,52.97,2023.86,0.6469,9.73,124.25,10064.8,1.3574,,,,,,,,,,,,,,,,,,,,
16/10/2015,65.235,52.69,2033.11,0.6477,9.91,121.73,10104.43,1.3605,,,,,,,,,,,,,,,,,,,,
19/10/2015,66.605,52.86,2033.66,0.6466,9.99,119.32,10164.31,1.3652,,,,,,,,,,,,,,,,,,,,
20/10/2015,66.185,52.84,2030.77,0.6475,9.92,116.59,10147.68,1.3613,,,,,,,,,,,,,,,,,,,,
21/10/2015,66.235,51.81,2018.94,0.6486,9.938,120.18,10238.1,1.36,,,,,,,,,,,,,,,,,,,,
22/10/2015,66.205,52.51,2052.51,0.6496,10.09,124.24,10491.97,1.3857,,,,,,,,,,,,,,,,,,,,
23/10/2015,65.265,53.64,2075.15,0.653,10.26,122.511,10794.54,1.3899,,,,,,,,,,,,,,,,,,,,
26/10/2015,65.69,53.11,2071.18,0.6514,10.25,125.82,10801.34,1.3882,,,,,,,,,,,,,,,,,,,,
27/10/2015,65.41,52.61,2065.89,0.6536,10.12,122.87,10692.19,1.3846,,,,,,,,,,,,,,,,,,,,
28/10/2015,65.645,54.73,2090.35,0.6552,10.26,123.973,10831.96,1.3973,,,,,,,,,,,,,,,,,,,,
29/10/2015,65.56,53.66,2089.41,0.6532,9.98,125.65,10800.84,1.3949,,,,,,,,,,,,,,,,,,,,
30/10/2015,65.515,53.17,2079.36,0.6481,10.101,125.6,10850.14,1.402,,,,,,,,,,,,,,,,,,,,
02/11/2015,65.595,53.83,2104.05,0.6486,10.762,123.7,10950.67,1.3995,,,,,,,,,,,,,,,,,,,,
03/11/2015,65.7,54.16,2109.79,0.6485,10.65,116.02,10951.15,1.4064,,,,,,,,,,,,,,,,,,,,
04/11/2015,65.18,53.83,2102.31,0.65,10.68,118.71,10845.24,1.4159,,,,,,,,,,,,,,,,,,,,
05/11/2015,65.93,54.15,2099.93,0.6575,10.502,121.15,10887.74,1.3973,,,,,,,,,,,,,,,,,,,,
06/11/2015,65.89,55.87,2099.2,0.6645,10.68,122.2,10988.03,1.4011,,,,,,,,,,,,,,,,,,,,
09/11/2015,65.24,55.71,2078.58,0.6616,10.65,120.55,10815.45,1.4059,,,,,,,,,,,,,,,,,,,,
10/11/2015,65,55.8,2081.72,0.6614,10.555,120.13,10832.52,1.4098,,,,,,,,,,,,,,,,,,,,
11/11/2015,63.71,54.9,2075,0.6573,10.52,118.243,10907.87,1.416,,,,,,,,,,,,,,,,,,,,
12/11/2015,62.99,53.46,2045.97,0.6565,10.29,116.85,10782.63,1.4087,,,,,,,,,,,,,,,,,,,,
13/11/2015,60.93,53.17,2023.04,0.6563,10.25,117.25,10708.4,1.4148,,,,,,,,,,,,,,,,,,,,
16/11/2015,61.73,53.69,2053.19,0.6578,10.32,117.86,10713.23,1.4226,,,,,,,,,,,,,,,,,,,,
17/11/2015,61.29,53.49,2050.44,0.6573,10.28,117.4,10971.04,1.4295,,,,,,,,,,,,,,,,,,,,
18/11/2015,62.89,54.98,2083.58,0.6563,10.482,121.5,10959.95,1.4294,,,,,,,,,,,,,,,,,,,,
19/11/2015,62.89,55.06,2081.24,0.654,10.52,125.38,11085.44,1.4246,,,,,,,,,,,,,,,,,,,,
20/11/2015,66.325,54.75,2089.17,0.6583,10.59,121.89,11119.83,1.4266,,,,,,,,,,,,,,,,,,,,
23/11/2015,66.23,54.28,2086.59,0.6613,10.43,125.02,11092.31,1.4218,,,,,,,,,,,,,,,,,,,,
24/11/2015,66.255,54.18,2089.14,0.663,10.28,128.02,10933.99,1.4171,,,,,,,,,,,,,,,,,,,,
25/11/2015,67.065,54.08,2088.87,0.661,10.34,134.9,11169.54,1.424,,,,,,,,,,,,,,,,,,,,
26/11/2015,67.065,54.08,2088.87,0.6622,10.39,135.199,11320.77,1.4233,,,,,,,,,,,,,,,,,,,,
27/11/2015,67.165,54.21,2090.11,0.665,10.33,134.21,11293.76,1.4193,,,,,,,,,,,,,,,,,,,,
30/11/2015,66.14,54.09,2080.41,0.6642,10.38,140.81,11382.23,1.425,,,,,,,,,,,,,,,,,,,,
01/12/2015,66.655,54.88,2102.63,0.663,10.399,138.5,11261.24,1.4184,,,,,,,,,,,,,,,,,,,,
02/12/2015,66.325,54.14,2079.51,0.6688,10.16,135.95,11190.02,1.4087,,,,,,,,,,,,,,,,,,,,
03/12/2015,64.56,53.51,2049.62,0.6603,9.91,136.699,10789.24,1.3843,,,,,,,,,,,,,,,,,,,,
04/12/2015,66.165,55.09,2091.69,0.6617,10.09,138.28,10752.1,1.3887,,,,,,,,,,,,,,,,,,,,
07/12/2015,65.8,54.4,2077.07,0.6642,9.85,136.31,10886.09,1.3892,,,,,,,,,,,,,,,,,,,,
08/12/2015,65.85,53.39,2063.59,0.6663,9.552,133.08,10673.6,1.3778,,,,,,,,,,,,,,,,,,,,
09/12/2015,64.42,52.81,2047.62,0.6587,9.45,140.22,10592.49,1.377,,,,,,,,,,,,,,,,,,,,
10/12/2015,64.32,52.65,2052.23,0.6596,9.42,140.52,10598.93,1.3856,,,,,,,,,,,,,,,,,,,,
11/12/2015,63.145,51.11,2012.37,0.6567,9.16,136.88,10340.06,1.385,,,,,,,,,,,,,,,,,,,,
14/12/2015,63.93,51.1,2021.94,0.6604,9.12,132.96,10139.34,1.3775,,,,,,,,,,,,,,,,,,,,
15/12/2015,64.305,52.52,2043.41,0.6649,9.39,134.3,10450.38,1.3761,,,,,,,,,,,,,,,,,,,,
16/12/2015,65.465,53.9,2073.07,0.6665,9.43,137.04,10469.26,1.3749,,,,,,,,,,,,,,,,,,,,
17/12/2015,65.11,52.84,2041.89,0.671,9.53,138.93,10738.12,1.3764,,,,,,,,,,,,,,,,,,,,
18/12/2015,64.26,51.21,2005.55,0.6713,9.42,138.7,10608.19,1.3706,,,,,,,,,,,,,,,,,,,,
21/12/2015,64.9,51.79,2021.15,0.6718,9.4,139.99,10497.77,1.3637,,,,,,,,,,,,,,,,,,,,
22/12/2015,65.925,52.01,2038.97,0.6744,9.44,142.15,10488.75,1.3533,,,,,,,,,,,,,,,,,,,,
23/12/2015,64.355,52.63,2064.29,0.6725,9.65,143.47,10727.64,1.3629,,,,,,,,,,,,,,,,,,,,
24/12/2015,63.18,52.71,2060.99,0.6707,9.65,143.47,10727.64,1.3599,,,,,,,,,,,,,,,,,,,,
25/12/2015,63.18,52.71,2060.99,0.674,9.65,143.47,10727.64,1.3607,,,,,,,,,,,,,,,,,,,,
28/12/2015,63.81,52.38,2056.5,0.6721,9.65,143.79,10653.91,1.3567,,,,,,,,,,,,,,,,,,,,
29/12/2015,64.26,52.98,2078.36,0.6749,9.644,143.49,10860.14,1.3569,,,,,,,,,,,,,,,,,,,,
30/12/2015,63.25,52.3,2063.36,0.675,9.572,142.3,10743.01,1.3548,,,,,,,,,,,,,,,,,,,,
31/12/2015,62.5,51.75,2043.94,0.6786,9.572,142.3,10743.01,1.3571,,,,,,,,,,,,,,,,,,,,
01/01/2016,62.5,51.75,2043.94,0.6768,9.572,142.3,10743.01,1.3583,,,,,,,,,,,,,,,,,,,,
04/01/2016,61.52,51.13,2012.66,0.6795,9.394,138.071,10283.44,1.3586,,,,,,,,,,,,,,,,,,,,
05/01/2016,62.38,50.86,2016.71,0.6815,9.378,131.36,10310.1,1.3654,,,,,,,,,,,,,,,,,,,,
06/01/2016,61.49,50.12,1990.26,0.6835,9.15,129.954,10214.02,1.357,,,,,,,,,,,,,,,,,,,,
07/01/2016,59.85,47.56,1943.09,0.6841,8.845,122.32,9979.85,1.3372,,,,,,,,,,,,,,,,,,,,
08/01/2016,58.87,46.13,1922.03,0.6888,8.659,124.624,9849.34,1.3328,,,,,,,,,,,,,,,,,,,,
11/01/2016,59.55,46.85,1923.67,0.6876,8.784,127.492,9825.07,1.3392,,,,,,,,,,,,,,,,,,,,
12/01/2016,59.94,46.88,1938.68,0.6921,8.72,128.249,9985.43,1.3306,,,,,,,,,,,,,,,,,,,,
13/01/2016,58.78,45.19,1890.28,0.6941,8.521,128.78,9960.96,1.3245,,,,,,,,,,,,,,,,,,,,
14/01/2016,58.51,45.38,1921.84,0.6938,8.454,127.49,9794.2,1.3265,,,,,,,,,,,,,,,,,,,,
15/01/2016,57.56,42.47,1880.33,0.7015,8.075,120.499,9545.27,1.3061,,,,,,,,,,,,,,,,,,,,
18/01/2016,57.56,42.47,1880.33,0.7021,7.929,118.59,9521.85,1.3077,,,,,,,,,,,,,,,,,,,,
19/01/2016,58.32,41.94,1881.33,0.7063,7.849,121.58,9664.21,1.298,,,,,,,,,,,,,,,,,,,,
20/01/2016,59.04,40.49,1859.33,0.7047,7.587,118.1,9391.64,1.3031,,,,,,,,,,,,,,,,,,,,
21/01/2016,60.56,40.15,1868.99,0.7032,7.625,123.5,9574.16,1.3079,,,,,,,,,,,,,,,,,,,,
22/01/2016,60.88,41.06,1906.9,0.7011,7.92,125.31,9764.88,1.3202,,,,,,,,,,,,,,,,,,,,
25/01/2016,60.7,39.55,1877.08,0.7018,7.501,122.23,9736.15,1.3132,,,,,,,,,,,,,,,,,,,,
26/01/2016,61.11,40.5,1903.63,0.6969,7.715,124.99,9822.75,1.3201,,,,,,,,,,,,,,,,,,,,
27/01/2016,59.58,40.56,1882.95,0.7026,7.588,123.7,9880.82,1.3067,,,,,,,,,,,,,,,,,,,,
28/01/2016,61.2,40.39,1893.36,0.6963,7.434,121.73,9639.59,1.3128,,,,,,,,,,,,,,,,,,,,
29/01/2016,62.01,42.58,1940.24,0.702,7.497,121.33,9798.11,1.3149,,,,,,,,,,,,,,,,,,,,
01/02/2016,63.16,42.48,1939.38,0.6928,7.483,119.92,9757.88,1.3256,,,,,,,,,,,,,,,,,,,,
02/02/2016,62.55,40.42,1903.03,0.694,7.09,116.7,9581.04,1.3198,,,,,,,,,,,,,,,,,,,,
03/02/2016,62.49,40.36,1912.53,0.6848,7.002,115.2,9434.82,1.3151,,,,,,,,,,,,,,,,,,,,
04/02/2016,60.17,40.79,1915.45,0.6854,7.129,115.15,9393.36,1.3016,,,,,,,,,,,,,,,,,,,,
05/02/2016,57.17,39.86,1880.05,0.6896,7.27,117.95,9286.23,1.2992,,,,,,,,,,,,,,,,,,,,
08/02/2016,55.04,37.81,1853.44,0.6929,6.732,112.44,8979.36,1.2894,,,,,,,,,,,,,,,,,,,,
09/02/2016,55.68,37.51,1852.21,0.691,6.37,110.2,8879.4,1.2815,,,,,,,,,,,,,,,,,,,,
10/02/2016,57.41,37.41,1851.86,0.6885,6.8,110.39,9017.29,1.2861,,,,,,,,,,,,,,,,,,,,
11/02/2016,56,34.98,1829.08,0.6908,6.499,109.96,8752.87,1.2787,,,,,,,,,,,,,,,,,,,,
12/02/2016,56.42,37.54,1864.78,0.6894,7.649,110.65,8967.51,1.2885,,,,,,,,,,,,,,,,,,,,
15/02/2016,56.42,37.54,1864.78,0.6928,7.49,119.77,9206.84,1.294,,,,,,,,,,,,,,,,,,,,
16/02/2016,57.79,38.89,1895.58,0.699,7.41,118.02,9135.11,1.2837,,,,,,,,,,,,,,,,,,,,
17/02/2016,58.17,39.78,1926.82,0.6997,7.52,122.5,9377.21,1.2846,,,,,,,,,,,,,,,,,,,,
18/02/2016,58.6,38.92,1917.83,0.6973,7.38,124.47,9463.64,1.291,,,,,,,,,,,,,,,,,,,,
19/02/2016,59.31,38.99,1917.78,0.6941,7.26,117.22,9388.05,1.2942,,,,,,,,,,,,,,,,,,,,
22/02/2016,60.17,39.52,1945.5,0.7067,7.486,121.8,9573.59,1.283,,,,,,,,,,,,,,,,,,,,
23/02/2016,60.21,38.22,1921.27,0.7132,7.32,120.75,9416.77,1.2725,,,,,,,,,,,,,,,,,,,,
24/02/2016,60.4,38.09,1929.8,0.7181,7.199,118.24,9167.8,1.2645,,,,,,,,,,,,,,,,,,,,
25/02/2016,62.38,38.62,1951.7,0.7162,7.259,117.14,9331.48,1.2672,,,,,,,,,,,,,,,,,,,,
26/02/2016,62.6,39.5,1948.05,0.7208,7.39,121,9513.3,1.2684,,,,,,,,,,,,,,,,,,,,
29/02/2016,61.59,38.85,1932.23,0.7185,7.453,126.15,9495.4,1.2799,,,,,,,,,,,,,,,,,,,,
01/03/2016,62.92,41.27,1978.35,0.7169,7.636,130.52,9717.16,1.2837,,,,,,,,,,,,,,,,,,,,
02/03/2016,62.22,42.22,1986.45,0.7103,7.937,133.5,9776.62,1.2954,,,,,,,,,,,,,,,,,,,,
03/03/2016,61.47,42.83,1993.4,0.7055,8.035,135.15,9751.92,1.294,,,,,,,,,,,,,,,,,,,,
04/03/2016,61.26,42.83,1999.99,0.7029,8.046,137.28,9824.17,1.293,,,,,,,,,,,,,,,,,,,,
07/03/2016,59.25,42.61,2001.76,0.701,8.121,133.51,9778.93,1.2951,,,,,,,,,,,,,,,,,,,,
08/03/2016,59.81,41.05,1979.26,0.7034,7.984,129.98,9692.82,1.2911,,,,,,,,,,,,,,,,,,,,
09/03/2016,58.33,41.15,1989.26,0.7034,8.06,129.98,9723.09,1.2924,,,,,,,,,,,,,,,,,,,,
10/03/2016,58.88,41.37,1989.57,0.7003,8.08,125.75,9498.15,1.2776,,,,,,,,,,,,,,,,,,,,
11/03/2016,60.08,42.99,2022.19,0.6954,8.452,130.5,9831.13,1.2898,,,,,,,,,,,,,,,,,,,,
14/03/2016,60.81,42.67,2019.64,0.6992,8.476,129.63,9990.26,1.2881,,,,,,,,,,,,,,,,,,,,
15/03/2016,61.4,42.59,2015.93,0.7067,8.355,128.24,9933.85,1.2739,,,,,,,,,,,,,,,,,,,,
16/03/2016,61.86,42.23,2027.22,0.7012,8.293,130.08,9983.41,1.2709,,,,,,,,,,,,,,,,,,,,
17/03/2016,63.18,42.85,2040.59,0.6905,8.08,129.87,9892.2,1.2795,,,,,,,,,,,,,,,,,,,,
18/03/2016,62.99,43.54,2049.58,0.6908,8.144,129.4,9950.8,1.2848,,,,,,,,,,,,,,,,,,,,
21/03/2016,64.72,43.6,2051.6,0.6959,8.094,129.27,9948.64,1.2782,,,,,,,,,,,,,,,,,,,,
22/03/2016,64.9,43.38,2049.8,0.7038,8.022,132.66,9990,1.2667,,,,,,,,,,,,,,,,,,,,
23/03/2016,62.44,42.37,2036.71,0.7084,7.878,130.03,10022.93,1.2626,,,,,,,,,,,,,,,,,,,,
24/03/2016,61.65,41.94,2035.94,0.7066,7.797,127.2,9851.35,1.2664,,,,,,,,,,,,,,,,,,,,
25/03/2016,61.65,41.94,2035.94,0.7075,7.797,127.2,9851.35,1.2654,,,,,,,,,,,,,,,,,,,,
28/03/2016,61.34,41.92,2037.05,0.7016,7.797,127.2,9851.35,1.2731,,,,,,,,,,,,,,,,,,,,
29/03/2016,61.49,41.72,2055.01,0.6951,7.69,125.81,9887.94,1.2739,,,,,,,,,,,,,,,,,,,,
30/03/2016,62.04,41.88,2063.95,0.6955,7.689,128.45,10046.61,1.2682,,,,,,,,,,,,,,,,,,,,
31/03/2016,61.47,41.75,2059.74,0.6963,7.641,127.44,9965.51,1.2619,,,,,,,,,,,,,,,,,,,,
01/04/2016,61.59,42.47,2072.78,0.7029,7.639,123.64,9794.64,1.2486,,,,,,,,,,,,,,,,,,,,
04/04/2016,59.97,42.06,2066.13,0.7011,7.622,122.79,9822.08,1.2523,,,,,,,,,,,,,,,,,,,,
05/04/2016,59.67,41.51,2045.17,0.7062,7.34,119.56,9563.36,1.2439,,,,,,,,,,,,,,,,,,,,
06/04/2016,60.31,41.86,2066.66,0.7081,7.492,120.74,9624.51,1.239,,,,,,,,,,,,,,,,,,,,
07/04/2016,60.3,40.27,2041.91,0.7114,7.234,119.63,9530.62,1.2354,,,,,,,,,,,,,,,,,,,,
08/04/2016,59.42,40.47,2047.6,0.7079,7.489,120.08,9622.26,1.239,,,,,,,,,,,,,,,,,,,,
11/04/2016,57.92,41.12,2041.99,0.7024,7.687,120.85,9682.99,1.2483,,,,,,,,,,,,,,,,,,,,
12/04/2016,58.55,41.9,2061.72,0.7005,7.771,121.11,9761.47,1.2537,,,,,,,,,,,,,,,,,,,,
13/04/2016,59.58,44.25,2082.42,0.704,8.27,125.73,10026.1,1.2599,,,,,,,,,,,,,,,,,,,,
14/04/2016,59.49,44.98,2082.78,0.7064,8.338,127.78,10093.65,1.2564,,,,,,,,,,,,,,,,,,,,
15/04/2016,59.5,44.92,2080.73,0.704,8.337,124.59,10051.57,1.2585,,,,,,,,,,,,,,,,,,,,
18/04/2016,59.57,45.11,2094.34,0.7004,8.55,125.16,10120.31,1.262,,,,,,,,,,,,,,,,,,,,
19/04/2016,59.56,45.63,2100.8,0.6945,8.531,128.66,10349.59,1.2677,,,,,,,,,,,,,,,,,,,,
20/04/2016,59.62,46.74,2102.4,0.6978,8.32,136.45,10421.29,1.2687,,,,,,,,,,,,,,,,,,,,
21/04/2016,60.08,46.6,2091.48,0.6982,8.235,138.35,10435.73,1.2689,,,,,,,,,,,,,,,,,,,,
22/04/2016,59.43,46.97,2091.58,0.6941,8.309,136.61,10373.49,1.2838,,,,,,,,,,,,,,,,,,,,
25/04/2016,59.21,46.69,2087.79,0.6905,8.165,134.45,10294.35,1.2852,,,,,,,,,,,,,,,,,,,,
26/04/2016,59.54,47.1,2091.7,0.6858,8.269,136.93,10259.59,1.2905,,,,,,,,,,,,,,,,,,,,
27/04/2016,59.27,47.33,2095.15,0.6876,8.26,140.5,10299.83,1.2845,,,,,,,,,,,,,,,,,,,,
28/04/2016,58.54,46.73,2075.81,0.6846,8.322,139.66,10321.15,1.2869,,,,,,,,,,,,,,,,,,,,
29/04/2016,58.94,46.28,2065.3,0.6844,8.177,138.68,10038.97,1.2761,,,,,,,,,,,,,,,,,,,,
02/05/2016,59.59,46.68,2081.43,0.6815,8.005,137.28,10123.27,1.2722,,,,,,,,,,,,,,,,,,,,
03/05/2016,59.52,45.57,2063.37,0.688,7.38,133.7,9926.77,1.2643,,,,,,,,,,,,,,,,,,,,
04/05/2016,59.11,44.66,2051.12,0.6899,7.149,131.3,9828.25,1.262,,,,,,,,,,,,,,,,,,,,
05/05/2016,58.19,44.23,2050.63,0.6904,7.025,129.82,9851.86,1.27,,,,,,,,,,,,,,,,,,,,
06/05/2016,58.43,44.41,2057.14,0.6931,7.145,132.4,9869.95,1.2652,,,,,,,,,,,,,,,,,,,,
09/05/2016,58.72,43.89,2058.69,0.6941,7.024,134.22,9980.49,1.2658,,,,,,,,,,,,,,,,,,,,
10/05/2016,59.2,44.84,2084.39,0.6923,7.087,139.78,10045.44,1.2699,,,,,,,,,,,,,,,,,,,,
11/05/2016,57.01,44.47,2064.46,0.6922,6.996,137.18,9975.32,1.2644,,,,,,,,,,,,,,,,,,,,
12/05/2016,57.99,44,2064.11,0.692,6.955,135.5,9862.12,1.2702,,,,,,,,,,,,,,,,,,,,
13/05/2016,57.31,43.11,2046.61,0.6963,6.955,135.7,9952.9,1.2702,,,,,,,,,,,,,,,,,,,,
16/05/2016,57.14,43.15,2066.66,0.6944,6.966,135.95,9952.9,1.2722,,,,,,,,,,,,,,,,,,,,
17/05/2016,57.1,43.7,2047.21,0.6914,6.993,131.78,9890.19,1.278,,,,,,,,,,,,,,,,,,,,
18/05/2016,56.12,45.87,2047.63,0.685,7.169,134.43,9943.23,1.3016,,,,,,,,,,,,,,,,,,,,
19/05/2016,57.04,45.06,2040.04,0.6844,7.265,134.9,9795.89,1.3043,,,,,,,,,,,,,,,,,,,,
20/05/2016,56.48,44.9,2052.32,0.6897,7.295,135.24,9916.02,1.2922,,,,,,,,,,,,,,,,,,,,
23/05/2016,55.99,45.11,2048.04,0.6904,7.305,133.74,9842.29,1.2909,,,,,,,,,,,,,,,,,,,,
24/05/2016,56.59,45.86,2076.06,0.6833,7.459,137.46,10057.31,1.3137,,,,,,,,,,,,,,,,,,,,
25/05/2016,55.99,46.94,2090.54,0.6804,7.774,138.34,10205.21,1.3175,,,,,,,,,,,,,,,,,,,,
26/05/2016,55.84,46.11,2090.1,0.6817,7.766,139.25,10272.71,1.3106,,,,,,,,,,,,,,,,,,,,
27/05/2016,56.19,46.58,2099.06,0.6839,7.774,139.75,10286.31,1.3154,,,,,,,,,,,,,,,,,,,,
30/05/2016,56.19,46.58,2099.06,0.6831,7.816,141.22,10333.23,1.3145,,,,,,,,,,,,,,,,,,,,
31/05/2016,55.22,46.57,2096.96,0.6905,7.656,139.17,10262.74,1.3011,,,,,,,,,,,,,,,,,,,,
01/06/2016,54.93,46.94,2099.33,0.6937,7.572,137.33,10204.44,1.2885,,,,,,,,,,,,,,,,,,,,
02/06/2016,54.53,46.97,2105.26,0.6933,7.572,140.44,10208,1.2935,,,,,,,,,,,,,,,,,,,,
03/06/2016,53.45,45.39,2099.13,0.6888,7.375,135.6,10103.26,1.2774,,,,,,,,,,,,,,,,,,,,
06/06/2016,54.3,45.74,2109.41,0.6925,7.324,136.71,10121.08,1.272,,,,,,,,,,,,,,,,,,,,
07/06/2016,53.55,45.54,2112.13,0.6875,7.412,139.01,10287.68,1.2805,,,,,,,,,,,,,,,,,,,,
08/06/2016,54.12,45.56,2119.12,0.6894,7.279,137.02,10217.03,1.2729,,,,,,,,,,,,,,,,,,,,
09/06/2016,54.94,45.01,2115.48,0.6917,7.12,134.06,10088.87,1.2777,,,,,,,,,,,,,,,,,,,,
10/06/2016,55.11,43.9,2096.07,0.7015,6.787,132.01,9834.62,1.2674,,,,,,,,,,,,,,,,,,,,
13/06/2016,54.91,43.16,2079.06,0.7007,6.52,127.69,9657.44,1.2634,,,,,,,,,,,,,,,,,,,,
14/06/2016,54.12,41.96,2075.32,0.7084,6.425,130.48,9519.2,1.2593,,,,,,,,,,,,,,,,,,,,
15/06/2016,54.31,42.01,2071.5,0.704,6.415,128.86,9606.71,1.2616,,,,,,,,,,,,,,,,,,,,
16/06/2016,53.47,42.12,2077.99,0.7041,6.362,127.16,9550.47,1.2653,,,,,,,,,,,,,,,,,,,,
17/06/2016,53.71,42.48,2071.22,0.6964,6.56,130.12,9631.36,1.273,,,,,,,,,,,,,,,,,,,,
20/06/2016,54.36,42.8,2083.25,0.6808,6.73,133.22,9962.02,1.2986,,,,,,,,,,,,,,,,,,,,
21/06/2016,54.77,42.92,2088.9,0.6825,6.794,132.52,10015.54,1.3031,,,,,,,,,,,,,,,,,,,,
22/06/2016,54.57,42.68,2085.45,0.6799,6.8,130.17,10071.06,1.3019,,,,,,,,,,,,,,,,,,,,
23/06/2016,54.12,44.46,2113.32,0.6722,7.175,135.13,10257.03,1.3072,,,,,,,,,,,,,,,,,,,,
24/06/2016,52.59,40.3,2037.41,0.7314,6.2,128.77,9557.16,1.232,,,,,,,,,,,,,,,,,,,,
27/06/2016,51.89,38.48,2000.54,0.756,5.96,121,9268.66,1.1998,,,,,,,,,,,,,,,,,,,,
28/06/2016,53.09,40.44,2036.09,0.7494,5.98,126.08,9447.28,1.2063,,,,,,,,,,,,,,,,,,,,
29/06/2016,55.13,42.12,2070.77,0.7448,5.917,121.66,9612.27,1.2073,,,,,,,,,,,,,,,,,,,,
30/06/2016,55.2,42.39,2098.86,0.7512,5.925,122.07,9680.09,1.1984,,,,,,,,,,,,,,,,,,,,
01/07/2016,55.61,42.17,2102.95,0.7535,5.84,125.68,9776.12,1.1918,,,,,,,,,,,,,,,,,,,,
04/07/2016,55.61,42.17,2102.95,0.7525,5.735,122.45,9709.09,1.1917,,,,,,,,,,,,,,,,,,,,
05/07/2016,55.2,40.78,2088.55,0.7679,5.564,120,9532.61,1.1757,,,,,,,,,,,,,,,,,,,,
06/07/2016,55.8,41.06,2099.73,0.7733,5.42,118.71,9373.26,1.165,,,,,,,,,,,,,,,,,,,,
07/07/2016,55.92,41.29,2097.9,0.7747,5.397,118.23,9418.78,1.1669,,,,,,,,,,,,,,,,,,,,
08/07/2016,56.72,41.98,2129.9,0.7721,5.74,121.05,9629.66,1.172,,,,,,,,,,,,,,,,,,,,
11/07/2016,56.83,42.29,2137.16,0.7692,5.762,122.73,9833.41,1.1755,,,,,,,,,,,,,,,,,,,,
12/07/2016,58.06,43.44,2152.14,0.7549,5.927,126.96,9964.07,1.1977,,,,,,,,,,,,,,,,,,,,
13/07/2016,57.99,43.33,2152.43,0.7606,5.853,125.11,9930.71,1.1854,,,,,,,,,,,,,,,,,,,,
14/07/2016,58.49,44.45,2163.75,0.7494,5.98,127.51,10068.3,1.1999,,,,,,,,,,,,,,,,,,,,
15/07/2016,57.87,44.33,2161.74,0.7583,5.935,127.16,10066.9,1.1949,,,,,,,,,,,,,,,,,,,,
18/07/2016,57.74,44.57,2166.89,0.7544,5.93,127.3,10063.13,1.1968,,,,,,,,,,,,,,,,,,,,
19/07/2016,57.76,44.35,2163.78,0.7628,5.885,126.75,9981.24,1.1896,,,,,,,,,,,,,,,,,,,,
20/07/2016,57.76,44.47,2173.02,0.7571,5.863,130.84,10142.01,1.1991,,,,,,,,,,,,,,,,,,,,
21/07/2016,56.99,44.13,2165.17,0.7559,5.93,129.97,10156.21,1.1995,,,,,,,,,,,,,,,,,,,,
22/07/2016,56.73,44.3,2175.03,0.7629,5.839,130.07,10147.46,1.1942,,,,,,,,,,,,,,,,,,,,
25/07/2016,57.14,44.04,2168.48,0.7611,5.72,131.7,10198.24,1.195,,,,,,,,,,,,,,,,,,,,
26/07/2016,56.37,44.15,2169.18,0.7617,5.584,133.22,10247.76,1.195,,,,,,,,,,,,,,,,,,,,
27/07/2016,55.79,44.29,2166.58,0.7563,5.64,135.98,10319.55,1.1957,,,,,,,,,,,,,,,,,,,,
28/07/2016,55.45,44.08,2170.06,0.7597,5.724,131.84,10274.93,1.1884,,,,,,,,,,,,,,,,,,,,
29/07/2016,55.5,43.81,2173.6,0.756,5.884,132.54,10337.5,1.1841,,,,,,,,,,,,,,,,,,,,
01/08/2016,55.41,43.42,2170.84,0.7588,5.725,131.4,10330.52,1.1805,,,,,,,,,,,,,,,,,,,,
02/08/2016,54.92,42.99,2157.03,0.7487,5.315,127.32,10144.34,1.1901,,,,,,,,,,,,,,,,,,,,
03/08/2016,54.75,43.89,2163.79,0.7505,5.247,126.78,10170.21,1.1952,,,,,,,,,,,,,,,,,,,,
04/08/2016,54.79,43.84,2164.25,0.7629,5.279,128.68,10227.86,1.1777,,,,,,,,,,,,,,,,,,,,
05/08/2016,55.85,45.72,2182.87,0.765,5.381,131.55,10367.21,1.179,,,,,,,,,,,,,,,,,,,,
08/08/2016,55.98,45.96,2180.89,0.7668,5.56,130.95,10432.36,1.1761,,,,,,,,,,,,,,,,,,,,
09/08/2016,55.77,45.9,2181.74,0.7691,5.61,132.94,10692.9,1.1697,,,,,,,,,,,,,,,,,,,,
10/08/2016,55.13,45.45,2175.49,0.7687,5.736,133.34,10650.89,1.1641,,,,,,,,,,,,,,,,,,,,
11/08/2016,56.73,45.73,2185.79,0.7718,5.759,133.7,10742.84,1.1633,,,,,,,,,,,,,,,,,,,,
12/08/2016,56.45,45.58,2184.05,0.774,5.755,131.96,10713.43,1.1572,,,,,,,,,,,,,,,,,,,,
15/08/2016,56.77,46.39,2190.15,0.7763,5.75,133.62,10739.21,1.1517,,,,,,,,,,,,,,,,,,,,
16/08/2016,56.88,46.62,2178.15,0.7665,5.755,130.2,10676.65,1.1568,,,,,,,,,,,,,,,,,,,,
17/08/2016,56.86,46.63,2182.22,0.7668,5.723,129.29,10537.67,1.1552,,,,,,,,,,,,,,,,,,,,
18/08/2016,57.21,46.5,2187.02,0.7594,5.748,128.39,10603.03,1.1598,,,,,,,,,,,,,,,,,,,,
19/08/2016,58.9,46.53,2183.87,0.7649,5.666,128.12,10544.36,1.1541,,,,,,,,,,,,,,,,,,,,
22/08/2016,58.66,46.66,2182.64,0.7612,5.725,128.01,10494.35,1.1605,,,,,,,,,,,,,,,,,,,,
23/08/2016,59.62,46.59,2186.9,0.7577,5.883,129.5,10592.88,1.1674,,,,,,,,,,,,,,,,,,,,
24/08/2016,60.22,46.66,2175.44,0.7557,6.038,128.97,10622.97,1.1747,,,,,,,,,,,,,,,,,,,,
25/08/2016,59.24,46.72,2172.47,0.758,6.019,126.96,10529.59,1.1689,,,,,,,,,,,,,,,,,,,,
26/08/2016,59,47.11,2169.04,0.7612,5.983,128.41,10587.77,1.1731,,,,,,,,,,,,,,,,,,,,
29/08/2016,58.63,47.26,2180.38,0.763,5.957,128.66,10544.44,1.1712,,,,,,,,,,,,,,,,,,,,
30/08/2016,58,47.9,2176.12,0.7645,6.063,130.54,10657.64,1.1741,,,,,,,,,,,,,,,,,,,,
31/08/2016,57.64,47.74,2170.95,0.7611,6.265,130.41,10592.69,1.1775,,,,,,,,,,,,,,,,,,,,
01/09/2016,58.54,47.36,2170.86,0.7537,6.463,130.15,10534.31,1.185,,,,,,,,,,,,,,,,,,,,
02/09/2016,58.02,47.51,2179.98,0.7522,6.544,131.36,10683.82,1.1918,,,,,,,,,,,,,,,,,,,,
05/09/2016,58.02,47.51,2179.98,0.7517,6.446,131.58,10672.22,1.1934,,,,,,,,,,,,,,,,,,,,
06/09/2016,57.41,47.29,2186.48,0.7441,6.295,131.31,10687.14,1.1942,,,,,,,,,,,,,,,,,,,,
07/09/2016,57.72,47.48,2186.16,0.7495,6.395,133.26,10752.98,1.1871,,,,,,,,,,,,,,,,,,,,
08/09/2016,56.17,47.79,2181.3,0.7522,6.42,131.82,10675.29,1.1807,,,,,,,,,,,,,,,,,,,,
09/09/2016,55.33,47.17,2127.81,0.7538,6.435,130.63,10573.44,1.1814,,,,,,,,,,,,,,,,,,,,
12/09/2016,56.01,47.79,2159.04,0.7499,6.36,131.8,10431.77,1.1871,,,,,,,,,,,,,,,,,,,,
13/09/2016,55.37,46.92,2127.02,0.7579,6.216,130.83,10386.6,1.1759,,,,,,,,,,,,,,,,,,,,
14/09/2016,55.13,46.75,2125.77,0.7556,6.144,129.39,10378.4,1.1766,,,,,,,,,,,,,,,,,,,,
15/09/2016,55.47,47.08,2147.26,0.7554,6.191,130.13,10431.2,1.1775,,,,,,,,,,,,,,,,,,,,
16/09/2016,55.18,46.41,2139.16,0.7691,6.043,127.49,10276.17,1.1655,,,,,,,,,,,,,,,,,,,,
19/09/2016,54.95,46.59,2139.12,0.7675,6.077,128.23,10373.87,1.166,,,,,,,,,,,,,,,,,,,,
20/09/2016,54.87,46.54,2139.76,0.77,6.003,127.57,10393.86,1.1648,,,,,,,,,,,,,,,,,,,,
21/09/2016,55.34,46.9,2163.12,0.7673,6.239,129.41,10436.49,1.1648,,,,,,,,,,,,,,,,,,,,
22/09/2016,55.41,47.11,2177.18,0.7646,6.311,130.39,10674.18,1.1669,,,,,,,,,,,,,,,,,,,,
23/09/2016,55.15,47.15,2164.69,0.7711,6.296,129,10626.97,1.155,,,,,,,,,,,,,,,,,,,,
26/09/2016,54.4,45.89,2146.1,0.7707,6.038,126.47,10393.71,1.1529,,,,,,,,,,,,,,,,,,,,
27/09/2016,55.34,46.37,2159.93,0.7678,5.94,124.27,10361.48,1.1613,,,,,,,,,,,,,,,,,,,,
28/09/2016,53.25,46.87,2171.37,0.7681,6.03,127.23,10438.34,1.1606,,,,,,,,,,,,,,,,,,,,
29/09/2016,52.16,45.8,2151.13,0.7712,5.71,124.7,10405.54,1.1556,,,,,,,,,,,,,,,,,,,,
30/09/2016,52.65,47.23,2168.27,0.7705,5.758,128.51,10511.02,1.1543,,,,,,,,,,,,,,,,,,,,
03/10/2016,52.67,47.03,2161.2,0.7787,5.72,128.5,10511.02,1.1455,,,,,,,,,,,,,,,,,,,,
04/10/2016,52.14,47.75,2150.49,0.7856,5.822,129.59,10619.61,1.1361,,,,,,,,,,,,,,,,,,,,
05/10/2016,52.12,48.65,2159.73,0.7843,5.791,131.67,10585.78,1.1378,,,,,,,,,,,,,,,,,,,,
06/10/2016,52.03,49.07,2160.77,0.7927,5.73,131.74,10568.8,1.1313,,,,,,,,,,,,,,,,,,,,
07/10/2016,51.79,49.28,2153.74,0.8042,5.693,130.8,10490.86,1.1104,,,,,,,,,,,,,,,,,,,,
10/10/2016,51.79,49.55,2163.66,0.8089,5.662,132.65,10624.08,1.1099,,,,,,,,,,,,,,,,,,,,
11/10/2016,51.82,48.99,2136.73,0.8248,5.739,132.25,10577.16,1.0967,,,,,,,,,,,,,,,,,,,,
12/10/2016,52.44,48.7,2139.18,0.8192,5.797,132.02,10523.07,1.1091,,,,,,,,,,,,,,,,,,,,
13/10/2016,52.03,48.47,2132.55,0.816,5.639,130.43,10414.07,1.1083,,,,,,,,,,,,,,,,,,,,
14/10/2016,51.62,48.61,2132.98,0.8205,5.691,131.76,10580.38,1.1109,,,,,,,,,,,,,,,,,,,,
17/10/2016,51.03,48.6,2126.5,0.8209,5.693,130.48,10503.57,1.1076,,,,,,,,,,,,,,,,,,,,
18/10/2016,51.22,48.99,2139.6,0.8131,5.85,131.21,10631.55,1.1199,,,,,,,,,,,,,,,,,,,,
19/10/2016,51.8,49.48,2144.29,0.8139,5.915,131.89,10645.68,1.1196,,,,,,,,,,,,,,,,,,,,
20/10/2016,51.89,49.58,2141.34,0.816,6.05,134,10701.39,1.1212,,,,,,,,,,,,,,,,,,,,
21/10/2016,51.77,49.57,2141.16,0.8176,6.076,133.58,10710.73,1.1239,,,,,,,,,,,,,,,,,,,,
24/10/2016,51.87,49.58,2151.33,0.8171,6.211,135.12,10761.17,1.1246,,,,,,,,,,,,,,,,,,,,
25/10/2016,51.05,49.59,2143.16,0.8204,6.14,134.2,10757.31,1.1194,,,,,,,,,,,,,,,,,,,,
26/10/2016,51.97,50.01,2139.43,0.8165,6.228,133.81,10709.68,1.1227,,,,,,,,,,,,,,,,,,,,
27/10/2016,51.89,49.93,2133.04,0.8221,6.281,134.5,10717.08,1.1162,,,,,,,,,,,,,,,,,,,,
28/10/2016,52.02,49.56,2126.41,0.8204,6.26,134.55,10696.19,1.1119,,,,,,,,,,,,,,,,,,,,
31/10/2016,50.18,49.15,2126.15,0.8169,6.13,135.86,10665.01,1.115,,,,,,,,,,,,,,,,,,,,
01/11/2016,49.62,48.94,2111.72,0.8168,6.068,132.92,10526.16,1.1074,,,,,,,,,,,,,,,,,,,,
02/11/2016,49.72,48.54,2097.94,0.8128,5.9,129.18,10370.93,1.1086,,,,,,,,,,,,,,,,,,,,
03/11/2016,49.73,48.19,2088.66,0.8024,6.036,127.72,10325.88,1.122,,,,,,,,,,,,,,,,,,,,
04/11/2016,49.96,48.17,2085.18,0.7988,5.98,126.62,10259.13,1.1237,,,,,,,,,,,,,,,,,,,,
07/11/2016,50.91,49.82,2131.52,0.8066,6.28,127.73,10456.95,1.1229,,,,,,,,,,,,,,,,,,,,
08/11/2016,51.08,49.91,2139.56,0.8077,6.268,127.79,10482.32,1.1237,,,,,,,,,,,,,,,,,,,,
09/11/2016,51.12,51.59,2163.26,0.806,6.361,126.25,10646.01,1.1371,,,,,,,,,,,,,,,,,,,,
10/11/2016,50.39,53.61,2167.48,0.7965,6.718,127.01,10630.12,1.1526,,,,,,,,,,,,,,,,,,,,
11/11/2016,50.77,52.83,2164.45,0.7937,6.712,128.58,10667.95,1.1606,,,,,,,,,,,,,,,,,,,,
14/11/2016,50.21,54.68,2164.2,0.8006,7.198,128.88,10693.69,1.1633,,,,,,,,,,,,,,,,,,,,
15/11/2016,50.13,55.45,2180.39,0.803,7.26,129.74,10735.14,1.1618,,,,,,,,,,,,,,,,,,,,
16/11/2016,50.68,54.63,2176.94,0.8037,7.127,128,10663.87,1.1638,,,,,,,,,,,,,,,,,,,,
17/11/2016,51.59,55.45,2187.12,0.8053,7.107,129.38,10685.54,1.1687,,,,,,,,,,,,,,,,,,,,
18/11/2016,51.1,55.46,2181.9,0.81,7.052,128.22,10664.56,1.1656,,,,,,,,,,,,,,,,,,,,
21/11/2016,51.28,55.54,2198.18,0.8004,7.024,130,10685.13,1.1753,,,,,,,,,,,,,,,,,,,,
22/11/2016,51.71,56.1,2202.94,0.805,6.921,130.14,10713.85,1.169,,,,,,,,,,,,,,,,,,,,
23/11/2016,51.34,56.69,2204.72,0.8038,6.814,131.7,10662.44,1.1788,,,,,,,,,,,,,,,,,,,,
24/11/2016,51.34,56.69,2204.72,0.8031,6.723,132.85,10689.26,1.1797,,,,,,,,,,,,,,,,,,,,
25/11/2016,51.52,56.78,2213.35,0.8013,6.599,132.43,10699.27,1.178,,,,,,,,,,,,,,,,,,,,
28/11/2016,51.01,55.47,2201.72,0.8054,6.37,130.66,10582.67,1.1697,,,,,,,,,,,,,,,,,,,,
29/11/2016,50.63,55.52,2204.66,0.8005,6.412,129.82,10620.49,1.1731,,,,,,,,,,,,,,,,,,,,
30/11/2016,50.07,56.39,2198.81,0.7996,6.594,128.93,10640.3,1.181,,,,,,,,,,,,,,,,,,,,
01/12/2016,50.65,57.27,2191.08,0.7942,6.682,127.43,10534.05,1.181,,,,,,,,,,,,,,,,,,,,
02/12/2016,50.46,56.02,2191.95,0.7856,6.538,127.2,10513.35,1.1935,,,,,,,,,,,,,,,,,,,,
05/12/2016,51.85,57.28,2204.71,0.7855,6.593,130.06,10684.83,1.1829,,,,,,,,,,,,,,,,,,,,
06/12/2016,50.57,57.92,2212.23,0.7888,7.1,130.65,10775.32,1.1828,,,,,,,,,,,,,,,,,,,,
07/12/2016,52.1,59.06,2241.35,0.792,7.32,134.01,10986.69,1.1742,,,,,,,,,,,,,,,,,,,,
08/12/2016,51.55,60.15,2246.19,0.7945,7.68,135.5,11179.42,1.1858,,,,,,,,,,,,,,,,,,,,
09/12/2016,51.72,60.04,2259.53,0.7952,7.6,134.37,11203.63,1.1909,,,,,,,,,,,,,,,,,,,,
12/12/2016,51.54,59.55,2256.96,0.7889,7.67,134.03,11190.21,1.192,,,,,,,,,,,,,,,,,,,,
13/12/2016,52.3,59.79,2271.72,0.7901,7.69,135.11,11284.65,1.1913,,,,,,,,,,,,,,,,,,,,
14/12/2016,51.79,59.45,2253.28,0.7959,7.63,135.8,11244.84,1.1925,,,,,,,,,,,,,,,,,,,,
15/12/2016,51.29,60.23,2262.03,0.8052,7.799,136.8,11366.4,1.1925,,,,,,,,,,,,,,,,,,,,
16/12/2016,50.92,59.75,2258.07,0.8008,7.72,138.65,11404.01,1.1947,,,,,,,,,,,,,,,,,,,,
19/12/2016,50.85,59.66,2262.53,0.807,7.472,138.83,11426.7,1.1915,,,,,,,,,,,,,,,,,,,,
20/12/2016,51.79,60.8,2270.76,0.8085,7.631,140.57,11464.74,1.1905,,,,,,,,,,,,,,,,,,,,
21/12/2016,52.3,60.75,2265.18,0.8095,7.619,143.23,11468.64,1.1851,,,,,,,,,,,,,,,,,,,,
22/12/2016,52.14,60.49,2260.96,0.8141,7.566,143.22,11456.1,1.1769,,,,,,,,,,,,,,,,,,,,
23/12/2016,51.91,60.99,2263.79,0.8139,7.474,141.2,11449.93,1.1749,,,,,,,,,,,,,,,,,,,,
26/12/2016,51.91,60.99,2263.79,0.814,7.474,141.2,11449.93,1.1749,,,,,,,,,,,,,,,,,,,,
27/12/2016,51.29,61.09,2268.88,0.8149,7.439,141.04,11472.24,1.1732,,,,,,,,,,,,,,,,,,,,
28/12/2016,51.02,60.04,2249.92,0.8179,7.285,140.104,11474.99,1.174,,,,,,,,,,,,,,,,,,,,
29/12/2016,51.06,59.38,2249.26,0.8155,7.19,137.27,11451.05,1.1691,,,,,,,,,,,,,,,,,,,,
30/12/2016,50.83,59.43,2238.83,0.8101,7.246,136.75,11481.06,1.1731,,,,,,,,,,,,,,,,,,,,
02/01/2017,50.83,59.43,2238.83,0.8145,7.5,140.99,11598.33,1.1744,,,,,,,,,,,,,,,,,,,,
03/01/2017,51.98,60.59,2257.83,0.8172,7.753,143.2,11584.24,1.1761,,,,,,,,,,,,,,,,,,,,
04/01/2017,53.07,61.41,2270.75,0.8115,7.877,142.1,11584.31,1.1749,,,,,,,,,,,,,,,,,,,,
05/01/2017,53.06,60.34,2269,0.8052,7.836,142.9,11584.94,1.171,,,,,,,,,,,,,,,,,,,,
06/01/2017,53.91,60.55,2276.98,0.814,7.836,142.87,11599.01,1.1664,,,,,,,,,,,,,,,,,,,,
09/01/2017,53.38,60.22,2268.9,0.8222,7.662,147.7,11563.99,1.1504,,,,,,,,,,,,,,,,,,,,
10/01/2017,53.11,60.23,2268.9,0.8212,7.62,149,11583.3,1.1537,,,,,,,,,,,,,,,,,,,,
11/01/2017,52.69,59.96,2275.32,0.8189,7.603,154.3,11646.17,1.1543,,,,,,,,,,,,,,,,,,,,
12/01/2017,52.4,59.23,2270.44,0.8222,7.454,152,11521.04,1.1459,,,,,,,,,,,,,,,,,,,,
13/01/2017,52.92,59.63,2274.64,0.821,7.578,150.91,11629.18,1.1451,,,,,,,,,,,,,,,,,,,,
16/01/2017,52.92,59.63,2274.64,0.83,7.459,148.39,11554.71,1.1365,,,,,,,,,,,,,,,,,,,,
17/01/2017,53.65,58.38,2267.89,0.8055,7.462,147.5,11540,1.1588,,,,,,,,,,,,,,,,,,,,
18/01/2017,53.27,57.39,2271.89,0.8156,7.51,147.46,11599.39,1.1535,,,,,,,,,,,,,,,,,,,,
19/01/2017,52.93,56.66,2263.69,0.8103,7.81,148.58,11596.89,1.1574,,,,,,,,,,,,,,,,,,,,
20/01/2017,53.2,56.11,2271.31,0.8083,8.03,149.16,11630.13,1.1561,,,,,,,,,,,,,,,,,,,,
23/01/2017,53.24,55.68,2265.2,0.7977,7.903,154,11545.75,1.1644,,,,,,,,,,,,,,,,,,,,
24/01/2017,53.45,56.74,2280.07,0.7987,7.988,156,11594.94,1.1667,,,,,,,,,,,,,,,,,,,,
25/01/2017,53.86,57.69,2298.37,0.7915,8.263,156.38,11806.05,1.1754,,,,,,,,,,,,,,,,,,,,
26/01/2017,53.65,57.36,2296.68,0.794,8.27,155,11848.63,1.1789,,,,,,,,,,,,,,,,,,,,
27/01/2017,53.19,57.11,2294.69,0.7967,8.246,152.79,11814.27,1.173,,,,,,,,,,,,,,,,,,,,
30/01/2017,53.08,56.61,2280.9,0.8009,8.125,148.84,11681.89,1.1673,,,,,,,,,,,,,,,,,,,,
31/01/2017,52.9,55.83,2278.87,0.7949,8.04,147.99,11535.31,1.1649,,,,,,,,,,,,,,,,,,,,
01/02/2017,53.02,56.05,2279.55,0.79,8.183,149.83,11659.5,1.1754,,,,,,,,,,,,,,,,,,,,
02/02/2017,52.8,55.98,2280.85,0.7982,8.109,148.35,11627.95,1.1645,,,,,,,,,,,,,,,,,,,,
03/02/2017,52.36,57.76,2297.42,0.8011,8.184,148.73,11651.49,1.1576,,,,,,,,,,,,,,,,,,,,
06/02/2017,52.8,57.64,2292.56,0.8021,7.96,145.09,11509.84,1.1598,,,,,,,,,,,,,,,,,,,,
07/02/2017,52.81,57.19,2293.08,0.7993,7.87,145.81,11549.44,1.171,,,,,,,,,,,,,,,,,,,,
08/02/2017,53.88,56.32,2294.67,0.7974,7.742,143.91,11543.38,1.1722,,,,,,,,,,,,,,,,,,,,
09/02/2017,55.31,57.26,2307.87,0.8003,7.59,143.54,11642.86,1.1728,,,,,,,,,,,,,,,,,,,,
10/02/2017,56.22,57.63,2316.1,0.8006,7.41,146.55,11666.97,1.1738,,,,,,,,,,,,,,,,,,,,
13/02/2017,56.09,58.95,2328.25,0.7983,7.39,149.53,11774.43,1.1819,,,,,,,,,,,,,,,,,,,,
14/02/2017,56.45,59.83,2337.58,0.802,7.526,150.56,11771.81,1.1787,,,,,,,,,,,,,,,,,,,,
15/02/2017,56.64,60.5,2349.25,0.8024,7.69,149.19,11793.93,1.1755,,,,,,,,,,,,,,,,,,,,
16/02/2017,56.29,60.38,2347.22,0.8007,7.503,147.56,11757.24,1.1701,,,,,,,,,,,,,,,,,,,,
17/02/2017,56.75,60.17,2351.16,0.8057,7.417,145.3,11757.02,1.1693,,,,,,,,,,,,,,,,,,,,
20/02/2017,56.75,60.17,2351.16,0.8024,7.446,145.74,11827.62,1.1743,,,,,,,,,,,,,,,,,,,,
21/02/2017,57.36,60.55,2365.38,0.8017,7.408,147.9,11967.49,1.1838,,,,,,,,,,,,,,,,,,,,
22/02/2017,58.24,60.62,2362.82,0.8034,7.361,145.42,11998.59,1.1792,,,,,,,,,,,,,,,,,,,,
23/02/2017,57.39,60.62,2363.81,0.7965,7.319,145.77,11947.83,1.1865,,,,,,,,,,,,,,,,,,,,
24/02/2017,57.86,59.56,2367.34,0.8024,7.083,145.5,11804.03,1.1797,,,,,,,,,,,,,,,,,,,,
27/02/2017,57.69,60.02,2369.75,0.8037,7.13,144.59,11822.67,1.1754,,,,,,,,,,,,,,,,,,,,
28/02/2017,57.16,59.81,2363.64,0.8078,7.17,142.62,11834.41,1.1705,,,,,,,,,,,,,,,,,,,,
01/03/2017,57.95,61.54,2395.96,0.8134,7.467,146.52,12067.19,1.1656,,,,,,,,,,,,,,,,,,,,
02/03/2017,57.8,60.63,2381.92,0.8152,7.432,146.72,12059.57,1.1675,,,,,,,,,,,,,,,,,,,,
03/03/2017,56.7,61,2383.12,0.8133,7.74,147.34,12027.36,1.1573,,,,,,,,,,,,,,,,,,,,
06/03/2017,56.77,60.28,2375.31,0.8172,7.715,145.23,11958.4,1.1564,,,,,,,,,,,,,,,,,,,,
07/03/2017,56.55,60.5,2368.39,0.8196,7.664,145.5,11966.14,1.1547,,,,,,,,,,,,,,,,,,,,
08/03/2017,56.51,61.11,2362.98,0.8218,7.72,144.97,11967.31,1.1544,,,,,,,,,,,,,,,,,,,,
09/03/2017,56.36,61.55,2364.87,0.8221,7.815,143.18,11978.39,1.1501,,,,,,,,,,,,,,,,,,,,
10/03/2017,56.43,61.49,2372.6,0.8222,8.25,143.59,11963.18,1.1397,,,,,,,,,,,,,,,,,,,,
13/03/2017,56.67,61.53,2373.47,0.8185,8.25,145.56,11990.03,1.147,,,,,,,,,,,,,,,,,,,,
14/03/2017,57.28,61.44,2365.45,0.8227,8.121,144.49,11988.79,1.1461,,,,,,,,,,,,,,,,,,,,
15/03/2017,57.66,60.84,2385.26,0.8161,8.32,143.82,12009.87,1.1451,,,,,,,,,,,,,,,,,,,,
16/03/2017,57.6,61.15,2381.38,0.809,8.395,143.75,12083.18,1.1481,,,,,,,,,,,,,,,,,,,,
17/03/2017,57.8,60.37,2378.25,0.8067,8.524,140.78,12095.24,1.1543,,,,,,,,,,,,,,,,,,,,
20/03/2017,58.68,59.59,2373.47,0.8092,8.316,140.09,12052.9,1.1508,,,,,,,,,,,,,,,,,,,,
21/03/2017,58.01,58.04,2344.02,0.8014,8.319,137.36,11962.13,1.1542,,,,,,,,,,,,,,,,,,,,
22/03/2017,53.92,57.77,2348.45,0.801,8.33,140.01,11904.12,1.1563,,,,,,,,,,,,,,,,,,,,
23/03/2017,55.37,58.05,2345.96,0.7987,8.424,139.11,12039.68,1.1611,,,,,,,,,,,,,,,,,,,,
24/03/2017,56.36,58.07,2343.98,0.8018,8.491,139.44,12064.27,1.1553,,,,,,,,,,,,,,,,,,,,
27/03/2017,55.93,58.33,2341.59,0.7963,8.526,138.75,11996.07,1.1559,,,,,,,,,,,,,,,,,,,,
28/03/2017,56.62,59.42,2358.57,0.8031,8.83,140.91,12149.42,1.1514,,,,,,,,,,,,,,,,,,,,
29/03/2017,56.68,59.39,2361.13,0.8041,8.632,140.67,12203,1.1549,,,,,,,,,,,,,,,,,,,,
30/03/2017,56.04,60.51,2368.06,0.802,8.54,140.59,12256.43,1.168,,,,,,,,,,,,,,,,,,,,
31/03/2017,55.73,59.82,2362.72,0.7968,8.47,139.64,12312.87,1.1778,,,,,,,,,,,,,,,,,,,,
03/04/2017,55.56,59.68,2358.84,0.8009,8.37,139.5,12257.2,1.1702,,,,,,,,,,,,,,,,,,,,
04/04/2017,55.04,59.68,2360.16,0.8039,8.267,138.47,12282.34,1.1655,,,,,,,,,,,,,,,,,,,,
05/04/2017,54.98,59.59,2352.95,0.8011,8.424,136.81,12217.54,1.1707,,,,,,,,,,,,,,,,,,,,
06/04/2017,55.14,59.89,2357.49,0.802,8.354,136.81,12230.89,1.1714,,,,,,,,,,,,,,,,,,,,
07/04/2017,55.11,59.43,2355.54,0.8083,8.284,136.79,12225.06,1.1681,,,,,,,,,,,,,,,,,,,,
10/04/2017,54.9,59.28,2357.16,0.8054,8.328,138.79,12200.52,1.1716,,,,,,,,,,,,,,,,,,,,
11/04/2017,54.92,59.03,2353.78,0.8006,8.198,138,12139.35,1.1779,,,,,,,,,,,,,,,,,,,,
12/04/2017,55.57,58.51,2344.93,0.7975,8.12,138.5,12154.7,1.1762,,,,,,,,,,,,,,,,,,,,
13/04/2017,55.34,58.04,2328.95,0.7998,7.991,136.53,12109,1.178,,,,,,,,,,,,,,,,,,,,
14/04/2017,55.34,58.04,2328.95,0.7983,7.991,136.53,12109,1.1805,,,,,,,,,,,,,,,,,,,,
17/04/2017,56.24,58.99,2349.01,0.7959,7.991,136.53,12109,1.1805,,,,,,,,,,,,,,,,,,,,
18/04/2017,56.11,58.42,2342.19,0.7788,7.89,141.07,12000.44,1.1967,,,,,,,,,,,,,,,,,,,,
19/04/2017,55.86,57.73,2338.17,0.7826,8.174,143.99,12016.45,1.1928,,,,,,,,,,,,,,,,,,,,
20/04/2017,56.4,58.41,2355.84,0.7804,8.263,144.14,12027.32,1.1956,,,,,,,,,,,,,,,,,,,,
21/04/2017,55.85,57.72,2348.69,0.7804,8.292,143.59,12048.57,1.1942,,,,,,,,,,,,,,,,,,,,
24/04/2017,55.47,59.44,2374.15,0.7815,9.088,146.69,12454.98,1.1775,,,,,,,,,,,,,,,,,,,,
25/04/2017,55.45,60.21,2388.61,0.7791,9.03,147.74,12467.04,1.1754,,,,,,,,,,,,,,,,,,,,
26/04/2017,55.16,60.1,2387.45,0.7783,9.062,147.7,12472.8,1.1783,,,,,,,,,,,,,,,,,,,,
27/04/2017,55.47,59.39,2388.77,0.775,8.79,146.37,12443.79,1.1868,,,,,,,,,,,,,,,,,,,,
28/04/2017,55.41,59.12,2384.2,0.7722,8.969,148.285,12438.01,1.1885,,,,,,,,,,,,,,,,,,,,
01/05/2017,54.99,59.46,2388.33,0.776,8.969,148.285,12438.01,1.1823,,,,,,,,,,,,,,,,,,,,
02/05/2017,55.07,59.71,2391.17,0.7729,9.061,147.34,12507.9,1.1839,,,,,,,,,,,,,,,,,,,,
03/05/2017,54.53,60.24,2388.13,0.7772,9.19,146.09,12527.84,1.1821,,,,,,,,,,,,,,,,,,,,
04/05/2017,54.47,60.21,2389.52,0.7737,9.453,146.95,12647.78,1.1766,,,,,,,,,,,,,,,,,,,,
05/05/2017,53.95,60.24,2399.29,0.7703,9.69,148.02,12716.89,1.1803,,,,,,,,,,,,,,,,,,,,
08/05/2017,54.3,60.5,2399.38,0.7728,9.32,148.55,12694.55,1.1845,,,,,,,,,,,,,,,,,,,,
09/05/2017,54.89,60.23,2396.92,0.7731,9.38,147.59,12749.12,1.1895,,,,,,,,,,,,,,,,,,,,
10/05/2017,54.56,60.37,2399.63,0.7729,9.45,148.26,12757.46,1.1903,,,,,,,,,,,,,,,,,,,,
11/05/2017,54.24,60.7,2394.44,0.7759,9.48,147.201,12711.06,1.1865,,,,,,,,,,,,,,,,,,,,
12/05/2017,54.2,61.07,2390.9,0.7759,9.419,146.322,12770.41,1.179,,,,,,,,,,,,,,,,,,,,
15/05/2017,53.77,61.42,2402.32,0.7754,9.679,147.867,12807.04,1.175,,,,,,,,,,,,,,,,,,,,
16/05/2017,52.78,62.49,2400.67,0.7741,9.661,147.192,12804.53,1.1656,,,,,,,,,,,,,,,,,,,,
17/05/2017,51.8,59.98,2357.03,0.7709,9.284,143.45,12631.61,1.1624,,,,,,,,,,,,,,,,,,,,
18/05/2017,51.68,60.08,2365.72,0.7726,9.427,142.876,12590.06,1.1658,,,,,,,,,,,,,,,,,,,,
19/05/2017,51.77,61.1,2381.73,0.7671,9.515,142.601,12638.69,1.1634,,,,,,,,,,,,,,,,,,,,
22/05/2017,51.57,61.06,2394.02,0.7693,9.524,143.26,12619.46,1.1569,,,,,,,,,,,,,,,,,,,,
23/05/2017,52.2,61.71,2398.42,0.7716,9.596,143.058,12659.15,1.1595,,,,,,,,,,,,,,,,,,,,
24/05/2017,52.01,62.27,2404.39,0.7708,9.568,142.852,12642.87,1.1563,,,,,,,,,,,,,,,,,,,,
25/05/2017,52.35,61.95,2415.07,0.7727,9.56,142.442,12621.72,1.1545,,,,,,,,,,,,,,,,,,,,
26/05/2017,52.59,62.07,2415.82,0.7809,9.345,142.45,12602.18,1.146,,,,,,,,,,,,,,,,,,,,
29/05/2017,52.59,62.07,2415.82,0.7788,9.343,141.878,12628.95,1.1502,,,,,,,,,,,,,,,,,,,,
30/05/2017,52.92,61.64,2412.91,0.7777,9.42,141.322,12598.68,1.1496,,,,,,,,,,,,,,,,,,,,
31/05/2017,52.99,60.54,2411.8,0.7758,9.423,139.391,12615.06,1.1464,,,,,,,,,,,,,,,,,,,,
01/06/2017,52.3,61.08,2430.06,0.7763,9.413,140.707,12664.92,1.1491,,,,,,,,,,,,,,,,,,,,
02/06/2017,52.98,61.11,2439.07,0.7758,9.388,142.429,12822.94,1.143,,,,,,,,,,,,,,,,,,,,
05/06/2017,53.01,61.25,2436.1,0.7749,9.331,141.69,12822.94,1.1466,,,,,,,,,,,,,,,,,,,,
06/06/2017,52.48,61.01,2429.33,0.7745,9.366,139.177,12690.12,1.1448,,,,,,,,,,,,,,,,,,,,
07/06/2017,53.23,61.88,2433.14,0.7716,9.38,138.533,12672.49,1.1508,,,,,,,,,,,,,,,,,,,,
08/06/2017,53.2,63.21,2433.79,0.7719,9.415,137.616,12713.58,1.1551,,,,,,,,,,,,,,,,,,,,
09/06/2017,53.46,64.45,2431.77,0.7848,9.46,137.147,12815.72,1.1383,,,,,,,,,,,,,,,,,,,,
12/06/2017,54.03,64.32,2429.39,0.7899,9.381,139.078,12690.44,1.1299,,,,,,,,,,,,,,,,,,,,
13/06/2017,54.31,64.69,2440.35,0.7841,9.444,140.074,12764.98,1.1377,,,,,,,,,,,,,,,,,,,,
14/06/2017,54.66,64.72,2437.92,0.7842,9.415,138.19,12805.95,1.1368,,,,,,,,,,,,,,,,,,,,
15/06/2017,52.9,64.1,2432.46,0.784,9.33,136.562,12691.81,1.1445,,,,,,,,,,,,,,,,,,,,
16/06/2017,51.1,63.89,2433.15,0.7824,9.417,135.357,12752.73,1.1414,,,,,,,,,,,,,,,,,,,,
19/06/2017,52.02,64.48,2453.46,0.7851,9.581,135.914,12888.95,1.1427,,,,,,,,,,,,,,,,,,,,
20/06/2017,51.56,63.91,2437.03,0.7919,9.436,135.849,12814.79,1.1343,,,,,,,,,,,,,,,,,,,,
21/06/2017,52.59,63.83,2435.61,0.7892,9.36,135.324,12774.26,1.1345,,,,,,,,,,,,,,,,,,,,
22/06/2017,52.4,63.62,2434.5,0.7885,9.4,138.367,12794,1.1371,,,,,,,,,,,,,,,,,,,,
23/06/2017,52.85,63.41,2438.3,0.7863,9.26,136.791,12733.41,1.1364,,,,,,,,,,,,,,,,,,,,
26/06/2017,53.28,63.78,2439.07,0.786,9.45,137.011,12770.83,1.1379,,,,,,,,,,,,,,,,,,,,
27/06/2017,52.95,64.23,2419.38,0.7804,9.84,136.915,12671.02,1.1302,,,,,,,,,,,,,,,,,,,,
28/06/2017,53.36,65.18,2440.69,0.7736,10.279,137.56,12647.27,1.136,,,,,,,,,,,,,,,,,,,,
29/06/2017,53.17,66.98,2419.7,0.7688,10.372,135.302,12416.19,1.1369,,,,,,,,,,,,,,,,,,,,
30/06/2017,59,66.88,2423.41,0.7677,10.438,136.16,12325.12,1.1398,,,,,,,,,,,,,,,,,,,,
03/07/2017,58.65,68.26,2429.01,0.7728,10.875,137.072,12475.31,1.139,,,,,,,,,,,,,,,,,,,,
04/07/2017,58.65,68.26,2429.01,0.7739,10.7,137.897,12437.13,1.1386,,,,,,,,,,,,,,,,,,,,
05/07/2017,57.56,68.45,2432.54,0.7732,11.05,138.249,12453.68,1.1394,,,,,,,,,,,,,,,,,,,,
06/07/2017,57.16,67.63,2409.75,0.7709,11.176,140.035,12381.25,1.1355,,,,,,,,,,,,,,,,,,,,
07/07/2017,57.98,67.91,2425.18,0.7758,11.118,141.398,12388.68,1.1302,,,,,,,,,,,,,,,,,,,,
10/07/2017,58.73,67.65,2427.43,0.7763,11.124,140.673,12445.92,1.13,,,,,,,,,,,,,,,,,,,,
11/07/2017,58.18,66.82,2425.53,0.7783,11.138,141.77,12437.02,1.1204,,,,,,,,,,,,,,,,,,,,
12/07/2017,58.22,66.92,2443.25,0.7761,11.016,143.845,12626.58,1.1288,,,,,,,,,,,,,,,,,,,,
13/07/2017,57.94,67.02,2447.83,0.7728,11.255,145.444,12641.33,1.1352,,,,,,,,,,,,,,,,,,,,
14/07/2017,58,66.72,2459.27,0.7633,11.131,146.237,12631.72,1.1424,,,,,,,,,,,,,,,,,,,,
17/07/2017,57.79,66.83,2459.14,0.7659,11.003,146.488,12587.16,1.1373,,,,,,,,,,,,,,,,,,,,
18/07/2017,57.65,66.89,2460.61,0.7669,10.86,145.373,12430.39,1.1286,,,,,,,,,,,,,,,,,,,,
19/07/2017,57.77,66.7,2473.83,0.7678,10.53,146.006,12452.05,1.1312,,,,,,,,,,,,,,,,,,,,
20/07/2017,59.1,66.36,2473.45,0.7708,10.598,145.372,12447.25,1.115,,,,,,,,,,,,,,,,,,,,
21/07/2017,59.95,66,2472.54,0.7694,10.296,140.784,12240.06,1.1142,,,,,,,,,,,,,,,,,,,,
24/07/2017,58.95,66.1,2469.91,0.7675,10.631,137.596,12208.95,1.119,,,,,,,,,,,,,,,,,,,,
25/07/2017,59.39,68.03,2477.13,0.7678,10.84,136.703,12264.31,1.1183,,,,,,,,,,,,,,,,,,,,
26/07/2017,58.36,67.98,2477.83,0.762,11.009,137.815,12305.11,1.1182,,,,,,,,,,,,,,,,,,,,
27/07/2017,58.15,67.6,2475.42,0.7654,11.096,135.485,12212.04,1.119,,,,,,,,,,,,,,,,,,,,
28/07/2017,58.67,67.43,2472.1,0.7613,11.126,134.352,12162.7,1.118,,,,,,,,,,,,,,,,,,,,
31/07/2017,59.05,68.45,2470.3,0.7567,11.083,132.621,12118.25,1.1159,,,,,,,,,,,,,,,,,,,,
01/08/2017,59.84,69.6,2476.35,0.7573,11.185,133.971,12251.29,1.1188,,,,,,,,,,,,,,,,,,,,
02/08/2017,59.79,69.42,2477.57,0.7562,10.92,133.444,12181.48,1.1152,,,,,,,,,,,,,,,,,,,,
03/08/2017,60.14,68.13,2472.16,0.7611,11.186,130.999,12154.72,1.1069,,,,,,,,,,,,,,,,,,,,
04/08/2017,59.76,68.98,2476.83,0.7669,11.581,131.893,12297.72,1.1075,,,,,,,,,,,,,,,,,,,,
07/08/2017,59.79,69.04,2480.91,0.7672,11.666,131.244,12257.17,1.1051,,,,,,,,,,,,,,,,,,,,
08/08/2017,59.46,68.88,2474.92,0.7697,11.474,131.513,12292.05,1.1055,,,,,,,,,,,,,,,,,,,,
09/08/2017,59.9,68.43,2474.02,0.769,11.138,130.013,12154,1.1059,,,,,,,,,,,,,,,,,,,,
10/08/2017,59.07,67.22,2438.21,0.7706,10.865,127.839,12014.3,1.1024,,,,,,,,,,,,,,,,,,,,
11/08/2017,58.97,66.8,2441.32,0.7686,10.763,128.861,12014.06,1.1006,,,,,,,,,,,,,,,,,,,,
14/08/2017,59.78,67.89,2465.84,0.7714,11.145,130.617,12165.12,1.1004,,,,,,,,,,,,,,,,,,,,
15/08/2017,58.56,67.97,2464.61,0.777,11.187,131.075,12177.04,1.0966,,,,,,,,,,,,,,,,,,,,
16/08/2017,58.54,67.71,2468.11,0.7757,11.185,131.591,12263.86,1.0955,,,,,,,,,,,,,,,,,,,,
17/08/2017,57.46,66.6,2430.01,0.7772,10.793,130.424,12203.46,1.0977,,,,,,,,,,,,,,,,,,,,
18/08/2017,54.95,66.58,2425.55,0.7768,10.927,129.866,12165.19,1.0948,,,,,,,,,,,,,,,,,,,,
21/08/2017,53.61,65.95,2428.37,0.7753,10.77,129.126,12065.99,1.0917,,,,,,,,,,,,,,,,,,,,
22/08/2017,54.13,66.85,2452.51,0.7798,10.732,129.163,12229.34,1.0903,,,,,,,,,,,,,,,,,,,,
23/08/2017,53.61,67.23,2444.04,0.7812,10.681,129.426,12174.3,1.0841,,,,,,,,,,,,,,,,,,,,
24/08/2017,53.84,67.69,2438.97,0.7812,10.579,130.288,12180.83,1.0848,,,,,,,,,,,,,,,,,,,,
25/08/2017,53.9,67.85,2443.05,0.7762,10.624,130.885,12167.94,1.0801,,,,,,,,,,,,,,,,,,,,
28/08/2017,53.73,67.81,2444.24,0.7732,10.588,130.891,12123.47,1.0796,,,,,,,,,,,,,,,,,,,,
29/08/2017,52.73,67.48,2446.3,0.774,10.301,129.694,11945.88,1.079,,,,,,,,,,,,,,,,,,,,
30/08/2017,52.56,68.01,2457.59,0.7737,10.25,129.605,12002.47,1.0876,,,,,,,,,,,,,,,,,,,,
31/08/2017,52.81,68.03,2471.65,0.7736,10.449,129.473,12055.84,1.0857,,,,,,,,,,,,,,,,,,,,
01/09/2017,53.36,68.58,2476.55,0.7721,10.471,130.897,12142.64,1.0921,,,,,,,,,,,,,,,,,,,,
04/09/2017,53.36,68.58,2476.55,0.7733,10.372,131.17,12102.21,1.0874,,,,,,,,,,,,,,,,,,,,
05/09/2017,53.01,67.16,2457.85,0.7673,10.07,132.294,12123.71,1.094,,,,,,,,,,,,,,,,,,,,
06/09/2017,52.76,67.32,2465.54,0.7667,10.24,135.35,12214.54,1.0945,,,,,,,,,,,,,,,,,,,,
07/09/2017,52.39,66.06,2465.1,0.7633,10.063,135.8,12296.63,1.0898,,,,,,,,,,,,,,,,,,,,
08/09/2017,52.2,66.17,2461.43,0.7579,10.168,135.881,12303.98,1.0964,,,,,,,,,,,,,,,,,,,,
11/09/2017,53.03,67.71,2488.11,0.7597,10.504,137.149,12475.24,1.1013,,,,,,,,,,,,,,,,,,,,
12/09/2017,53.4,68.79,2496.48,0.7528,10.852,139.239,12524.77,1.11,,,,,,,,,,,,,,,,,,,,
13/09/2017,53.52,69.39,2498.37,0.757,10.74,139.23,12553.57,1.1116,,,,,,,,,,,,,,,,,,,,
14/09/2017,53.73,69.24,2495.62,0.7464,10.779,139.36,12540.45,1.1242,,,,,,,,,,,,,,,,,,,,
15/09/2017,53.87,69.04,2500.23,0.7358,10.731,140.169,12518.81,1.1375,,,,,,,,,,,,,,,,,,,,
18/09/2017,53.5,70.6,2503.87,0.7409,10.738,141.53,12559.39,1.1284,,,,,,,,,,,,,,,,,,,,
19/09/2017,53.33,71.15,2506.65,0.7401,10.56,141.258,12561.79,1.1265,,,,,,,,,,,,,,,,,,,,
20/09/2017,53.56,71.46,2508.24,0.7411,10.9,141.918,12569.17,1.1347,,,,,,,,,,,,,,,,,,,,
21/09/2017,53.19,71.76,2500.6,0.7363,11.257,142.257,12600.03,1.1371,,,,,,,,,,,,,,,,,,,,
22/09/2017,53.24,71.4,2502.22,0.7408,11.28,144.15,12592.35,1.1297,,,,,,,,,,,,,,,,,,,,
25/09/2017,53.23,70.84,2496.66,0.7425,10.971,142.605,12594.81,1.1366,,,,,,,,,,,,,,,,,,,,
26/09/2017,53.7,70.94,2496.84,0.743,11.125,144.947,12605.2,1.1411,,,,,,,,,,,,,,,,,,,,
27/09/2017,52.67,72.28,2507.04,0.747,11.47,145.419,12657.41,1.1395,,,,,,,,,,,,,,,,,,,,
28/09/2017,52.63,72.65,2510.06,0.7439,11.369,143.264,12704.65,1.1405,,,,,,,,,,,,,,,,,,,,
29/09/2017,51.85,72.74,2519.36,0.7465,11.49,142.95,12828.86,1.1341,,,,,,,,,,,,,,,,,,,,
02/10/2017,51.87,73.8,2529.12,0.7532,11.46,143.305,12902.65,1.1315,,,,,,,,,,,,,,,,,,,,
03/10/2017,51.47,74.13,2534.58,0.7554,11.5,145.48,12902.65,1.1272,,,,,,,,,,,,,,,,,,,,
04/10/2017,52.08,74.06,2537.74,0.7549,11.338,146.012,12970.52,1.1267,,,,,,,,,,,,,,,,,,,,
05/10/2017,52.18,75.72,2552.07,0.7622,11.63,147.63,12968.05,1.1202,,,,,,,,,,,,,,,,,,,,
06/10/2017,52.42,75.64,2549.33,0.7652,11.55,147.803,12955.94,1.114,,,,,,,,,,,,,,,,,,,,
09/10/2017,51.52,75.39,2544.73,0.7609,11.583,146.549,12976.4,1.1192,,,,,,,,,,,,,,,,,,,,
10/10/2017,51.53,75.18,2550.64,0.7574,11.581,147.052,12949.25,1.1181,,,,,,,,,,,,,,,,,,,,
11/10/2017,51.03,74.94,2555.24,0.7562,11.658,148.188,12970.68,1.115,,,,,,,,,,,,,,,,,,,,
12/10/2017,50.83,72.37,2550.93,0.754,11.658,149.085,12982.89,1.1211,,,,,,,,,,,,,,,,,,,,
13/10/2017,50.98,72.11,2553.17,0.7528,11.67,148.67,12991.87,1.1239,,,,,,,,,,,,,,,,,,,,
16/10/2017,51.37,71.77,2557.64,0.7546,11.775,149.525,13003.7,1.1233,,,,,,,,,,,,,,,,,,,,
17/10/2017,52,72.19,2559.36,0.7581,11.727,148.154,12995.06,1.121,,,,,,,,,,,,,,,,,,,,
18/10/2017,52.3,73.12,2561.26,0.7573,11.786,149.59,13043.03,1.1202,,,,,,,,,,,,,,,,,,,,
19/10/2017,52.69,72.88,2562.1,0.7599,11.685,148.208,12990.1,1.1103,,,,,,,,,,,,,,,,,,,,
20/10/2017,53.06,73.53,2575.21,0.7582,11.625,147.98,12991.28,1.1196,,,,,,,,,,,,,,,,,,,,
23/10/2017,53.66,73.53,2564.98,0.7577,11.436,148.156,13003.14,1.1233,,,,,,,,,,,,,,,,,,,,
24/10/2017,53.42,74.24,2569.13,0.7614,12.125,150.269,13013.19,1.1165,,,,,,,,,,,,,,,,,,,,
25/10/2017,54.94,73.62,2557.15,0.7539,12.155,149.305,12953.41,1.1224,,,,,,,,,,,,,,,,,,,,
26/10/2017,56.81,73.79,2560.4,0.7599,12.12,149.703,13133.28,1.1295,,,,,,,,,,,,,,,,,,,,
27/10/2017,55.96,73.87,2581.07,0.7617,11.84,154.075,13217.54,1.131,,,,,,,,,,,,,,,,,,,,
30/10/2017,55.27,73.78,2572.83,0.7571,11.764,159.025,13229.57,1.1336,,,,,,,,,,,,,,,,,,,,
31/10/2017,54.99,73.5,2575.26,0.7528,11.78,159.55,13229.57,1.1405,,,,,,,,,,,,,,,,,,,,
01/11/2017,55.07,74.03,2579.36,0.755,11.899,167.166,13465.51,1.1399,,,,,,,,,,,,,,,,,,,,
02/11/2017,55.12,74.74,2579.85,0.7658,11.992,165.983,13440.93,1.1202,,,,,,,,,,,,,,,,,,,,
03/11/2017,55.71,74.05,2587.84,0.7647,11.781,165.093,13478.86,1.1265,,,,,,,,,,,,,,,,,,,,
06/11/2017,56.04,73.8,2591.13,0.7592,11.818,164.865,13468.79,1.1345,,,,,,,,,,,,,,,,,,,,
07/11/2017,55.15,72.71,2590.64,0.7595,11.74,163.429,13379.27,1.1364,,,,,,,,,,,,,,,,,,,,
08/11/2017,55.76,72.34,2594.38,0.7624,11.696,161.27,13382.42,1.1312,,,,,,,,,,,,,,,,,,,,
09/11/2017,56.13,72.43,2584.62,0.7607,11.888,160.451,13182.56,1.1292,,,,,,,,,,,,,,,,,,,,
10/11/2017,56.09,72.25,2582.3,0.7581,11.87,159.285,13127.47,1.1308,,,,,,,,,,,,,,,,,,,,
13/11/2017,55.91,71.99,2584.84,0.7624,11.77,158.966,13074.42,1.1242,,,,,,,,,,,,,,,,,,,,
14/11/2017,55.98,71.53,2578.87,0.7596,11.645,158.235,13033.48,1.1159,,,,,,,,,,,,,,,,,,,,
15/11/2017,56.63,71.73,2564.62,0.7592,11.83,156.071,12976.37,1.1171,,,,,,,,,,,,,,,,,,,,
16/11/2017,57.23,71.67,2585.64,0.758,12.041,160.546,13047.22,1.121,,,,,,,,,,,,,,,,,,,,
17/11/2017,59.19,71.33,2578.85,0.7566,12.084,160.367,12993.73,1.1216,,,,,,,,,,,,,,,,,,,,
20/11/2017,59.25,72.05,2582.14,0.7556,12.323,166.555,13058.66,1.128,,,,,,,,,,,,,,,,,,,,
21/11/2017,59.39,72.38,2599.03,0.7554,12.228,170.532,13167.54,1.1278,,,,,,,,,,,,,,,,,,,,
22/11/2017,59.07,72.26,2597.08,0.7504,12.022,167.491,13015.04,1.1272,,,,,,,,,,,,,,,,,,,,
23/11/2017,59.07,72.26,2597.08,0.7514,12.075,168.352,13008.55,1.123,,,,,,,,,,,,,,,,,,,,
24/11/2017,59.32,72.02,2602.42,0.7497,12.08,168.927,13059.84,1.1177,,,,,,,,,,,,,,,,,,,,
27/11/2017,59.63,71.39,2601.42,0.7508,12.115,169.1,13000.2,1.1193,,,,,,,,,,,,,,,,,,,,
28/11/2017,59.58,73.7,2627.04,0.7497,12.178,169.2,13059.53,1.1266,,,,,,,,,,,,,,,,,,,,
29/11/2017,60.36,75.04,2626.07,0.7457,12.122,171.68,13061.87,1.1319,,,,,,,,,,,,,,,,,,,,
30/11/2017,60.42,75.5,2647.58,0.7393,12.15,174.388,13023.98,1.1361,,,,,,,,,,,,,,,,,,,,
01/12/2017,59.88,75.51,2642.22,0.742,12.111,170.225,12861.49,1.1327,,,,,,,,,,,,,,,,,,,,
04/12/2017,60.1,77.1,2639.44,0.7419,12.413,169.966,13058.55,1.136,,,,,,,,,,,,,,,,,,,,
05/12/2017,60.42,76.54,2629.57,0.7439,12.329,168.165,13048.54,1.1367,,,,,,,,,,,,,,,,,,,,
06/12/2017,59.72,75.44,2629.27,0.7468,12.131,165.788,12998.85,1.1354,,,,,,,,,,,,,,,,,,,,
07/12/2017,60.6,74.98,2636.98,0.7421,12.347,167.409,13045.15,1.1445,,,,,,,,,,,,,,,,,,,,
08/12/2017,61.3,75.71,2651.5,0.7472,12.64,169.88,13153.7,1.1379,,,,,,,,,,,,,,,,,,,,
11/12/2017,61.91,75.85,2659.99,0.7496,12.659,171.442,13123.65,1.1334,,,,,,,,,,,,,,,,,,,,
12/12/2017,62.17,76.15,2664.11,0.7508,12.706,171.404,13183.53,1.1342,,,,,,,,,,,,,,,,,,,,
13/12/2017,64.3,75.14,2662.85,0.7453,12.7,169.628,13125.64,1.1345,,,,,,,,,,,,,,,,,,,,
14/12/2017,64.53,73.92,2652.01,0.7445,12.575,170.589,13068.08,1.1403,,,,,,,,,,,,,,,,,,,,
15/12/2017,64.79,74.77,2675.81,0.7505,12.556,169.382,13103.56,1.1338,,,,,,,,,,,,,,,,,,,,
18/12/2017,64.81,75.67,2690.16,0.7473,12.796,172.285,13312.3,1.1359,,,,,,,,,,,,,,,,,,,,
19/12/2017,64.24,74.7,2681.47,0.7471,12.822,172.599,13215.79,1.1305,,,,,,,,,,,,,,,,,,,,
20/12/2017,63.59,74.66,2679.25,0.7476,12.757,169.761,13069.17,1.1267,,,,,,,,,,,,,,,,,,,,
21/12/2017,64.77,75.82,2684.57,0.747,12.69,169.897,13109.74,1.1275,,,,,,,,,,,,,,,,,,,,
22/12/2017,63.29,75.49,2683.34,0.7484,12.585,170.19,13072.79,1.1264,,,,,,,,,,,,,,,,,,,,
25/12/2017,63.29,75.49,2683.34,0.7478,12.585,170.19,13072.79,1.1263,,,,,,,,,,,,,,,,,,,,
26/12/2017,63.65,74.78,2680.5,0.7477,12.585,170.19,13072.79,1.1278,,,,,,,,,,,,,,,,,,,,
27/12/2017,62.95,74.89,2682.62,0.7463,12.529,169.445,13070.02,1.127,,,,,,,,,,,,,,,,,,,,
28/12/2017,62.95,75.08,2687.54,0.7439,12.522,169.913,12979.94,1.1256,,,,,,,,,,,,,,,,,,,,
29/12/2017,62.55,74.41,2673.61,0.7402,12.505,168.7,12917.64,1.126,,,,,,,,,,,,,,,,,,,,
01/01/2018,62.55,74.41,2673.61,0.7406,12.505,168.7,12917.64,1.124,,,,,,,,,,,,,,,,,,,,
02/01/2018,63.49,74.36,2695.81,0.7358,12.65,168.41,12871.39,1.1269,,,,,,,,,,,,,,,,,,,,
03/01/2018,63.48,74.59,2713.06,0.7398,12.638,171,12978.21,1.1248,,,,,,,,,,,,,,,,,,,,
04/01/2018,63.44,75.51,2723.99,0.7379,12.852,174.6,13167.89,1.123,,,,,,,,,,,,,,,,,,,,
05/01/2018,63.98,75.41,2743.15,0.737,12.648,178.7,13319.64,1.128,,,,,,,,,,,,,,,,,,,,
08/01/2018,64.55,74.53,2747.71,0.737,12.606,179.8,13367.78,1.1337,,,,,,,,,,,,,,,,,,,,
09/01/2018,64.09,75.31,2751.29,0.7385,12.632,180.6,13385.59,1.1343,,,,,,,,,,,,,,,,,,,,
10/01/2018,64.22,75.65,2748.23,0.7403,13.15,177.2,13281.34,1.1305,,,,,,,,,,,,,,,,,,,,
11/01/2018,64.29,75.56,2767.56,0.7385,13.454,179.1,13202.9,1.1253,,,,,,,,,,,,,,,,,,,,
12/01/2018,64.67,76.84,2786.24,0.7284,13.256,181.4,13245.03,1.1251,,,,,,,,,,,,,,,,,,,,
15/01/2018,64.67,76.84,2786.24,0.725,13.238,180.7,13200.51,1.1246,,,,,,,,,,,,,,,,,,,,
16/01/2018,63.42,77.11,2776.42,0.7251,13.122,184.8,13246.33,1.1249,,,,,,,,,,,,,,,,,,,,
17/01/2018,63.81,77.47,2802.56,0.7229,13.1,182.9,13183.96,1.1349,,,,,,,,,,,,,,,,,,,,
18/01/2018,64.11,77.39,2798.03,0.7197,13.106,183.4,13281.43,1.1353,,,,,,,,,,,,,,,,,,,,
19/01/2018,67.21,78.3,2810.3,0.7219,13.33,185.8,13434.45,1.134,,,,,,,,,,,,,,,,,,,,
22/01/2018,66.39,78.59,2832.97,0.7149,13.57,188.9,13463.69,1.1407,,,,,,,,,,,,,,,,,,,,
23/01/2018,67.14,78.55,2839.13,0.7143,13.418,186,13559.6,1.1383,,,,,,,,,,,,,,,,,,,,
24/01/2018,68,79.45,2837.54,0.7022,13.512,184.1,13414.74,1.1478,,,,,,,,,,,,,,,,,,,,
25/01/2018,67.71,79.44,2839.25,0.7073,13.572,182,13298.36,1.1408,,,,,,,,,,,,,,,,,,,,
26/01/2018,68.04,80.08,2872.87,0.7065,13.7,183.3,13340.17,1.1393,,,,,,,,,,,,,,,,,,,,
29/01/2018,67.58,79.96,2853.53,0.7105,13.396,182.6,13324.48,1.1367,,,,,,,,,,,,,,,,,,,,
30/01/2018,67.33,78.62,2822.43,0.7068,13.282,179.2,13197.71,1.1406,,,,,,,,,,,,,,,,,,,,
31/01/2018,68.22,78.48,2823.81,0.7046,13.256,178.8,13189.48,1.1432,,,,,,,,,,,,,,,,,,,,
01/02/2018,67.65,79.2,2821.98,0.701,13.336,177.6,13003.9,1.1404,,,,,,,,,,,,,,,,,,,,
02/02/2018,67.22,77.02,2762.13,0.7082,13.03,173.5,12785.16,1.1334,,,,,,,,,,,,,,,,,,,,
05/02/2018,64.39,73.27,2648.94,0.7163,12.684,161.1,12687.49,1.1287,,,,,,,,,,,,,,,,,,,,
06/02/2018,65.22,74.82,2695.14,0.7168,12.55,170.2,12392.66,1.1271,,,,,,,,,,,,,,,,,,,,
07/02/2018,65.63,74.99,2681.66,0.7204,12.788,171.2,12590.43,1.1314,,,,,,,,,,,,,,,,,,,,
08/02/2018,62.49,71.87,2581,0.7188,12.314,165.8,12260.29,1.136,,,,,,,,,,,,,,,,,,,,
09/02/2018,65.49,73.68,2619.55,0.7232,11.996,168.3,12107.48,1.1288,,,,,,,,,,,,,,,,,,,,
12/02/2018,65.98,74.76,2656,0.7227,12.23,169.2,12282.77,1.1257,,,,,,,,,,,,,,,,,,,,
13/02/2018,65.87,75.18,2662.94,0.7199,12.278,170.3,12196.5,1.1246,,,,,,,,,,,,,,,,,,,,
14/02/2018,67.96,76.71,2698.63,0.7143,12.744,170.5,12339.16,1.1245,,,,,,,,,,,,,,,,,,,,
15/02/2018,68.29,77.08,2731.2,0.7093,12.83,170.9,12346.17,1.1274,,,,,,,,,,,,,,,,,,,,
16/02/2018,68.3,76.82,2732.22,0.7124,12.778,170.8,12451.96,1.131,,,,,,,,,,,,,,,,,,,,
19/02/2018,68.3,76.82,2732.22,0.7142,12.898,170.9,12385.6,1.1283,,,,,,,,,,,,,,,,,,,,
20/02/2018,67.49,76.46,2716.26,0.7145,12.962,166.5,12487.9,1.1344,,,,,,,,,,,,,,,,,,,,
21/02/2018,67.05,77,2701.33,0.7185,13.1,165.3,12470.49,1.133,,,,,,,,,,,,,,,,,,,,
22/02/2018,67.13,76.27,2703.96,0.7166,13.022,165.9,12461.91,1.1317,,,,,,,,,,,,,,,,,,,,
23/02/2018,68.16,77.08,2747.3,0.7161,12.914,166.6,12483.79,1.1361,,,,,,,,,,,,,,,,,,,,
26/02/2018,69.65,77.65,2779.6,0.716,12.746,169.5,12527.04,1.134,,,,,,,,,,,,,,,,,,,,
27/02/2018,68.03,76.38,2744.28,0.7189,12.742,165.6,12490.73,1.1369,,,,,,,,,,,,,,,,,,,,
28/02/2018,67.03,75.49,2713.83,0.7268,12.706,162.7,12435.85,1.1284,,,,,,,,,,,,,,,,,,,,
01/03/2018,66.32,73.66,2677.67,0.7259,12.412,158.7,12190.94,1.123,,,,,,,,,,,,,,,,,,,,
02/03/2018,65.89,73.68,2691.25,0.7246,12.28,158.8,11913.71,1.1204,,,,,,,,,,,,,,,,,,,,
05/03/2018,65.05,74.42,2720.94,0.7221,12.138,158.9,12090.87,1.1226,,,,,,,,,,,,,,,,,,,,
06/03/2018,65.24,74.06,2728.12,0.72,12.238,161.1,12113.87,1.1196,,,,,,,,,,,,,,,,,,,,
07/03/2018,64.17,73.92,2726.8,0.7194,12.186,159,12245.36,1.1196,,,,,,,,,,,,,,,,,,,,
08/03/2018,65.11,74.11,2738.97,0.724,12.35,159.9,12355.57,1.1218,,,,,,,,,,,,,,,,,,,,
09/03/2018,66.3,76.11,2786.57,0.7221,12.312,160.6,12346.68,1.1252,,,,,,,,,,,,,,,,,,,,
12/03/2018,66.82,76.02,2783.02,0.7191,12.266,160.6,12418.39,1.1275,,,,,,,,,,,,,,,,,,,,
13/03/2018,66.17,74.91,2765.31,0.7162,12.05,156.6,12221.03,1.1269,,,,,,,,,,,,,,,,,,,,
14/03/2018,66.2,73.47,2749.48,0.7163,11.936,160.3,12237.74,1.1289,,,,,,,,,,,,,,,,,,,,
15/03/2018,66.39,73.34,2747.33,0.7175,11.832,164.4,12345.56,1.1326,,,,,,,,,,,,,,,,,,,,
16/03/2018,65.91,73.47,2752.01,0.7171,11.926,164.2,12389.58,1.1347,,,,,,,,,,,,,,,,,,,,
19/03/2018,65.71,72.7,2712.92,0.713,11.934,160.4,12217.02,1.1369,,,,,,,,,,,,,,,,,,,,
20/03/2018,66.8,72.92,2716.94,0.7144,12.006,162.4,12307.33,1.1434,,,,,,,,,,,,,,,,,,,,
21/03/2018,66.35,73.32,2711.93,0.7071,11.876,160.5,12309.15,1.1461,,,,,,,,,,,,,,,,,,,,
22/03/2018,64.42,70.31,2643.69,0.7095,11.008,156.1,12100.08,1.1459,,,,,,,,,,,,,,,,,,,,
23/03/2018,64.63,67.9,2588.26,0.7076,10.896,153.5,11886.31,1.1438,,,,,,,,,,,,,,,,,,,,
26/03/2018,65.9,69.78,2658.55,0.7028,11.02,158.7,11787.26,1.1434,,,,,,,,,,,,,,,,,,,,
27/03/2018,66.17,68.28,2612.62,0.7063,10.64,157.5,11970.83,1.1414,,,,,,,,,,,,,,,,,,,,
28/03/2018,65.44,68.26,2605,0.7104,10.642,157.1,11940.71,1.1437,,,,,,,,,,,,,,,,,,,,
29/03/2018,66.44,67.5,2640.87,0.7132,10.588,162.9,12096.73,1.1396,,,,,,,,,,,,,,,,,,,,
30/03/2018,66.44,67.5,2640.87,0.7134,10.588,162.9,12096.73,1.1377,,,,,,,,,,,,,,,,,,,,
02/04/2018,64.12,67.71,2581.88,0.712,10.588,162.9,12096.73,1.1417,,,,,,,,,,,,,,,,,,,,
03/04/2018,66.7,68.48,2614.45,0.7113,10.406,164.4,12002.45,1.1456,,,,,,,,,,,,,,,,,,,,
04/04/2018,68.42,69.31,2644.69,0.7102,10.31,164,11957.9,1.1465,,,,,,,,,,,,,,,,,,,,
05/04/2018,69.59,70.22,2662.84,0.7141,10.678,165.9,12305.19,1.1441,,,,,,,,,,,,,,,,,,,,
06/04/2018,67.55,68.6,2604.47,0.7096,10.552,164.2,12241.27,1.1474,,,,,,,,,,,,,,,,,,,,
09/04/2018,67.18,69.44,2613.16,0.7077,10.476,163.9,12261.75,1.1469,,,,,,,,,,,,,,,,,,,,
10/04/2018,67,70.51,2656.87,0.7054,10.9,169.1,12397.32,1.1475,,,,,,,,,,,,,,,,,,,,
11/04/2018,66.83,69.89,2642.19,0.7054,10.67,170.2,12293.97,1.1463,,,,,,,,,,,,,,,,,,,,
12/04/2018,67.77,72.13,2663.99,0.7029,10.79,173.8,12415.01,1.1544,,,,,,,,,,,,,,,,,,,,
13/04/2018,67.25,71.01,2656.3,0.7022,10.726,173.2,12442.4,1.1545,,,,,,,,,,,,,,,,,,,,
16/04/2018,67.06,70.07,2677.84,0.6974,10.76,170.9,12391.41,1.1582,,,,,,,,,,,,,,,,,,,,
17/04/2018,67.51,69.74,2706.39,0.6999,10.836,172.7,12585.57,1.155,,,,,,,,,,,,,,,,,,,,
18/04/2018,66.2,68.98,2708.64,0.704,10.664,171.9,12590.83,1.1476,,,,,,,,,,,,,,,,,,,,
19/04/2018,65.73,70.28,2693.13,0.71,10.81,170.8,12567.42,1.1411,,,,,,,,,,,,,,,,,,,,
20/04/2018,66.09,70,2670.14,0.7143,10.738,169.5,12540.5,1.1393,,,,,,,,,,,,,,,,,,,,
23/04/2018,66.88,69.48,2670.29,0.7174,11.096,168,12572.39,1.1419,,,,,,,,,,,,,,,,,,,,
24/04/2018,66.97,69.12,2634.56,0.7154,10.89,166.8,12550.82,1.1426,,,,,,,,,,,,,,,,,,,,
25/04/2018,66.67,69.36,2639.4,0.7178,10.792,165.3,12422.3,1.1455,,,,,,,,,,,,,,,,,,,,
26/04/2018,68.05,69.18,2666.94,0.7186,10.83,169.9,12500.47,1.1501,,,,,,,,,,,,,,,,,,,,
27/04/2018,69.56,68.99,2669.91,0.7256,10.734,169.3,12580.87,1.1365,,,,,,,,,,,,,,,,,,,,
30/04/2018,68.39,68.27,2648.05,0.7265,10.64,168.5,12612.11,1.1396,,,,,,,,,,,,,,,,,,,,
01/05/2018,68.1,68.25,2654.8,0.7345,10.64,168.5,12612.11,1.1352,,,,,,,,,,,,,,,,,,,,
02/05/2018,68.26,67.99,2635.67,0.7367,10.776,173.3,12802.25,1.136,,,,,,,,,,,,,,,,,,,,
03/05/2018,66.9,67.94,2629.73,0.7366,10.536,172.3,12690.15,1.1323,,,,,,,,,,,,,,,,,,,,
04/05/2018,68.1,67.94,2663.42,0.739,10.57,169.4,12819.6,1.1312,,,,,,,,,,,,,,,,,,,,
07/05/2018,69.34,68.5,2672.63,0.7376,10.664,170.4,12948.14,1.1371,,,,,,,,,,,,,,,,,,,,
08/05/2018,68.46,71,2671.92,0.7381,10.552,170.2,12912.21,1.1418,,,,,,,,,,,,,,,,,,,,
09/05/2018,67.95,71.95,2697.79,0.7381,10.806,168.4,12943.06,1.143,,,,,,,,,,,,,,,,,,,,
10/05/2018,67.92,72.57,2723.07,0.7397,10.804,169,13022.87,1.1346,,,,,,,,,,,,,,,,,,,,
11/05/2018,68.43,72.86,2727.72,0.7384,10.768,168.9,13001.24,1.1338,,,,,,,,,,,,,,,,,,,,
14/05/2018,68.84,72.62,2730.13,0.7377,10.572,168.4,12977.71,1.1365,,,,,,,,,,,,,,,,,,,,
15/05/2018,69.5,72.68,2711.45,0.7405,10.984,170,12970.04,1.1408,,,,,,,,,,,,,,,,,,,,
16/05/2018,71.34,71.95,2722.46,0.7413,10.4,169.6,12996.33,1.1422,,,,,,,,,,,,,,,,,,,,
17/05/2018,70.94,71.56,2720.13,0.7398,10.268,170.2,13114.61,1.1459,,,,,,,,,,,,,,,,,,,,
18/05/2018,71.32,69.96,2712.97,0.7426,10.118,170.7,13077.72,1.1442,,,,,,,,,,,,,,,,,,,,
21/05/2018,71.38,70.43,2733.01,0.7449,10.192,171.9,13077.72,1.1387,,,,,,,,,,,,,,,,,,,,
22/05/2018,71.31,71.08,2724.44,0.7445,10.27,170.9,13169.92,1.1403,,,,,,,,,,,,,,,,,,,,
23/05/2018,71.34,70.24,2733.29,0.7491,10.158,170,12976.84,1.1413,,,,,,,,,,,,,,,,,,,,
24/05/2018,72.18,69.31,2727.76,0.7473,9.56,166.8,12855.09,1.1419,,,,,,,,,,,,,,,,,,,,
25/05/2018,72.25,68.44,2721.33,0.7519,9.551,166.9,12938.01,1.142,,,,,,,,,,,,,,,,,,,,
28/05/2018,72.25,68.44,2721.33,0.7513,9.33,165.8,12863.46,1.1451,,,,,,,,,,,,,,,,,,,,
29/05/2018,70.92,65.71,2689.86,0.7546,8.97,161.7,12666.51,1.1479,,,,,,,,,,,,,,,,,,,,
30/05/2018,72.23,66.68,2724.01,0.7529,8.944,162.4,12783.76,1.1391,,,,,,,,,,,,,,,,,,,,
31/05/2018,71.8,66.69,2705.27,0.7521,8.859,158.7,12604.89,1.1372,,,,,,,,,,,,,,,,,,,,
01/06/2018,72.76,67.28,2734.62,0.7491,9.2,160.2,12724.27,1.1447,,,,,,,,,,,,,,,,,,,,
04/06/2018,73.83,67.34,2746.87,0.7511,9.203,160.2,12770.75,1.1381,,,,,,,,,,,,,,,,,,,,
05/06/2018,74.05,66.76,2748.8,0.7465,8.94,161.1,12787.13,1.1428,,,,,,,,,,,,,,,,,,,,
06/06/2018,74.75,68.23,2772.35,0.7456,9.341,163,12830.07,1.1392,,,,,,,,,,,,,,,,,,,,
07/06/2018,74.76,68.45,2770.37,0.745,9.55,161.8,12811.05,1.1376,,,,,,,,,,,,,,,,,,,,
08/06/2018,74.9,68.47,2779.03,0.7461,9.353,161,12766.55,1.1396,,,,,,,,,,,,,,,,,,,,
11/06/2018,74.59,68.11,2782,0.7473,9.66,159,12842.91,1.1352,,,,,,,,,,,,,,,,,,,,
12/06/2018,74.29,67.61,2786.85,0.748,9.545,159.5,12842.3,1.1385,,,,,,,,,,,,,,,,,,,,
13/06/2018,74.11,67.29,2775.63,0.7476,9.493,159.5,12890.58,1.1344,,,,,,,,,,,,,,,,,,,,
14/06/2018,74.7,66.16,2782.49,0.7542,9.332,163.1,13107.1,1.1464,,,,,,,,,,,,,,,,,,,,
15/06/2018,75.84,66.34,2779.66,0.7529,8.971,158.6,13010.55,1.1445,,,,,,,,,,,,,,,,,,,,
18/06/2018,75.61,66.75,2773.75,0.755,8.878,154,12834.11,1.1396,,,,,,,,,,,,,,,,,,,,
19/06/2018,74.26,66.78,2762.59,0.7591,8.934,151,12677.97,1.1367,,,,,,,,,,,,,,,,,,,,
20/06/2018,74.72,67.38,2767.32,0.7591,8.862,153,12695.16,1.1382,,,,,,,,,,,,,,,,,,,,
21/06/2018,73.94,67.63,2749.76,0.7553,8.575,148.2,12511.91,1.141,,,,,,,,,,,,,,,,,,,,
22/06/2018,73.43,67.2,2754.88,0.7537,8.57,148.1,12579.72,1.1383,,,,,,,,,,,,,,,,,,,,
25/06/2018,72.35,65.75,2717.07,0.753,8.251,144.7,12270.33,1.1347,,,,,,,,,,,,,,,,,,,,
26/06/2018,72.56,66.31,2723.06,0.7563,8.231,144.1,12234.34,1.1356,,,,,,,,,,,,,,,,,,,,
27/06/2018,71.35,65.46,2699.63,0.7626,8.064,145.2,12348.61,1.135,,,,,,,,,,,,,,,,,,,,
28/06/2018,71.7,66.88,2716.31,0.7647,8.17,143.2,12177.23,1.1305,,,,,,,,,,,,,,,,,,,,
29/06/2018,79.68,66.92,2718.37,0.7572,8.15,141.5,12306,1.1303,,,,,,,,,,,,,,,,,,,,
02/07/2018,78.35,67.16,2726.71,0.7609,8.253,140.4,12238.17,1.1292,,,,,,,,,,,,,,,,,,,,
03/07/2018,76.28,66.06,2713.22,0.7579,8.216,139.5,12349.14,1.1318,,,,,,,,,,,,,,,,,,,,
04/07/2018,76.28,66.06,2713.22,0.7558,8.367,141.8,12317.61,1.1353,,,,,,,,,,,,,,,,,,,,
05/07/2018,76.55,66.56,2736.61,0.7565,8.558,146.4,12464.29,1.1312,,,,,,,,,,,,,,,,,,,,
06/07/2018,76.48,67.14,2759.82,0.7526,8.53,144.9,12496.17,1.131,,,,,,,,,,,,,,,,,,,,
09/07/2018,77.28,68.94,2784.17,0.7542,8.596,144.2,12543.89,1.1284,,,,,,,,,,,,,,,,,,,,
10/07/2018,77.57,68.23,2793.84,0.7533,8.446,144.2,12609.85,1.1304,,,,,,,,,,,,,,,,,,,,
11/07/2018,77.36,67.91,2774.02,0.7572,8.409,140.7,12417.13,1.1312,,,,,,,,,,,,,,,,,,,,
12/07/2018,77.37,68.51,2798.29,0.7572,8.314,141.4,12492.97,1.1315,,,,,,,,,,,,,,,,,,,,
13/07/2018,77.38,67,2801.31,0.7558,8.388,142.2,12540.73,1.1326,,,,,,,,,,,,,,,,,,,,
16/07/2018,77.75,69.46,2798.43,0.7555,8.53,141.7,12561.02,1.1301,,,,,,,,,,,,,,,,,,,,
17/07/2018,77.47,69.35,2809.55,0.7625,8.574,144.7,12661.54,1.1247,,,,,,,,,,,,,,,,,,,,
18/07/2018,76.59,69.85,2815.62,0.7651,8.531,145.7,12765.94,1.123,,,,,,,,,,,,,,,,,,,,
19/07/2018,76.95,68.99,2804.49,0.7684,8.46,145.8,12686.29,1.1178,,,,,,,,,,,,,,,,,,,,
20/07/2018,76.96,69.22,2801.83,0.7614,8.493,142,12561.42,1.1205,,,,,,,,,,,,,,,,,,,,
23/07/2018,76.59,70.21,2806.98,0.7633,8.618,144.1,12548.57,1.1207,,,,,,,,,,,,,,,,,,,,
24/07/2018,75.53,71.07,2820.4,0.7608,8.907,147,12689.39,1.1248,,,,,,,,,,,,,,,,,,,,
25/07/2018,77.16,71.72,2846.07,0.7581,8.937,145.8,12579.33,1.1246,,,,,,,,,,,,,,,,,,,,
26/07/2018,78.15,71.34,2837.44,0.7628,8.97,147.9,12809.23,1.1259,,,,,,,,,,,,,,,,,,,,
27/07/2018,76.89,71.69,2818.82,0.7633,9.003,146.9,12860.4,1.1242,,,,,,,,,,,,,,,,,,,,
30/07/2018,75.96,72.29,2802.6,0.7615,9.083,147.8,12798.2,1.1218,,,,,,,,,,,,,,,,,,,,
31/07/2018,76.91,71.89,2816.29,0.7619,9.221,147.6,12805.5,1.1227,,,,,,,,,,,,,,,,,,,,
01/08/2018,77.54,71.93,2813.36,0.7618,9.145,143,12737.05,1.1258,,,,,,,,,,,,,,,,,,,,
02/08/2018,78.65,71.84,2827.22,0.7682,8.87,142.6,12546.33,1.1236,,,,,,,,,,,,,,,,,,,,
03/08/2018,78.74,72.39,2840.35,0.7692,8.887,143,12615.76,1.124,,,,,,,,,,,,,,,,,,,,
06/08/2018,79.51,72.4,2850.4,0.7726,8.951,143.7,12598.21,1.1204,,,,,,,,,,,,,,,,,,,,
07/08/2018,80.53,72.41,2858.45,0.7728,8.806,143.8,12648.19,1.1155,,,,,,,,,,,,,,,,,,,,
08/08/2018,80.5,72.89,2857.7,0.7762,8.783,144.5,12633.54,1.1095,,,,,,,,,,,,,,,,,,,,
09/08/2018,81.26,71.98,2853.58,0.7797,8.726,145.1,12676.11,1.1125,,,,,,,,,,,,,,,,,,,,
10/08/2018,80.73,70.26,2833.28,0.783,8.436,141.8,12424.35,1.1189,,,,,,,,,,,,,,,,,,,,
13/08/2018,80.15,69.16,2821.93,0.7833,8.27,141.4,12358.74,1.1195,,,,,,,,,,,,,,,,,,,,
14/08/2018,80.14,70.01,2839.96,0.7861,8.341,141.3,12358.87,1.1216,,,,,,,,,,,,,,,,,,,,
15/08/2018,79.57,68.65,2818.37,0.7876,8.182,137.1,12163.01,1.1192,,,,,,,,,,,,,,,,,,,,
16/08/2018,80.05,69.56,2840.69,0.7866,8.239,136.8,12237.17,1.1179,,,,,,,,,,,,,,,,,,,,
17/08/2018,79.75,69.67,2850.13,0.7844,8.123,137.5,12210.55,1.1146,,,,,,,,,,,,,,,,,,,,
20/08/2018,82.18,70.53,2857.05,0.7815,8.104,137.9,12331.3,1.1146,,,,,,,,,,,,,,,,,,,,
21/08/2018,82.95,71.24,2862.96,0.775,8.314,139.6,12384.49,1.1152,,,,,,,,,,,,,,,,,,,,
22/08/2018,82.64,71.12,2861.82,0.7744,8.311,137.1,12385.7,1.1135,,,,,,,,,,,,,,,,,,,,
23/08/2018,82.91,70.81,2856.98,0.7803,8.311,135.7,12365.58,1.1101,,,,,,,,,,,,,,,,,,,,
24/08/2018,82.45,70.67,2874.69,0.7782,8.371,136.4,12394.52,1.1055,,,,,,,,,,,,,,,,,,,,
27/08/2018,82.65,72.39,2896.74,0.7756,8.486,140,12538.31,1.104,,,,,,,,,,,,,,,,,,,,
28/08/2018,82.58,72.38,2897.52,0.7768,8.358,141.7,12527.42,1.1009,,,,,,,,,,,,,,,,,,,,
29/08/2018,82.79,72.53,2914.04,0.7677,8.372,140.3,12561.68,1.1126,,,,,,,,,,,,,,,,,,,,
30/08/2018,81.4,71.46,2901.13,0.7686,8.201,139.5,12494.24,1.1147,,,,,,,,,,,,,,,,,,,,
31/08/2018,82.2,71.24,2901.52,0.7716,8.119,138.7,12364.06,1.117,,,,,,,,,,,,,,,,,,,,
03/09/2018,82.2,71.24,2901.52,0.777,8.073,135.9,12346.41,1.1076,,,,,,,,,,,,,,,,,,,,
04/09/2018,79.6,71.4,2896.72,0.7779,8.174,133.9,12210.21,1.1099,,,,,,,,,,,,,,,,,,,,
05/09/2018,79.92,71.17,2888.6,0.7748,8.44,133.7,12040.46,1.1096,,,,,,,,,,,,,,,,,,,,
06/09/2018,80.4,70.11,2878.05,0.7734,8.255,134.2,11955.25,1.1123,,,,,,,,,,,,,,,,,,,,
07/09/2018,80.3,69.64,2871.68,0.7739,8.16,133.4,11959.63,1.1182,,,,,,,,,,,,,,,,,,,,
10/09/2018,82.1,69.63,2877.13,0.7677,8.388,135.5,11986.34,1.1236,,,,,,,,,,,,,,,,,,,,
11/09/2018,82.63,69.43,2887.89,0.7674,8.579,135.6,11970.27,1.1229,,,,,,,,,,,,,,,,,,,,
12/09/2018,83,70.51,2888.92,0.7665,8.501,136.1,12032.3,1.1219,,,,,,,,,,,,,,,,,,,,
13/09/2018,83.47,70.15,2904.18,0.7629,8.721,139.1,12055.55,1.1212,,,,,,,,,,,,,,,,,,,,
14/09/2018,83.49,70.54,2904.98,0.7653,8.797,140.6,12124.33,1.1244,,,,,,,,,,,,,,,,,,,,
17/09/2018,83.26,70.88,2888.8,0.76,8.867,140.7,12096.41,1.1262,,,,,,,,,,,,,,,,,,,,
18/09/2018,85.26,71.36,2904.31,0.7606,8.922,145.8,12157.67,1.1269,,,,,,,,,,,,,,,,,,,,
19/09/2018,84.43,73.72,2907.95,0.7608,9.301,147.8,12219.02,1.1261,,,,,,,,,,,,,,,,,,,,
20/09/2018,85.37,74.79,2930.75,0.7537,9.484,150.9,12326.48,1.1268,,,,,,,,,,,,,,,,,,,,
21/09/2018,85.55,74.15,2929.67,0.7645,9.57,152.5,12430.88,1.1133,,,,,,,,,,,,,,,,,,,,
24/09/2018,84.27,73.84,2919.37,0.7622,9.4,150.9,12350.82,1.1169,,,,,,,,,,,,,,,,,,,,
25/09/2018,84.79,73.51,2915.56,0.7585,9.542,148.2,12374.66,1.1202,,,,,,,,,,,,,,,,,,,,
26/09/2018,83.7,72.45,2905.97,0.7596,9.472,148.3,12385.89,1.1216,,,,,,,,,,,,,,,,,,,,
27/09/2018,84.54,72.95,2914,0.7647,9.367,151,12435.59,1.1236,,,,,,,,,,,,,,,,,,,,
28/09/2018,84.72,71.74,2913.98,0.7676,8.926,149.3,12246.73,1.1227,,,,,,,,,,,,,,,,,,,,
01/10/2018,84.46,71.93,2924.59,0.7667,8.876,150,12339.03,1.1264,,,,,,,,,,,,,,,,,,,,
02/10/2018,82.77,71.8,2923.43,0.7704,8.725,151.1,12287.58,1.124,,,,,,,,,,,,,,,,,,,,
03/10/2018,82.5,72.36,2925.51,0.7727,8.88,152,12287.58,1.1274,,,,,,,,,,,,,,,,,,,,
04/10/2018,80.18,72.62,2901.61,0.768,9.013,150.4,12244.14,1.1309,,,,,,,,,,,,,,,,,,,,
05/10/2018,80.12,72.42,2885.57,0.7623,8.903,147.2,12111.9,1.1384,,,,,,,,,,,,,,,,,,,,
08/10/2018,80.23,72.59,2884.43,0.7637,8.58,145.9,11947.16,1.1393,,,,,,,,,,,,,,,,,,,,
09/10/2018,80.42,71.89,2880.34,0.7608,8.648,144.5,11977.22,1.1439,,,,,,,,,,,,,,,,,,,,
10/10/2018,74.94,69.95,2785.68,0.7579,8.56,138.8,11712.5,1.1454,,,,,,,,,,,,,,,,,,,,
11/10/2018,74.51,68.38,2728.37,0.7556,8.438,136.2,11539.35,1.1412,,,,,,,,,,,,,,,,,,,,
12/10/2018,75.91,69.84,2767.13,0.7602,8.578,138.1,11523.81,1.1378,,,,,,,,,,,,,,,,,,,,
15/10/2018,74.99,69.21,2750.79,0.7604,8.71,141,11614.16,1.1358,,,,,,,,,,,,,,,,,,,,
16/10/2018,77.48,69.71,2809.92,0.7584,8.741,145,11776.55,1.1388,,,,,,,,,,,,,,,,,,,,
17/10/2018,76.48,69.84,2809.21,0.7624,8.786,143.8,11715.03,1.1403,,,,,,,,,,,,,,,,,,,,
18/10/2018,75.6,68.62,2768.78,0.7681,8.565,140.7,11589.21,1.1367,,,,,,,,,,,,,,,,,,,,
19/10/2018,74.21,68.86,2767.78,0.7653,8.677,138.9,11553.83,1.1346,,,,,,,,,,,,,,,,,,,,
22/10/2018,74.9,66.59,2755.88,0.7712,8.54,139,11524.34,1.1304,,,,,,,,,,,,,,,,,,,,
23/10/2018,73.35,65.73,2740.69,0.7702,8.407,138.3,11274.28,1.1317,,,,,,,,,,,,,,,,,,,,
24/10/2018,72.12,63.8,2656.1,0.7763,7.96,128.6,11191.63,1.1307,,,,,,,,,,,,,,,,,,,,
25/10/2018,73.1,64.97,2705.57,0.7802,8.095,134,11307.12,1.1269,,,,,,,,,,,,,,,,,,,,
26/10/2018,72.07,64.21,2658.69,0.7793,8.044,134.6,11200.62,1.1251,,,,,,,,,,,,,,,,,,,,
29/10/2018,72.19,64.35,2641.25,0.7817,8.14,136.9,11335.48,1.1249,,,,,,,,,,,,,,,,,,,,
30/10/2018,74.51,64.53,2682.63,0.7869,8.312,145.2,11287.39,1.1201,,,,,,,,,,,,,,,,,,,,
31/10/2018,75.04,65.46,2711.74,0.7834,8.341,145,11447.51,1.1285,,,,,,,,,,,,,,,,,,,,
01/11/2018,76.79,65.83,2740.37,0.7689,8.488,147.7,11468.54,1.1402,,,,,,,,,,,,,,,,,,,,
02/11/2018,76.58,65.92,2723.06,0.7711,8.702,152.2,11518.99,1.1387,,,,,,,,,,,,,,,,,,,,
05/11/2018,77.53,67.3,2738.31,0.7667,8.603,152.1,11494.96,1.1431,,,,,,,,,,,,,,,,,,,,
06/11/2018,76.57,66.68,2755.45,0.7632,8.28,151.7,11484.34,1.1463,,,,,,,,,,,,,,,,,,,,
07/11/2018,77.97,68.26,2813.89,0.7617,8.424,152.3,11579.1,1.1488,,,,,,,,,,,,,,,,,,,,
08/11/2018,77.78,67.78,2806.83,0.7655,8.79,147.4,11527.32,1.1495,,,,,,,,,,,,,,,,,,,,
09/11/2018,76.36,65.76,2781.01,0.7707,8.723,143.2,11529.16,1.1445,,,,,,,,,,,,,,,,,,,,
12/11/2018,75.1,64.21,2726.22,0.7782,8.425,141.7,11325.44,1.1454,,,,,,,,,,,,,,,,,,,,
13/11/2018,75.2,64.78,2722.18,0.7709,8.494,143.4,11472.22,1.1493,,,,,,,,,,,,,,,,,,,,
14/11/2018,75.2,63.5,2701.58,0.7698,8.428,144.7,11412.53,1.149,,,,,,,,,,,,,,,,,,,,
15/11/2018,74.33,64.6,2730.2,0.7828,8.255,145.6,11353.67,1.1279,,,,,,,,,,,,,,,,,,,,
16/11/2018,74.74,64.95,2736.27,0.7792,8.11,142.3,11341,1.1239,,,,,,,,,,,,,,,,,,,,
19/11/2018,72.52,64.62,2690.73,0.7781,8.094,142.2,11244.54,1.1222,,,,,,,,,,,,,,,,,,,,
20/11/2018,71.12,62.53,2641.89,0.782,7.865,141.1,11066.41,1.1246,,,,,,,,,,,,,,,,,,,,
21/11/2018,72.37,62.87,2649.93,0.7826,7.953,147.2,11244.17,1.1226,,,,,,,,,,,,,,,,,,,,
22/11/2018,72.37,62.87,2649.93,0.7766,7.875,146.5,11138.49,1.1293,,,,,,,,,,,,,,,,,,,,
23/11/2018,71.49,61.75,2632.56,0.7804,7.75,145.6,11192.69,1.1306,,,,,,,,,,,,,,,,,,,,
26/11/2018,72.71,63.73,2673.45,0.7807,8.05,148.6,11354.72,1.1312,,,,,,,,,,,,,,,,,,,,
27/11/2018,72.09,63.46,2682.17,0.7846,7.91,145,11309.11,1.1292,,,,,,,,,,,,,,,,,,,,
28/11/2018,74.66,65.58,2743.79,0.7798,7.911,147.5,11298.88,1.1283,,,,,,,,,,,,,,,,,,,,
29/11/2018,74.34,64.9,2737.76,0.7819,7.881,146.4,11298.23,1.1226,,,,,,,,,,,,,,,,,,,,
30/11/2018,75.12,64.79,2760.17,0.7843,7.63,146.4,11257.24,1.1268,,,,,,,,,,,,,,,,,,,,
03/12/2018,77.94,65.16,2790.37,0.7859,7.72,148.8,11465.46,1.1207,,,,,,,,,,,,,,,,,,,,
04/12/2018,75.79,62.26,2700.06,0.786,7.396,141.6,11335.32,1.1213,,,,,,,,,,,,,,,,,,,,
05/12/2018,75.79,62.26,2700.06,0.7853,7.294,144.2,11200.24,1.1225,,,,,,,,,,,,,,,,,,,,
06/12/2018,75.54,60.06,2695.95,0.7823,7.04,140.4,10810.98,1.1238,,,,,,,,,,,,,,,,,,,,
07/12/2018,73.34,58.35,2633.08,0.7855,6.8,139.2,10788.09,1.1185,,,,,,,,,,,,,,,,,,,,
10/12/2018,72.51,57.07,2637.72,0.7961,6.724,140.8,10622.07,1.1061,,,,,,,,,,,,,,,,,,,,
11/12/2018,73.57,56.22,2636.78,0.8007,6.58,142.9,10780.51,1.1034,,,,,,,,,,,,,,,,,,,,
12/12/2018,74.32,55.98,2651.07,0.7919,6.95,148,10929.43,1.1108,,,,,,,,,,,,,,,,,,,,
13/12/2018,72.93,55.77,2650.54,0.7903,6.83,149.3,10924.7,1.1144,,,,,,,,,,,,,,,,,,,,
14/12/2018,72.53,55.02,2599.95,0.7945,6.617,145.6,10865.77,1.1127,,,,,,,,,,,,,,,,,,,,
17/12/2018,69.9,54.25,2545.94,0.7924,6.313,143.9,10772.2,1.1126,,,,,,,,,,,,,,,,,,,,
18/12/2018,71.15,53.93,2546.16,0.7912,6.312,145.4,10740.89,1.1127,,,,,,,,,,,,,,,,,,,,
19/12/2018,68.97,52.82,2506.96,0.7931,6.1,144.3,10766.21,1.1085,,,,,,,,,,,,,,,,,,,,
20/12/2018,67.53,52.27,2467.42,0.7899,5.759,141.3,10611.1,1.1057,,,,,,,,,,,,,,,,,,,,
21/12/2018,72.37,50.24,2416.62,0.7915,5.757,142,10633.82,1.1108,,,,,,,,,,,,,,,,,,,,
24/12/2018,68.1,49.26,2351.1,0.7865,5.757,142,10633.82,1.1127,,,,,,,,,,,,,,,,,,,,
25/12/2018,68.1,49.26,2351.1,0.7889,5.757,142,10633.82,1.1123,,,,,,,,,,,,,,,,,,,,
26/12/2018,73.01,51.44,2467.7,0.7916,5.757,142,10633.82,1.1128,,,,,,,,,,,,,,,,,,,,
27/12/2018,73.67,51.77,2488.83,0.7909,5.55,137.1,10381.51,1.1061,,,,,,,,,,,,,,,,,,,,
28/12/2018,73.34,51.83,2485.74,0.7874,5.783,139.1,10558.96,1.1097,,,,,,,,,,,,,,,,,,,,
31/12/2018,74.14,52.06,2506.85,0.7839,5.783,139.1,10558.96,1.1122,,,,,,,,,,,,,,,,,,,,
01/01/2019,74.14,52.06,2506.85,0.7846,5.783,139.1,10558.96,1.1111,,,,,,,,,,,,,,,,,,,,
02/01/2019,74.06,53.53,2510.03,0.7931,5.796,136.6,10580.19,1.1112,,,,,,,,,,,,,,,,,,,,
03/01/2019,72.75,52.56,2447.89,0.7917,5.834,135.4,10416.66,1.1083,,,,,,,,,,,,,,,,,,,,
04/01/2019,74.65,55.13,2531.94,0.786,6.224,140.8,10767.69,1.1164,,,,,,,,,,,,,,,,,,,,
07/01/2019,75.72,55.61,2549.69,0.7826,6.21,142.1,10747.81,1.1138,,,,,,,,,,,,,,,,,,,,
08/01/2019,76.73,55.46,2574.41,0.7865,6.37,144.3,10803.98,1.1115,,,,,,,,,,,,,,,,,,,,
09/01/2019,76.59,56.38,2584.96,0.7819,6.198,147.2,10893.32,1.108,,,,,,,,,,,,,,,,,,,,
10/01/2019,76.42,56.44,2596.64,0.7843,6.287,147.1,10921.59,1.1085,,,,,,,,,,,,,,,,,,,,
11/01/2019,76.04,56.69,2596.26,0.7787,6.332,145.8,10887.46,1.1196,,,,,,,,,,,,,,,,,,,,
14/01/2019,76.09,58.93,2582.61,0.7772,6.259,147.1,10855.91,1.1216,,,,,,,,,,,,,,,,,,,,
15/01/2019,77.88,61.38,2610.3,0.7776,6.22,147.5,10891.79,1.1268,,,,,,,,,,,,,,,,,,,,
16/01/2019,77.68,62.19,2616.1,0.7762,6.681,146.9,10931.24,1.1311,,,,,,,,,,,,,,,,,,,,
17/01/2019,79.13,62.47,2635.96,0.77,6.421,145.9,10918.62,1.1402,,,,,,,,,,,,,,,,,,,,
18/01/2019,80.45,63.12,2670.71,0.7767,6.682,147.2,11205.54,1.133,,,,,,,,,,,,,,,,,,,,
21/01/2019,80.45,63.12,2670.71,0.7757,6.71,147.2,11136.2,1.1344,,,,,,,,,,,,,,,,,,,,
22/01/2019,80.75,61.85,2632.9,0.7718,6.614,144.1,11090.11,1.1402,,,,,,,,,,,,,,,,,,,,
23/01/2019,80.5,62.13,2638.7,0.7652,6.845,144.4,11071.54,1.1484,,,,,,,,,,,,,,,,,,,,
24/01/2019,80.44,62.71,2642.33,0.7654,6.839,147.9,11130.18,1.1558,,,,,,,,,,,,,,,,,,,,
25/01/2019,80.61,64.02,2664.76,0.7576,6.928,153.4,11281.79,1.157,,,,,,,,,,,,,,,,,,,,
28/01/2019,80.32,63.85,2643.85,0.76,6.755,152.6,11210.31,1.1515,,,,,,,,,,,,,,,,,,,,
29/01/2019,80.22,63.21,2640,0.7653,6.697,150.3,11218.83,1.1428,,,,,,,,,,,,,,,,,,,,
30/01/2019,81.28,64.22,2681.05,0.7624,6.711,151.6,11181.66,1.1426,,,,,,,,,,,,,,,,,,,,
31/01/2019,81.88,64.46,2704.1,0.7628,6.286,152.1,11173.1,1.1452,,,,,,,,,,,,,,,,,,,,
01/02/2019,81.51,63.67,2706.53,0.7644,6.264,152.8,11180.66,1.1417,,,,,,,,,,,,,,,,,,,,
04/02/2019,81.99,64.06,2724.87,0.7672,6.228,150.6,11176.58,1.1399,,,,,,,,,,,,,,,,,,,,
05/02/2019,82.86,63.81,2737.7,0.7722,6.42,151.5,11367.98,1.135,,,,,,,,,,,,,,,,,,,,
06/02/2019,82.71,63.89,2731.61,0.7734,6.478,151.3,11324.72,1.138,,,,,,,,,,,,,,,,,,,,
07/02/2019,82.39,62.81,2706.05,0.7721,6.141,146.9,11022.02,1.1421,,,,,,,,,,,,,,,,,,,,
08/02/2019,82.36,62.01,2707.88,0.7726,6.12,144,10906.78,1.1432,,,,,,,,,,,,,,,,,,,,
11/02/2019,83.68,61.61,2709.8,0.7776,6.351,143.8,11014.59,1.14,,,,,,,,,,,,,,,,,,,,
12/02/2019,84.71,62.67,2744.73,0.7757,6.418,146.8,11126.08,1.1383,,,,,,,,,,,,,,,,,,,,
13/02/2019,85.4,63.04,2753.03,0.7785,6.273,146.7,11167.22,1.1408,,,,,,,,,,,,,,,,,,,,
14/02/2019,84.68,62.42,2745.73,0.7812,6.34,145.9,11089.79,1.1335,,,,,,,,,,,,,,,,,,,,
15/02/2019,85.38,64.27,2775.6,0.7758,6.656,147.5,11299.8,1.141,,,,,,,,,,,,,,,,,,,,
18/02/2019,85.38,64.27,2775.6,0.7738,6.729,146.4,11299.2,1.1425,,,,,,,,,,,,,,,,,,,,
19/02/2019,84.57,64.38,2779.76,0.7655,6.624,146.5,11309.21,1.1519,,,,,,,,,,,,,,,,,,,,
20/02/2019,84.84,64.64,2784.7,0.7663,6.676,151.1,11401.97,1.1511,,,,,,,,,,,,,,,,,,,,
21/02/2019,83.95,64.32,2774.88,0.7667,6.576,150.5,11423.28,1.1505,,,,,,,,,,,,,,,,,,,,
22/02/2019,84.76,64.14,2792.67,0.766,6.658,151.7,11457.7,1.1517,,,,,,,,,,,,,,,,,,,,
25/02/2019,85.17,64.53,2796.11,0.7635,6.682,154.9,11505.39,1.1531,,,,,,,,,,,,,,,,,,,,
26/02/2019,85.8,64.12,2793.9,0.7546,6.793,155.4,11540.79,1.1636,,,,,,,,,,,,,,,,,,,,
27/02/2019,86.17,64.4,2792.38,0.7514,7.088,155.4,11487.33,1.1705,,,,,,,,,,,,,,,,,,,,
28/02/2019,85.73,63.98,2784.49,0.754,7.216,155.3,11515.64,1.1663,,,,,,,,,,,,,,,,,,,,
01/03/2019,87.16,64.47,2803.69,0.7572,7.385,157.7,11601.68,1.1618,,,,,,,,,,,,,,,,,,,,
04/03/2019,85.64,63.75,2792.81,0.7587,7.151,156.7,11592.66,1.1621,,,,,,,,,,,,,,,,,,,,
05/03/2019,85.44,62.93,2789.65,0.7588,7.13,156.2,11620.74,1.1654,,,,,,,,,,,,,,,,,,,,
06/03/2019,85.13,62.51,2771.45,0.7593,7.051,154.3,11587.63,1.1648,,,,,,,,,,,,,,,,,,,,
07/03/2019,85.26,61.9,2748.93,0.7641,6.762,153,11517.8,1.1689,,,,,,,,,,,,,,,,,,,,
08/03/2019,84.8,62.06,2743.07,0.7684,6.65,151.8,11457.84,1.1585,,,,,,,,,,,,,,,,,,,,
11/03/2019,85.82,62.31,2783.3,0.7604,7.132,151.4,11543.48,1.1693,,,,,,,,,,,,,,,,,,,,
12/03/2019,85.43,62.81,2791.52,0.765,6.979,149.3,11524.17,1.1583,,,,,,,,,,,,,,,,,,,,
13/03/2019,85.93,63.65,2810.92,0.7497,7.027,150,11572.41,1.1775,,,,,,,,,,,,,,,,,,,,
14/03/2019,86.87,64.11,2808.48,0.7552,6.965,146.8,11587.47,1.1714,,,,,,,,,,,,,,,,,,,,
15/03/2019,86.8,65.19,2822.48,0.7524,7.132,147.6,11685.69,1.1736,,,,,,,,,,,,,,,,,,,,
18/03/2019,87.82,65.93,2832.94,0.7545,7.618,148.6,11657.06,1.1692,,,,,,,,,,,,,,,,,,,,
19/03/2019,87.69,65.63,2832.57,0.7537,7.341,151.9,11788.41,1.1688,,,,,,,,,,,,,,,,,,,,
20/03/2019,86.69,64.3,2824.23,0.7577,7.206,148.6,11603.89,1.1564,,,,,,,,,,,,,,,,,,,,
21/03/2019,88.01,63.91,2854.88,0.7628,7.041,148.2,11549.96,1.1523,,,,,,,,,,,,,,,,,,,,
22/03/2019,82.19,60.98,2800.71,0.757,6.88,143.1,11364.17,1.1688,,,,,,,,,,,,,,,,,,,,
25/03/2019,82.33,60.33,2798.36,0.7577,6.855,144,11346.65,1.1663,,,,,,,,,,,,,,,,,,,,
26/03/2019,83.38,61.22,2818.46,0.7573,6.823,142.9,11419.48,1.1727,,,,,,,,,,,,,,,,,,,,
27/03/2019,83.09,60.73,2805.37,0.7582,7.171,143.4,11419.04,1.1731,,,,,,,,,,,,,,,,,,,,
28/03/2019,84.04,61.98,2815.44,0.7667,6.915,143.6,11428.16,1.1625,,,,,,,,,,,,,,,,,,,,
29/03/2019,84.21,62.22,2834.4,0.7671,6.905,145.1,11526.04,1.162,,,,,,,,,,,,,,,,,,,,
01/04/2019,85.23,64.36,2867.19,0.7632,7.098,149,11681.99,1.1686,,,,,,,,,,,,,,,,,,,,
02/04/2019,84.37,64.42,2867.24,0.7614,7.175,151.2,11754.79,1.172,,,,,,,,,,,,,,,,,,,,
03/04/2019,84.47,65.06,2873.4,0.7599,7.162,152.1,11954.4,1.1715,,,,,,,,,,,,,,,,,,,,
04/04/2019,85.28,65.82,2879.39,0.7648,7.406,154.15,11988.01,1.1653,,,,,,,,,,,,,,,,,,,,
05/04/2019,85.4,65.55,2892.74,0.767,7.6,151,12009.75,1.1625,,,,,,,,,,,,,,,,,,,,
08/04/2019,84.73,66.07,2895.77,0.7656,7.35,153.95,11963.4,1.1594,,,,,,,,,,,,,,,,,,,,
09/04/2019,84.28,65.2,2878.2,0.7661,7.378,151.75,11850.57,1.1591,,,,,,,,,,,,,,,,,,,,
10/04/2019,84.88,65.52,2888.21,0.7641,7.281,151.5,11905.91,1.1612,,,,,,,,,,,,,,,,,,,,
11/04/2019,85,65.91,2888.32,0.766,7.404,154.3,11935.2,1.1601,,,,,,,,,,,,,,,,,,,,
12/04/2019,86.24,67.42,2907.41,0.7646,7.611,156.3,11999.93,1.1568,,,,,,,,,,,,,,,,,,,,
15/04/2019,86.83,67.38,2905.58,0.7634,7.744,157.95,12020.28,1.159,,,,,,,,,,,,,,,,,,,,
16/04/2019,87.8,69.31,2907.06,0.7663,7.97,159.85,12101.32,1.1567,,,,,,,,,,,,,,,,,,,,
17/04/2019,88.73,70.35,2900.45,0.7665,8.13,165.05,12153.07,1.1546,,,,,,,,,,,,,,,,,,,,
18/04/2019,89.2,69.67,2905.03,0.7698,8.107,166.25,12222.39,1.1567,,,,,,,,,,,,,,,,,,,,
19/04/2019,89.2,69.67,2905.03,0.7698,8.107,166.25,12222.39,1.1554,,,,,,,,,,,,,,,,,,,,
22/04/2019,87.36,69.09,2907.97,0.7703,8.107,166.25,12222.39,1.1532,,,,,,,,,,,,,,,,,,,,
23/04/2019,87.43,69.2,2933.68,0.7729,7.894,164.3,12235.51,1.1524,,,,,,,,,,,,,,,,,,,,
24/04/2019,88.39,68.83,2927.25,0.7751,7.792,162.05,12313.16,1.1566,,,,,,,,,,,,,,,,,,,,
25/04/2019,87.56,68.73,2926.17,0.7752,7.649,159.45,12282.6,1.1587,,,,,,,,,,,,,,,,,,,,
26/04/2019,88.31,69.51,2939.88,0.7742,7.877,160.5,12315.18,1.1588,,,,,,,,,,,,,,,,,,,,
29/04/2019,88.26,71.03,2943.03,0.773,8.068,160.7,12328.02,1.1565,,,,,,,,,,,,,,,,,,,,
30/04/2019,87.83,70.7,2945.83,0.7673,8.056,159.65,12344.08,1.1621,,,,,,,,,,,,,,,,,,,,
01/05/2019,85.9,69.96,2923.73,0.7662,8.056,159.65,12344.08,1.1656,,,,,,,,,,,,,,,,,,,,
02/05/2019,85.27,70.36,2917.52,0.7673,8.06,163.6,12345.42,1.1663,,,,,,,,,,,,,,,,,,,,
03/05/2019,85.7,70.67,2945.64,0.759,8.076,163.85,12412.75,1.1761,,,,,,,,,,,,,,,,,,,,
06/05/2019,83.57,70.41,2932.47,0.7635,7.92,160.9,12286.88,1.1694,,,,,,,,,,,,,,,,,,,,
07/05/2019,82.54,68.16,2884.05,0.7648,7.674,155.1,12092.74,1.1684,,,,,,,,,,,,,,,,,,,,
08/05/2019,82.77,68.22,2879.42,0.7688,7.8,156.55,12179.93,1.1621,,,,,,,,,,,,,,,,,,,,
09/05/2019,82.98,67.63,2870.72,0.7688,7.535,156.05,11973.92,1.1595,,,,,,,,,,,,,,,,,,,,
10/05/2019,83.95,67.9,2881.4,0.7691,7.592,153.15,12059.83,1.1576,,,,,,,,,,,,,,,,,,,,
13/05/2019,82.53,64.38,2811.87,0.7717,7.363,150.3,11876.65,1.1547,,,,,,,,,,,,,,,,,,,,
14/05/2019,83.67,65.26,2834.41,0.7749,7.875,150,11991.62,1.1518,,,,,,,,,,,,,,,,,,,,
15/05/2019,84.01,64.87,2850.96,0.7784,7.631,151.05,12099.57,1.1466,,,,,,,,,,,,,,,,,,,,
16/05/2019,84.28,65.98,2876.32,0.7814,7.72,148.65,12310.37,1.1452,,,,,,,,,,,,,,,,,,,,
17/05/2019,84.57,65.07,2859.53,0.7861,7.643,149,12238.94,1.14,,,,,,,,,,,,,,,,,,,,
20/05/2019,82.85,64.96,2840.23,0.7859,7.35,146.45,12041.29,1.1394,,,,,,,,,,,,,,,,,,,,
21/05/2019,83.64,66.08,2864.36,0.787,7.317,146.75,12143.47,1.1384,,,,,,,,,,,,,,,,,,,,
22/05/2019,83.2,64.66,2856.27,0.7898,7.09,145.6,12168.74,1.1359,,,,,,,,,,,,,,,,,,,,
23/05/2019,82.64,63.9,2822.24,0.79,6.812,142.6,11952.41,1.132,,,,,,,,,,,,,,,,,,,,
24/05/2019,82.16,64.39,2826.06,0.7866,6.706,144.45,12011.04,1.1347,,,,,,,,,,,,,,,,,,,,
27/05/2019,82.16,64.39,2826.06,0.7887,6.671,145.25,12071.18,1.1329,,,,,,,,,,,,,,,,,,,,
28/05/2019,81.2,63.79,2802.39,0.7903,6.515,146,12027.05,1.1337,,,,,,,,,,,,,,,,,,,,
29/05/2019,78.87,63.71,2783.02,0.7918,6.454,145.65,11837.81,1.1344,,,,,,,,,,,,,,,,,,,,
30/05/2019,79.26,63.61,2788.86,0.7931,6.435,144.65,11902.08,1.1328,,,,,,,,,,,,,,,,,,,,
31/05/2019,77.14,62.15,2752.06,0.7916,6.238,141.2,11726.84,1.1308,,,,,,,,,,,,,,,,,,,,
03/06/2019,77.96,62.61,2744.45,0.7896,6.22,141.55,11792.81,1.1266,,,,,,,,,,,,,,,,,,,,
04/06/2019,81.62,65.88,2803.27,0.7874,6.5,147.6,11971.17,1.1284,,,,,,,,,,,,,,,,,,,,
05/06/2019,82.72,65.78,2826.15,0.7882,6.355,145.5,11980.81,1.1306,,,,,,,,,,,,,,,,,,,,
06/06/2019,82.45,66.47,2843.49,0.7877,6.28,145.35,11953.14,1.1258,,,,,,,,,,,,,,,,,,,,
07/06/2019,83.41,65.69,2873.34,0.7851,6.278,144.7,12045.38,1.1238,,,,,,,,,,,,,,,,,,,,
10/06/2019,82.58,67.12,2886.73,0.7883,6.28,145.65,12045.38,1.1213,,,,,,,,,,,,,,,,,,,,
11/06/2019,83.26,67.88,2885.72,0.7858,6.276,146.65,12155.81,1.1234,,,,,,,,,,,,,,,,,,,,
12/06/2019,82.63,66.81,2879.84,0.7881,6.181,145.35,12115.68,1.1241,,,,,,,,,,,,,,,,,,,,
13/06/2019,83.61,67.08,2891.64,0.789,6.196,145.25,12169.05,1.1239,,,,,,,,,,,,,,,,,,,,
14/06/2019,83.44,67.48,2886.98,0.7942,6.11,144.05,12096.4,1.1232,,,,,,,,,,,,,,,,,,,,
17/06/2019,82.11,66.54,2889.67,0.7978,6.069,144.65,12085.82,1.1173,,,,,,,,,,,,,,,,,,,,
18/06/2019,84.3,67.98,2917.75,0.7963,6.184,147.3,12331.75,1.1218,,,,,,,,,,,,,,,,,,,,
19/06/2019,83.55,67.59,2926.46,0.7909,6.348,149.8,12308.53,1.126,,,,,,,,,,,,,,,,,,,,
20/06/2019,85.24,68.1,2954.18,0.7873,6.178,151.15,12355.39,1.1249,,,,,,,,,,,,,,,,,,,,
21/06/2019,85.75,67.97,2950.46,0.7847,6.141,149.95,12339.92,1.121,,,,,,,,,,,,,,,,,,,,
24/06/2019,84.5,67.41,2945.35,0.7848,6.101,149.15,12274.57,1.1177,,,,,,,,,,,,,,,,,,,,
25/06/2019,82.62,66.54,2917.38,0.7881,6.033,147.1,12228.44,1.1159,,,,,,,,,,,,,,,,,,,,
26/06/2019,82.55,67.22,2913.78,0.7881,6.137,149.3,12245.32,1.1161,,,,,,,,,,,,,,,,,,,,
27/06/2019,83.66,68.15,2924.92,0.789,6.18,150.15,12271.03,1.1145,,,,,,,,,,,,,,,,,,,,
28/06/2019,83.95,70.03,2941.76,0.7875,6.314,150.5,12398.8,1.1166,,,,,,,,,,,,,,,,,,,,
01/07/2019,85.41,70.74,2964.33,0.7912,6.385,152.3,12521.38,1.1201,,,,,,,,,,,,,,,,,,,,
02/07/2019,84.96,70.44,2973.01,0.7941,6.197,153.25,12526.72,1.1159,,,,,,,,,,,,,,,,,,,,
03/07/2019,86.2,70.85,2995.82,0.7954,6.406,156.35,12616.24,1.1148,,,,,,,,,,,,,,,,,,,,
04/07/2019,86.2,70.85,2995.82,0.795,6.4,157.55,12629.9,1.1147,,,,,,,,,,,,,,,,,,,,
05/07/2019,86.82,71.4,2990.41,0.7983,6.511,156.4,12568.53,1.1159,,,,,,,,,,,,,,,,,,,,
08/07/2019,88.48,71.13,2975.95,0.7988,6.258,156.3,12543.51,1.116,,,,,,,,,,,,,,,,,,,,
09/07/2019,88.04,71.56,2979.63,0.8023,6.24,155.35,12436.55,1.1122,,,,,,,,,,,,,,,,,,,,
10/07/2019,87.44,71.13,2993.07,0.7997,6.407,154.3,12373.41,1.1113,,,,,,,,,,,,,,,,,,,,
11/07/2019,88.29,71.61,2999.91,0.7986,6.53,153.8,12332.12,1.1127,,,,,,,,,,,,,,,,,,,,
12/07/2019,89.12,71.77,3013.77,0.7954,6.5,155.1,12323.32,1.1156,,,,,,,,,,,,,,,,,,,,
15/07/2019,89.48,71.71,3014.3,0.799,6.471,156.95,12387.34,1.1118,,,,,,,,,,,,,,,,,,,,
16/07/2019,88.6,71.32,3004.04,0.8059,6.641,157.2,12430.97,1.1068,,,,,,,,,,,,,,,,,,,,
17/07/2019,87.5,70.82,2984.42,0.8043,6.491,154.45,12341.03,1.1077,,,,,,,,,,,,,,,,,,,,
18/07/2019,87.44,71.79,2995.11,0.7969,6.351,152.95,12227.85,1.1126,,,,,,,,,,,,,,,,,,,,
19/07/2019,86.55,70.92,2976.61,0.7998,6.21,152.65,12260.07,1.1143,,,,,,,,,,,,,,,,,,,,
22/07/2019,85.97,71.11,2985.03,0.8015,6.199,154.4,12289.4,1.1129,,,,,,,,,,,,,,,,,,,,
23/07/2019,86.7,71.99,3005.47,0.8039,6.434,160.2,12490.74,1.1154,,,,,,,,,,,,,,,,,,,,
24/07/2019,86.7,73.01,3019.56,0.801,6.479,161.75,12522.89,1.1206,,,,,,,,,,,,,,,,,,,,
25/07/2019,87.28,71.39,3003.67,0.8029,6.504,158.15,12362.1,1.1175,,,,,,,,,,,,,,,,,,,,
26/07/2019,87.54,72.16,3025.86,0.8076,6.492,158.95,12419.9,1.1128,,,,,,,,,,,,,,,,,,,,
29/07/2019,87.62,71.76,3020.97,0.8184,6.426,157.5,12417.47,1.0963,,,,,,,,,,,,,,,,,,,,
30/07/2019,87.2,71.71,3013.18,0.823,6.18,155,12147.24,1.0895,,,,,,,,,,,,,,,,,,,,
31/07/2019,86.03,71.16,2980.38,0.8225,6.2,153.2,12189.04,1.0979,,,,,,,,,,,,,,,,,,,,
01/08/2019,83.12,68.35,2953.56,0.8243,6.062,151.65,12253.15,1.0945,,,,,,,,,,,,,,,,,,,,
02/08/2019,81.14,67.61,2932.05,0.8222,6,150.9,11872.44,1.095,,,,,,,,,,,,,,,,,,,,
05/08/2019,78.97,65.18,2844.74,0.8235,5.757,146.3,11658.51,1.0839,,,,,,,,,,,,,,,,,,,,
06/08/2019,81.3,66.25,2881.77,0.8219,5.769,147.7,11567.96,1.0864,,,,,,,,,,,,,,,,,,,,
07/08/2019,81.28,65.14,2883.98,0.8235,5.39,148.35,11650.15,1.0842,,,,,,,,,,,,,,,,,,,,
08/08/2019,83,66.74,2938.09,0.8242,5.41,148.2,11845.41,1.0854,,,,,,,,,,,,,,,,,,,,
09/08/2019,81.98,66.05,2918.65,0.8314,5.28,145.75,11693.8,1.0742,,,,,,,,,,,,,,,,,,,,
12/08/2019,81.65,64.24,2883.75,0.8281,5.009,144.5,11679.68,1.0769,,,,,,,,,,,,,,,,,,,,
13/08/2019,83.32,64.83,2926.32,0.8292,5.094,147,11750.13,1.0795,,,,,,,,,,,,,,,,,,,,
14/08/2019,81.03,61.41,2840.6,0.8293,4.806,142.65,11492.66,1.0826,,,,,,,,,,,,,,,,,,,,
15/08/2019,79.51,61.32,2847.6,0.8272,4.76,142.3,11412.67,1.0887,,,,,,,,,,,,,,,,,,,,
16/08/2019,80.28,63.48,2888.68,0.8233,4.972,143.65,11562.74,1.0953,,,,,,,,,,,,,,,,,,,,
19/08/2019,81.13,64.31,2923.65,0.8246,5.08,145.9,11715.37,1.0947,,,,,,,,,,,,,,,,,,,,
20/08/2019,80.53,63.42,2900.51,0.8217,4.94,143.8,11651.18,1.0963,,,,,,,,,,,,,,,,,,,,
21/08/2019,82.74,63.25,2924.43,0.8248,4.9205,145.9,11802.85,1.0942,,,,,,,,,,,,,,,,,,,,
22/08/2019,83.31,63.91,2922.95,0.8161,5.044,145.6,11747.04,1.1058,,,,,,,,,,,,,,,,,,,,
23/08/2019,80.44,61.95,2847.11,0.8138,4.8505,142.25,11611.51,1.1026,,,,,,,,,,,,,,,,,,,,
26/08/2019,82.25,62.72,2878.38,0.8185,4.981,144.2,11658.04,1.1005,,,,,,,,,,,,,,,,,,,,
27/08/2019,82.03,61.66,2869.16,0.8136,4.935,145.55,11730.02,1.1082,,,,,,,,,,,,,,,,,,,,
28/08/2019,83.48,62.36,2887.94,0.8189,4.972,145.25,11701.02,1.1024,,,,,,,,,,,,,,,,,,,,
29/08/2019,85.38,63.9,2924.58,0.8209,5.132,147.15,11838.88,1.1018,,,,,,,,,,,,,,,,,,,,
30/08/2019,84.5,64.35,2926.46,0.8222,5.139,148.2,11939.28,1.1069,,,,,,,,,,,,,,,,,,,,
02/09/2019,84.5,64.35,2926.46,0.8288,5.104,148.6,11953.78,1.0999,,,,,,,,,,,,,,,,,,,,
03/09/2019,84.67,63.42,2906.27,0.8276,5.12,148.8,11910.86,1.1008,,,,,,,,,,,,,,,,,,,,
04/09/2019,86.35,64.28,2937.78,0.8162,5.262,150.9,12025.04,1.1103,,,,,,,,,,,,,,,,,,,,
05/09/2019,88.42,66.34,2976,0.8109,5.405,153.35,12126.78,1.1181,,,,,,,,,,,,,,,,,,,,
06/09/2019,88.69,65.97,2978.71,0.8138,5.491,152.8,12191.73,1.1141,,,,,,,,,,,,,,,,,,,,
09/09/2019,88.67,68.79,2978.43,0.81,5.681,155.9,12226.1,1.1176,,,,,,,,,,,,,,,,,,,,
10/09/2019,86.83,68.98,2979.39,0.8094,5.762,157.95,12268.71,1.1184,,,,,,,,,,,,,,,,,,,,
11/09/2019,86.75,68.9,3000.93,0.8112,5.685,158.65,12359.07,1.1195,,,,,,,,,,,,,,,,,,,,
12/09/2019,87.67,69.3,3009.57,0.8107,5.74,159.75,12410.25,1.1149,,,,,,,,,,,,,,,,,,,,
13/09/2019,87.32,70.39,3007.39,0.7999,6.044,160.9,12468.53,1.129,,,,,,,,,,,,,,,,,,,,
16/09/2019,87.27,69.83,2997.96,0.8045,5.858,161,12380.31,1.1299,,,,,,,,,,,,,,,,,,,,
17/09/2019,87.59,69.48,3005.7,0.8,5.686,159.75,12372.61,1.1289,,,,,,,,,,,,,,,,,,,,
18/09/2019,88.08,70.09,3006.73,0.8018,5.597,160.25,12389.62,1.1308,,,,,,,,,,,,,,,,,,,,
19/09/2019,87.7,69.73,3006.79,0.7985,5.669,160.3,12457.7,1.1342,,,,,,,,,,,,,,,,,,,,
20/09/2019,86.68,69.35,2992.07,0.8015,5.711,160.75,12468.01,1.1324,,,,,,,,,,,,,,,,,,,,
23/09/2019,87.69,69.55,2991.78,0.8043,5.338,159.1,12342.33,1.1308,,,,,,,,,,,,,,,,,,,,
24/09/2019,87.18,67.9,2966.6,0.8003,5.211,154.2,12307.15,1.1337,,,,,,,,,,,,,,,,,,,,
25/09/2019,90.81,69.38,2984.87,0.8097,5.332,155.35,12234.18,1.1286,,,,,,,,,,,,,,,,,,,,
26/09/2019,92.17,69.11,2977.62,0.8112,5.31,155.75,12288.54,1.1287,,,,,,,,,,,,,,,,,,,,
27/09/2019,92.31,69.46,2961.79,0.8136,5.35,155.65,12380.94,1.1233,,,,,,,,,,,,,,,,,,,,
30/09/2019,93.92,69.08,2976.74,0.8135,5.311,156.95,12428.08,1.1276,,,,,,,,,,,,,,,,,,,,
01/10/2019,92.28,68.15,2940.25,0.8127,5.131,154.45,12263.83,1.1256,,,,,,,,,,,,,,,,,,,,
02/10/2019,91.49,66.26,2887.61,0.813,5.04,150.05,11925.25,1.1226,,,,,,,,,,,,,,,,,,,,
03/10/2019,92.22,66.7,2910.63,0.811,5.06,149.9,11925.25,1.1248,,,,,,,,,,,,,,,,,,,,
04/10/2019,93.07,68.18,2952.01,0.8108,4.945,149.5,12012.81,1.1234,,,,,,,,,,,,,,,,,,,,
07/10/2019,93.17,68.15,2938.79,0.8135,4.903,148.55,12097.43,1.1205,,,,,,,,,,,,,,,,,,,,
08/10/2019,91.75,66.4,2893.06,0.8184,4.81,148.85,11970.2,1.1154,,,,,,,,,,,,,,,,,,,,
09/10/2019,92.52,67.43,2919.4,0.8193,4.8205,150.5,12094.26,1.1124,,,,,,,,,,,,,,,,,,,,
10/10/2019,93,68.62,2938.13,0.8037,4.963,153.55,12164.2,1.13,,,,,,,,,,,,,,,,,,,,
11/10/2019,93.88,70.1,2970.27,0.7907,5.156,160.5,12511.65,1.1459,,,,,,,,,,,,,,,,,,,,
14/10/2019,94.88,70.24,2966.15,0.7932,5.2,162.05,12486.56,1.1434,,,,,,,,,,,,,,,,,,,,
15/10/2019,94.79,71.22,2995.68,0.7821,5.243,163.55,12629.79,1.1588,,,,,,,,,,,,,,,,,,,,
16/10/2019,94.88,69.5,2989.69,0.7795,5.323,167.1,12670.11,1.159,,,,,,,,,,,,,,,,,,,,
17/10/2019,95.56,69.6,2997.95,0.7757,5.316,167.9,12654.95,1.1588,,,,,,,,,,,,,,,,,,,,
18/10/2019,96.1,69.74,2986.2,0.7707,5.303,167.75,12633.6,1.1621,,,,,,,,,,,,,,,,,,,,
21/10/2019,96.22,71.81,3006.72,0.7716,5.568,168.85,12747.96,1.1623,,,,,,,,,,,,,,,,,,,,
22/10/2019,95.6,72.06,2995.99,0.7769,5.529,168.5,12754.69,1.157,,,,,,,,,,,,,,,,,,,,
23/10/2019,92.32,72.45,3004.52,0.7744,5.566,169.9,12798.19,1.16,,,,,,,,,,,,,,,,,,,,
24/10/2019,91.5,72.3,3010.29,0.7781,5.456,171.8,12872.1,1.1574,,,,,,,,,,,,,,,,,,,,
25/10/2019,90.92,73.17,3022.55,0.7796,5.45,170.3,12894.51,1.1579,,,,,,,,,,,,,,,,,,,,
28/10/2019,90.85,73.59,3039.42,0.7775,5.613,173.25,12941.71,1.1586,,,,,,,,,,,,,,,,,,,,
29/10/2019,89.28,73.09,3036.89,0.7771,5.607,171.75,12939.62,1.1581,,,,,,,,,,,,,,,,,,,,
30/10/2019,90.19,72.97,3046.77,0.7752,5.44,173.6,12910.23,1.157,,,,,,,,,,,,,,,,,,,,
31/10/2019,89.55,71.86,3037.56,0.7728,5.341,170.15,12866.79,1.1605,,,,,,,,,,,,,,,,,,,,
01/11/2019,89.18,73.84,3066.91,0.7729,5.45,172.55,12961.05,1.1589,,,,,,,,,,,,,,,,,,,,
04/11/2019,89.86,75.15,3078.27,0.7761,5.675,177,13136.28,1.1576,,,,,,,,,,,,,,,,,,,,
05/11/2019,89.88,74.83,3074.62,0.7762,5.75,178.05,13148.5,1.1633,,,,,,,,,,,,,,,,,,,,
06/11/2019,89.48,74.42,3076.78,0.7779,5.773,177.5,13179.89,1.1618,,,,,,,,,,,,,,,,,,,,
07/11/2019,90.4,75.81,3085.18,0.7803,5.72,182.05,13289.46,1.1599,,,,,,,,,,,,,,,,,,,,
08/11/2019,89.81,76.12,3093.08,0.7828,5.59,180.95,13228.56,1.1594,,,,,,,,,,,,,,,,,,,,
11/11/2019,90.05,75.6,3087.01,0.778,5.541,180.35,13198.37,1.1652,,,,,,,,,,,,,,,,,,,,
12/11/2019,89.5,75.07,3091.84,0.7785,5.652,181.05,13283.51,1.1668,,,,,,,,,,,,,,,,,,,,
13/11/2019,91.29,73.91,3094.04,0.7781,5.326,179.3,13230.07,1.1675,,,,,,,,,,,,,,,,,,,,
14/11/2019,91.27,73.84,3096.63,0.7763,5.236,179.5,13180.23,1.1686,,,,,,,,,,,,,,,,,,,,
15/11/2019,93.04,74.4,3120.46,0.775,5.231,181.4,13241.75,1.1676,,,,,,,,,,,,,,,,,,,,
18/11/2019,94.18,74.4,3122.03,0.7721,5.127,175.5,13207.01,1.1699,,,,,,,,,,,,,,,,,,,,
19/11/2019,93.61,74.82,3120.18,0.7736,5.17,177.25,13221.12,1.1668,,,,,,,,,,,,,,,,,,,,
20/11/2019,93.05,73.91,3108.46,0.7738,5.05,174.85,13158.14,1.1671,,,,,,,,,,,,,,,,,,,,
21/11/2019,92.16,73.9,3103.54,0.7745,5.158,176.9,13137.7,1.1674,,,,,,,,,,,,,,,,,,,,
22/11/2019,93.34,74.87,3110.29,0.7792,5.238,176.8,13163.88,1.1644,,,,,,,,,,,,,,,,,,,,
25/11/2019,92.9,75.68,3133.64,0.7752,5.3,176.8,13246.45,1.1712,,,,,,,,,,,,,,,,,,,,
26/11/2019,93.33,75.46,3140.52,0.7772,5.308,175.3,13236.42,1.1674,,,,,,,,,,,,,,,,,,,,
27/11/2019,94.14,75.72,3153.63,0.7738,5.299,176.2,13287.07,1.1748,,,,,,,,,,,,,,,,,,,,
28/11/2019,94.14,75.72,3153.63,0.7745,5.261,174.5,13245.58,1.1729,,,,,,,,,,,,,,,,,,,,
29/11/2019,93.49,75.12,3140.98,0.7733,5.242,173.1,13236.38,1.1738,,,,,,,,,,,,,,,,,,,,
02/12/2019,93.56,74.52,3113.87,0.7727,5.17,172.55,12964.68,1.168,,,,,,,,,,,,,,,,,,,,
03/12/2019,92.46,73.33,3093.2,0.7695,5.081,173.8,12989.29,1.1728,,,,,,,,,,,,,,,,,,,,
04/12/2019,93.72,74.23,3112.76,0.7631,5.172,173.15,13140.57,1.1829,,,,,,,,,,,,,,,,,,,,
05/12/2019,95.79,74.71,3117.43,0.7601,5.203,174.5,13054.8,1.1849,,,,,,,,,,,,,,,,,,,,
06/12/2019,97,75.81,3145.91,0.761,5.174,175.8,13166.58,1.188,,,,,,,,,,,,,,,,,,,,
09/12/2019,96.63,75.33,3135.96,0.7607,5.186,173.9,13105.61,1.1883,,,,,,,,,,,,,,,,,,,,
10/12/2019,97.01,75.78,3132.52,0.7601,5.151,174.55,13070.72,1.186,,,,,,,,,,,,,,,,,,,,
11/12/2019,97.18,75.55,3141.63,0.7579,5.172,176.8,13146.74,1.1856,,,,,,,,,,,,,,,,,,,,
12/12/2019,97.72,77.05,3168.57,0.7596,5.42,177.8,13221.64,1.1828,,,,,,,,,,,,,,,,,,,,
13/12/2019,97.77,76.39,3168.8,0.7503,5.48,180.5,13282.72,1.1992,,,,,,,,,,,,,,,,,,,,
16/12/2019,98.81,76.91,3191.45,0.7499,5.573,179.05,13407.66,1.1965,,,,,,,,,,,,,,,,,,,,
17/12/2019,99.65,77.74,3192.52,0.7616,5.564,177.45,13287.83,1.1776,,,,,,,,,,,,,,,,,,,,
18/12/2019,100.57,77.92,3191.14,0.7646,5.555,177,13222.16,1.1768,,,,,,,,,,,,,,,,,,,,
19/12/2019,101.15,78.2,3205.37,0.7687,5.593,175,13211.96,1.1698,,,,,,,,,,,,,,,,,,,,
20/12/2019,99.96,78.51,3221.22,0.7692,5.551,174.7,13318.9,1.1735,,,,,,,,,,,,,,,,,,,,
23/12/2019,100.04,78.76,3224.01,0.7731,5.422,173.5,13300.98,1.1665,,,,,,,,,,,,,,,,,,,,
24/12/2019,100.14,78.59,3223.38,0.7724,5.422,173.5,13300.98,1.1674,,,,,,,,,,,,,,,,,,,,
25/12/2019,100.14,78.59,3223.38,0.7719,5.422,173.5,13300.98,1.1688,,,,,,,,,,,,,,,,,,,,
26/12/2019,100.71,79.83,3239.91,0.7695,5.422,173.5,13300.98,1.171,,,,,,,,,,,,,,,,,,,,
27/12/2019,101.57,79.67,3240.02,0.7645,5.441,173.75,13337.11,1.1706,,,,,,,,,,,,,,,,,,,,
30/12/2019,100.8,79.51,3221.29,0.7627,5.517,173.25,13249.01,1.1709,,,,,,,,,,,,,,,,,,,,
31/12/2019,101.31,79.89,3230.78,0.7543,5.517,173.25,13249.01,1.1825,,,,,,,,,,,,,,,,,,,,
01/01/2020,101.31,79.89,3230.78,0.7546,5.517,173.25,13249.01,1.1817,,,,,,,,,,,,,,,,,,,,
02/01/2020,102.2,81.23,3257.85,0.7611,5.929,178.4,13385.93,1.177,,,,,,,,,,,,,,,,,,,,
03/01/2020,101.92,79.7,3234.85,0.7643,5.781,174.3,13219.14,1.1724,,,,,,,,,,,,,,,,,,,,
06/01/2020,101.83,79.45,3246.28,0.7593,5.613,175.6,13126.99,1.176,,,,,,,,,,,,,,,,,,,,
07/01/2020,101.78,78.76,3237.18,0.762,5.661,175.35,13226.83,1.1769,,,,,,,,,,,,,,,,,,,,
08/01/2020,101.55,79.36,3253.05,0.7636,5.829,176.1,13320.18,1.1793,,,,,,,,,,,,,,,,,,,,
09/01/2020,101.48,80.08,3274.7,0.7652,5.851,178.95,13495.06,1.1767,,,,,,,,,,,,,,,,,,,,
10/01/2020,100.9,79.25,3265.35,0.7655,5.739,181.95,13483.31,1.1748,,,,,,,,,,,,,,,,,,,,
13/01/2020,102.16,80.65,3288.13,0.7699,5.655,181.8,13451.52,1.1667,,,,,,,,,,,,,,,,,,,,
14/01/2020,102.92,81.91,3283.15,0.7681,5.662,181.75,13456.49,1.1698,,,,,,,,,,,,,,,,,,,,
15/01/2020,102.79,81.24,3289.29,0.7669,5.449,179.9,13432.3,1.1694,,,,,,,,,,,,,,,,,,,,
16/01/2020,103.37,81,3316.81,0.7646,5.51,179.05,13429.43,1.1745,,,,,,,,,,,,,,,,,,,,
17/01/2020,104.53,81.12,3329.62,0.7686,5.281,179.85,13526.13,1.1732,,,,,,,,,,,,,,,,,,,,
20/01/2020,104.53,81.12,3329.62,0.7686,5.19,181.75,13548.94,1.1726,,,,,,,,,,,,,,,,,,,,
21/01/2020,104.58,79.9,3320.79,0.7662,5.123,181.05,13555.87,1.1776,,,,,,,,,,,,,,,,,,,,
22/01/2020,104.49,80.1,3321.75,0.7609,5.122,178.85,13515.75,1.1849,,,,,,,,,,,,,,,,,,,,
23/01/2020,103.02,79.8,3325.54,0.7619,5.113,177.95,13388.42,1.187,,,,,,,,,,,,,,,,,,,,
24/01/2020,102.03,78.42,3295.47,0.765,5.12,174.7,13576.68,1.1857,,,,,,,,,,,,,,,,,,,,
27/01/2020,100.24,76.71,3243.63,0.7659,5.07,170.35,13204.77,1.1851,,,,,,,,,,,,,,,,,,,,
28/01/2020,100.41,77.24,3276.24,0.7676,5.25,171.25,13323.69,1.182,,,,,,,,,,,,,,,,,,,,
29/01/2020,99.84,76.48,3273.4,0.7681,5.25,169.8,13345,1.1826,,,,,,,,,,,,,,,,,,,,
30/01/2020,98.19,77.43,3283.66,0.7638,5.254,167.85,13157.12,1.1869,,,,,,,,,,,,,,,,,,,,
31/01/2020,96.3,74.41,3225.52,0.7572,5.167,164.5,12981.97,1.1903,,,,,,,,,,,,,,,,,,,,
03/02/2020,99.27,75.13,3248.92,0.7693,5.22,164.15,13045.19,1.1748,,,,,,,,,,,,,,,,,,,,
04/02/2020,101.38,76.5,3297.59,0.7674,5.407,169.5,13281.74,1.1798,,,,,,,,,,,,,,,,,,,,
05/02/2020,100.54,78.85,3334.69,0.7691,5.521,172.4,13478.33,1.1821,,,,,,,,,,,,,,,,,,,,
06/02/2020,100.27,78.97,3345.78,0.7735,5.712,172.2,13574.82,1.1774,,,,,,,,,,,,,,,,,,,,
07/02/2020,99.44,78.69,3327.71,0.7761,5.802,168.35,13513.81,1.1774,,,,,,,,,,,,,,,,,,,,
10/02/2020,100.02,78.48,3352.09,0.7743,5.73,167.6,13494.03,1.1837,,,,,,,,,,,,,,,,,,,,
11/02/2020,100.02,79.09,3357.75,0.7721,5.83,168.85,13627.84,1.1866,,,,,,,,,,,,,,,,,,,,
12/02/2020,103,79.33,3379.45,0.7716,5.916,175.25,13749.78,1.1919,,,,,,,,,,,,,,,,,,,,
13/02/2020,103.37,79,3373.94,0.7667,6.45,172.45,13745.43,1.2034,,,,,,,,,,,,,,,,,,,,
14/02/2020,103.54,78.79,3380.16,0.7665,6.485,171.6,13744.21,1.2046,,,,,,,,,,,,,,,,,,,,
17/02/2020,103.54,78.79,3380.16,0.7689,6.771,173.95,13783.89,1.2003,,,,,,,,,,,,,,,,,,,,
18/02/2020,102,77.58,3370.29,0.7694,6.701,170.95,13681.19,1.2044,,,,,,,,,,,,,,,,,,,,
19/02/2020,102.46,78.05,3386.15,0.7738,6.631,171.25,13789,1.1958,,,,,,,,,,,,,,,,,,,,
20/02/2020,102.53,78.22,3373.23,0.7762,6.74,171,13664,1.1947,,,,,,,,,,,,,,,,,,,,
21/02/2020,100.25,76.44,3337.75,0.7715,6.471,167.65,13579.33,1.1948,,,,,,,,,,,,,,,,,,,,
24/02/2020,95.91,72.53,3225.89,0.7736,6.061,157,13035.24,1.1907,,,,,,,,,,,,,,,,,,,,
25/02/2020,92.9,69.43,3128.21,0.769,5.65,154,12790.49,1.1952,,,,,,,,,,,,,,,,,,,,
26/02/2020,92,68.18,3116.39,0.7751,5.701,154.3,12774.88,1.1859,,,,,,,,,,,,,,,,,,,,
27/02/2020,88.55,64.45,2978.76,0.7761,5.37,146.85,12367.46,1.1715,,,,,,,,,,,,,,,,,,,,
28/02/2020,89.38,63.46,2954.22,0.7801,5.175,151.4,11890.35,1.1626,,,,,,,,,,,,,,,,,,,,
02/03/2020,92.68,67.59,3090.23,0.7841,5.11,156,11857.87,1.1455,,,,,,,,,,,,,,,,,,,,
03/03/2020,90.93,65.05,3003.37,0.7805,4.94,152.85,11985.39,1.1466,,,,,,,,,,,,,,,,,,,,
04/03/2020,93.79,67.39,3130.12,0.7768,4.975,156.8,12127.69,1.1558,,,,,,,,,,,,,,,,,,,,
05/03/2020,90.58,63.49,3023.94,0.772,4.58,149.2,11944.72,1.1528,,,,,,,,,,,,,,,,,,,,
06/03/2020,88.36,61.28,2972.37,0.7663,4.2505,149,11541.87,1.1563,,,,,,,,,,,,,,,,,,,,
09/03/2020,84.11,51.37,2746.56,0.7622,3.629,131.4,10625.02,1.1466,,,,,,,,,,,,,,,,,,,,
10/03/2020,88.3,55.58,2882.23,0.7746,3.94,142.1,10475.49,1.1444,,,,,,,,,,,,,,,,,,,,
11/03/2020,84,50.79,2741.38,0.7799,3.8175,133.25,10438.68,1.1378,,,,,,,,,,,,,,,,,,,,
12/03/2020,74.2,43.26,2480.64,0.7957,3.1525,112.3,9161.13,1.1238,,,,,,,,,,,,,,,,,,,,
13/03/2020,75.58,51.04,2711.02,0.8146,3.41,122,9232.08,1.1057,,,,,,,,,,,,,,,,,,,,
16/03/2020,66.79,41.19,2386.13,0.8149,2.9975,106,8742.25,1.0972,,,,,,,,,,,,,,,,,,,,
17/03/2020,69.84,40.25,2529.19,0.8295,3.14,111.5,8939.1,1.0961,,,,,,,,,,,,,,,,,,,,
18/03/2020,68.04,36.43,2398.1,0.8604,3.095,101.45,8441.71,1.0643,,,,,,,,,,,,,,,,,,,,
19/03/2020,70.34,39.64,2409.39,0.8706,3.357,104.35,8610.43,1.0743,,,,,,,,,,,,,,,,,,,,
20/03/2020,67.45,38.06,2304.92,0.8596,3.2005,100.9,8928.95,1.0883,,,,,,,,,,,,,,,,,,,,
23/03/2020,62.8,35.39,2237.4,0.8661,3.2045,104,8741.15,1.0759,,,,,,,,,,,,,,,,,,,,
24/03/2020,72.33,40.66,2447.33,0.8502,3.5015,116.75,9700.57,1.0906,,,,,,,,,,,,,,,,,,,,
25/03/2020,79.01,41.86,2475.56,0.8417,3.622,123.05,9874.26,1.0915,,,,,,,,,,,,,,,,,,,,
26/03/2020,84.3,46.02,2630.07,0.8192,3.7635,125.85,10000.96,1.1065,,,,,,,,,,,,,,,,,,,,
27/03/2020,83.23,43.8,2541.47,0.8029,3.55,118.05,9632.52,1.1182,,,,,,,,,,,,,,,,,,,,
30/03/2020,85.38,44.08,2626.65,0.8052,3.3905,117.65,9815.97,1.1237,,,,,,,,,,,,,,,,,,,,
31/03/2020,82.74,42.12,2584.59,0.8056,3.2605,118.95,9935.84,1.1254,,,,,,,,,,,,,,,,,,,,
01/04/2020,79.23,38.51,2470.5,0.8086,3.08,112.4,9544.75,1.1284,,,,,,,,,,,,,,,,,,,,
02/04/2020,80.14,39.23,2526.9,0.8067,3.159,115.6,9570.82,1.1417,,,,,,,,,,,,,,,,,,,,
03/04/2020,78.86,37.49,2488.65,0.8152,3.101,115.5,9525.77,1.1362,,,,,,,,,,,,,,,,,,,,
06/04/2020,84.63,41.12,2663.68,0.8176,3.38,124.5,10075.17,1.1333,,,,,,,,,,,,,,,,,,,,
07/04/2020,84.16,41.25,2659.41,0.8109,3.463,126.9,10356.7,1.1322,,,,,,,,,,,,,,,,,,,,
08/04/2020,85.3,44.26,2749.98,0.8074,3.348,128.6,10332.89,1.1405,,,,,,,,,,,,,,,,,,,,
09/04/2020,86.79,47.41,2789.82,0.8024,3.418,134.4,10564.74,1.14,,,,,,,,,,,,,,,,,,,,
10/04/2020,86.79,47.41,2789.82,0.8031,3.418,134.4,10564.74,1.1402,,,,,,,,,,,,,,,,,,,,
13/04/2020,84.46,46.68,2761.63,0.7998,3.418,134.4,10564.74,1.146,,,,,,,,,,,,,,,,,,,,
14/04/2020,87.47,45.42,2846.06,0.792,3.381,136,10696.56,1.1496,,,,,,,,,,,,,,,,,,,,
15/04/2020,85.04,42.86,2783.36,0.7985,3.101,128.2,10279.76,1.1474,,,,,,,,,,,,,,,,,,,,
16/04/2020,86.3,40.52,2799.55,0.8028,3.031,131.5,10301.54,1.1493,,,,,,,,,,,,,,,,,,,,
17/04/2020,89.91,45.45,2874.56,0.8,3.155,135.4,10625.78,1.1496,,,,,,,,,,,,,,,,,,,,
20/04/2020,87.9,44.01,2823.16,0.8042,3.13,135.7,10675.9,1.1452,,,,,,,,,,,,,,,,,,,,
21/04/2020,85.2,41.57,2736.56,0.8135,3.06,128.8,10249.85,1.132,,,,,,,,,,,,,,,,,,,,
22/04/2020,88.77,42.24,2799.31,0.8108,3.086,128.5,10415.03,1.1397,,,,,,,,,,,,,,,,,,,,
23/04/2020,87.35,42.46,2797.8,0.81,3.171,129,10513.79,1.1454,,,,,,,,,,,,,,,,,,,,
24/04/2020,88.37,43.1,2836.74,0.8087,3.13,129.3,10336.09,1.1423,,,,,,,,,,,,,,,,,,,,
27/04/2020,89.37,46.56,2878.48,0.8045,3.28,133.1,10659.99,1.1479,,,,,,,,,,,,,,,,,,,,
28/04/2020,88.8,47.21,2863.39,0.8049,3.382,135.9,10795.63,1.1484,,,,,,,,,,,,,,,,,,,,
29/04/2020,88.07,50.26,2939.51,0.8019,3.579,146.2,11107.74,1.1469,,,,,,,,,,,,,,,,,,,,
30/04/2020,87.18,48.56,2912.43,0.794,3.382,136.4,10861.64,1.1497,,,,,,,,,,,,,,,,,,,,
01/05/2020,85.54,45.52,2830.71,0.8004,3.382,136.4,10861.64,1.1378,,,,,,,,,,,,,,,,,,,,
04/05/2020,85.75,45.12,2842.74,0.8037,3.262,129.7,10466.8,1.1409,,,,,,,,,,,,,,,,,,,,
05/05/2020,87.2,43.95,2868.44,0.8042,3.277,134,10729.46,1.1472,,,,,,,,,,,,,,,,,,,,
06/05/2020,88.44,42.95,2848.42,0.81,3.211,134,10606.2,1.1438,,,,,,,,,,,,,,,,,,,,
07/05/2020,88.56,44.64,2881.19,0.8089,3.216,135,10759.27,1.1411,,,,,,,,,,,,,,,,,,,,
08/05/2020,90.46,46.32,2929.8,0.8061,3.241,138,10904.48,1.1448,,,,,,,,,,,,,,,,,,,,
11/05/2020,90.93,44.07,2930.32,0.8108,3.204,138.7,10824.99,1.1414,,,,,,,,,,,,,,,,,,,,
12/05/2020,88.26,42.35,2870.12,0.8157,3.22,135.5,10819.5,1.1301,,,,,,,,,,,,,,,,,,,,
13/05/2020,86.02,40.6,2820,0.8172,3.013,129.8,10542.66,1.1304,,,,,,,,,,,,,,,,,,,,
14/05/2020,86.55,42.06,2852.5,0.8175,3.001,128.4,10337.02,1.1317,,,,,,,,,,,,,,,,,,,,
15/05/2020,86.99,41.92,2863.7,0.8262,2.888,130.7,10465.17,1.119,,,,,,,,,,,,,,,,,,,,
18/05/2020,91.04,45.67,2953.91,0.82,3.125,138,11058.87,1.1173,,,,,,,,,,,,,,,,,,,,
19/05/2020,91.51,44.43,2922.94,0.8162,3.23,136.9,11075.29,1.1217,,,,,,,,,,,,,,,,,,,,
20/05/2020,92.95,45.47,2971.61,0.8171,3.322,139.9,11223.71,1.1152,,,,,,,,,,,,,,,,,,,,
21/05/2020,94.26,45,2948.51,0.8181,3.285,139.1,11065.93,1.1161,,,,,,,,,,,,,,,,,,,,
22/05/2020,93.75,44.1,2955.45,0.8221,3.302,139.5,11073.87,1.1159,,,,,,,,,,,,,,,,,,,,
25/05/2020,93.75,44.1,2955.45,0.8204,3.321,138.9,11391.28,1.1185,,,,,,,,,,,,,,,,,,,,
26/05/2020,96.62,48.17,2991.77,0.8107,3.507,143.7,11504.65,1.1231,,,,,,,,,,,,,,,,,,,,
27/05/2020,99.87,52.26,3036.13,0.8157,3.742,152.3,11657.69,1.1141,,,,,,,,,,,,,,,,,,,,
28/05/2020,98.46,49.16,3029.73,0.8116,3.681,147.2,11781.13,1.1123,,,,,,,,,,,,,,,,,,,,
29/05/2020,98.58,47.91,3044.31,0.8095,3.53,143,11586.85,1.1121,,,,,,,,,,,,,,,,,,,,
01/06/2020,99.54,49.45,3055.73,0.8006,3.508,145.4,11586.85,1.122,,,,,,,,,,,,,,,,,,,,
02/06/2020,100.74,50.84,3080.82,0.7968,3.753,147.3,12021.28,1.1237,,,,,,,,,,,,,,,,,,,,
03/06/2020,104.11,53.34,3122.87,0.7952,3.913,152.1,12487.36,1.1194,,,,,,,,,,,,,,,,,,,,
04/06/2020,101.28,55.65,3112.35,0.7939,3.972,151.8,12430.56,1.111,,,,,,,,,,,,,,,,,,,,
05/06/2020,102.71,58.86,3193.93,0.7894,4.383,155.6,12847.68,1.1219,,,,,,,,,,,,,,,,,,,,
08/06/2020,104.29,61.24,3232.39,0.7859,4.728,159.6,12819.59,1.1268,,,,,,,,,,,,,,,,,,,,
09/06/2020,102.63,59.5,3207.18,0.7857,4.422,154.5,12617.99,1.1222,,,,,,,,,,,,,,,,,,,,
10/06/2020,102.12,55.86,3190.14,0.7845,4.335,154.3,12530.16,1.1206,,,,,,,,,,,,,,,,,,,,
11/06/2020,95.17,48.39,3002.1,0.7935,3.981,142.3,11970.29,1.1154,,,,,,,,,,,,,,,,,,,,
12/06/2020,96.43,52.25,3041.31,0.7975,4.205,146.2,11949.28,1.1142,,,,,,,,,,,,,,,,,,,,
15/06/2020,97.84,52.98,3066.59,0.7933,4.209,147.3,11911.35,1.113,,,,,,,,,,,,,,,,,,,,
16/06/2020,99.04,54.45,3124.74,0.7954,4.254,146.1,12315.66,1.1162,,,,,,,,,,,,,,,,,,,,
17/06/2020,99.21,53,3113.49,0.7965,4.219,145.6,12382.14,1.1166,,,,,,,,,,,,,,,,,,,,
18/06/2020,98.45,53.04,3115.34,0.805,3.977,143.6,12281.53,1.1088,,,,,,,,,,,,,,,,,,,,
19/06/2020,95.78,52.92,3097.74,0.8098,3.863,141.1,12330.76,1.1047,,,,,,,,,,,,,,,,,,,,
22/06/2020,99.51,52.06,3117.86,0.802,3.87,143.6,12262.97,1.1073,,,,,,,,,,,,,,,,,,,,
23/06/2020,101.92,52.95,3131.29,0.7987,4,144.9,12523.76,1.1072,,,,,,,,,,,,,,,,,,,,
24/06/2020,100.08,50.81,3050.33,0.8051,3.82,140.8,12093.94,1.1038,,,,,,,,,,,,,,,,,,,,
25/06/2020,101.4,52.68,3083.76,0.8052,3.96,144.7,12177.87,1.1072,,,,,,,,,,,,,,,,,,,,
26/06/2020,93.67,49.58,3009.05,0.8106,3.767,141.6,12089.39,1.0996,,,,,,,,,,,,,,,,,,,,
29/06/2020,95.87,50.29,3053.24,0.8131,3.946,142.9,12232.12,1.094,,,,,,,,,,,,,,,,,,,,
30/06/2020,98.05,51.1,3100.29,0.8064,3.944,144.2,12310.93,1.104,,,,,,,,,,,,,,,,,,,,
01/07/2020,97.4,50.35,3115.86,0.8016,3.982,142.2,12260.57,1.1087,,,,,,,,,,,,,,,,,,,,
02/07/2020,98.43,50.55,3130.01,0.802,4.128,144.6,12608.46,1.1093,,,,,,,,,,,,,,,,,,,,
03/07/2020,98.43,50.55,3130.01,0.8012,4.132,145.5,12528.18,1.1102,,,,,,,,,,,,,,,,,,,,
06/07/2020,99.95,51.97,3179.72,0.8005,4.49,146.8,12733.45,1.1046,,,,,,,,,,,,,,,,,,,,
07/07/2020,97.07,50.32,3145.32,0.7972,4.523,143.6,12616.8,1.1125,,,,,,,,,,,,,,,,,,,,
08/07/2020,98.84,50.88,3169.94,0.793,4.564,145,12494.81,1.113,,,,,,,,,,,,,,,,,,,,
09/07/2020,96.99,49.45,3152.05,0.7933,4.352,144,12489.46,1.1172,,,,,,,,,,,,,,,,,,,,
10/07/2020,97.99,52.65,3185.04,0.7923,4.571,147.3,12633.71,1.1172,,,,,,,,,,,,,,,,,,,,
13/07/2020,96.46,52.2,3155.22,0.7966,4.477,142.9,12799.97,1.1068,,,,,,,,,,,,,,,,,,,,
14/07/2020,96.76,50.15,3197.52,0.7966,4.621,145.8,12697.36,1.1011,,,,,,,,,,,,,,,,,,,,
15/07/2020,98.54,51.84,3226.56,0.7944,4.729,148,12930.98,1.1029,,,,,,,,,,,,,,,,,,,,
16/07/2020,97.26,51.46,3215.57,0.7966,4.676,149.9,12874.97,1.1029,,,,,,,,,,,,,,,,,,,,
17/07/2020,96.28,50.22,3224.73,0.7957,4.623,148.7,12919.61,1.099,,,,,,,,,,,,,,,,,,,,
20/07/2020,95.65,50.14,3251.84,0.7898,4.63,149.1,13046.92,1.1061,,,,,,,,,,,,,,,,,,,,
21/07/2020,98.36,51.73,3257.3,0.7854,4.655,150.1,13171.83,1.1045,,,,,,,,,,,,,,,,,,,,
22/07/2020,98.91,51.66,3276.02,0.7853,4.623,150.2,13104.25,1.1006,,,,,,,,,,,,,,,,,,,,
23/07/2020,98.3,52.08,3235.66,0.7849,4.51,149.8,13103.39,1.0987,,,,,,,,,,,,,,,,,,,,
24/07/2020,98.43,51.67,3215.63,0.7816,4.576,150.2,12838.06,1.0982,,,,,,,,,,,,,,,,,,,,
27/07/2020,97.21,51.29,3239.41,0.7763,4.543,149.5,12838.66,1.0962,,,,,,,,,,,,,,,,,,,,
28/07/2020,96.27,51.27,3218.44,0.7733,4.546,147.9,12835.28,1.1037,,,,,,,,,,,,,,,,,,,,
29/07/2020,96.97,52.52,3258.44,0.7694,4.533,146.2,12822.26,1.1023,,,,,,,,,,,,,,,,,,,,
30/07/2020,96.82,50.87,3246.22,0.7636,4.31,139.4,12379.65,1.1053,,,,,,,,,,,,,,,,,,,,
31/07/2020,97.61,50.01,3271.12,0.7642,4.33,132.9,12313.36,1.1109,,,,,,,,,,,,,,,,,,,,
03/08/2020,98.33,50.39,3294.61,0.7648,4.405,138.2,12646.98,1.1116,,,,,,,,,,,,,,,,,,,,
04/08/2020,97.33,50.14,3306.51,0.765,4.487,144,12600.87,1.1075,,,,,,,,,,,,,,,,,,,,
05/08/2020,100.94,51.04,3327.77,0.7625,4.703,144.2,12660.25,1.1054,,,,,,,,,,,,,,,,,,,,
06/08/2020,100.45,50.89,3349.16,0.7609,4.773,145.9,12591.68,1.1067,,,,,,,,,,,,,,,,,,,,
07/08/2020,101.86,52.12,3351.28,0.7662,4.823,143.6,12674.88,1.1077,,,,,,,,,,,,,,,,,,,,
10/08/2020,105.41,52.86,3360.47,0.765,4.825,145.3,12687.53,1.1137,,,,,,,,,,,,,,,,,,,,
11/08/2020,105.12,53.76,3333.69,0.7664,4.82,148.6,12946.89,1.1115,,,,,,,,,,,,,,,,,,,,
12/08/2020,105.22,53.35,3380.35,0.7673,4.905,152.3,13058.63,1.106,,,,,,,,,,,,,,,,,,,,
13/08/2020,106.52,52.89,3373.43,0.7653,4.804,150,12993.71,1.1061,,,,,,,,,,,,,,,,,,,,
14/08/2020,106.43,52.93,3372.85,0.7642,4.74,149.8,12901.34,1.1055,,,,,,,,,,,,,,,,,,,,
17/08/2020,105.66,51.42,3381.99,0.7631,4.725,150.8,12920.66,1.1039,,,,,,,,,,,,,,,,,,,,
18/08/2020,106.97,50.34,3389.78,0.7554,4.722,149.4,12881.76,1.1096,,,,,,,,,,,,,,,,,,,,
19/08/2020,108.39,50.29,3374.85,0.7634,4.724,150,12977.33,1.1065,,,,,,,,,,,,,,,,,,,,
20/08/2020,108.01,49.58,3385.51,0.7568,4.613,148.4,12830,1.1142,,,,,,,,,,,,,,,,,,,,
21/08/2020,109.75,49.3,3397.16,0.7639,4.608,147.6,12764.8,1.1098,,,,,,,,,,,,,,,,,,,,
24/08/2020,111.83,51.06,3431.28,0.7655,4.683,149.7,13066.54,1.1082,,,,,,,,,,,,,,,,,,,,
25/08/2020,111.51,51.65,3443.62,0.7603,4.733,150.2,13061.62,1.1113,,,,,,,,,,,,,,,,,,,,
26/08/2020,111.53,50.85,3478.73,0.757,4.88,152.5,13190.15,1.1166,,,,,,,,,,,,,,,,,,,,
27/08/2020,110.84,51.72,3484.55,0.7575,4.803,152,13096.36,1.1166,,,,,,,,,,,,,,,,,,,,
28/08/2020,112.29,52.28,3508.01,0.749,4.963,152.3,13033.2,1.1215,,,,,,,,,,,,,,,,,,,,
31/08/2020,111.89,51.12,3500.31,0.748,4.882,149.9,12945.38,1.1201,,,,,,,,,,,,,,,,,,,,
01/09/2020,114.84,51.2,3526.65,0.7472,4.83,148.8,12974.25,1.1235,,,,,,,,,,,,,,,,,,,,
02/09/2020,116.8,51.95,3580.84,0.749,4.777,150.5,13243.43,1.1262,,,,,,,,,,,,,,,,,,,,
03/09/2020,112.85,51.5,3455.06,0.753,4.707,148.6,13057.77,1.1206,,,,,,,,,,,,,,,,,,,,
04/09/2020,112.4,52.52,3426.96,0.753,5.18,152.6,12842.66,1.1214,,,,,,,,,,,,,,,,,,,,
07/09/2020,112.4,52.52,3426.96,0.7595,5.044,156.3,13100.28,1.1143,,,,,,,,,,,,,,,,,,,,
08/09/2020,112.72,51.04,3331.84,0.7703,4.883,157,12968.33,1.1022,,,,,,,,,,,,,,,,,,,,
09/09/2020,114.9,51.4,3398.96,0.7692,4.923,162.2,13237.21,1.1015,,,,,,,,,,,,,,,,,,,,
10/09/2020,114.79,50.95,3339.19,0.7808,4.92,160.6,13208.89,1.0839,,,,,,,,,,,,,,,,,,,,
11/09/2020,118,51,3340.97,0.7815,4.853,159.2,13202.84,1.0806,,,,,,,,,,,,,,,,,,,,
14/09/2020,119.28,48.15,3383.54,0.7785,4.769,157.7,13193.66,1.0827,,,,,,,,,,,,,,,,,,,,
15/09/2020,119.27,44.81,3401.2,0.7759,4.653,157,13217.67,1.088,,,,,,,,,,,,,,,,,,,,
16/09/2020,118.59,46.02,3385.49,0.7711,4.742,156.6,13255.37,1.0975,,,,,,,,,,,,,,,,,,,,
17/09/2020,116.36,45.53,3357.01,0.7709,4.623,155.9,13208.12,1.0949,,,,,,,,,,,,,,,,,,,,
18/09/2020,114.66,44.86,3319.47,0.7742,4.483,151.6,13116.25,1.0908,,,,,,,,,,,,,,,,,,,,
21/09/2020,113.37,43.93,3281.06,0.7803,4.258,144.7,12542.44,1.0888,,,,,,,,,,,,,,,,,,,,
22/09/2020,116.87,43.29,3315.57,0.7853,4.24,145.8,12594.39,1.0875,,,,,,,,,,,,,,,,,,,,
23/09/2020,127.11,41.85,3236.92,0.7858,4.08,143.7,12642.97,1.0913,,,,,,,,,,,,,,,,,,,,
24/09/2020,124.75,42.19,3246.59,0.7848,4.092,147.9,12606.57,1.0919,,,,,,,,,,,,,,,,,,,,
25/09/2020,124.23,42.02,3298.46,0.7846,4.037,145.8,12469.2,1.0955,,,,,,,,,,,,,,,,,,,,
28/09/2020,124.32,43.34,3351.6,0.7793,4.223,150.2,12870.87,1.1001,,,,,,,,,,,,,,,,,,,,
29/09/2020,126.35,42.42,3335.47,0.7777,4.103,150.3,12825.82,1.0953,,,,,,,,,,,,,,,,,,,,
30/09/2020,125.54,43.11,3363,0.7738,4.194,148.9,12760.73,1.1024,,,,,,,,,,,,,,,,,,,,
01/10/2020,126.64,43.44,3380.8,0.7758,4.233,145.8,12730.77,1.0971,,,,,,,,,,,,,,,,,,,,
02/10/2020,126.64,43.66,3348.44,0.773,4.299,143.3,12689.04,1.1042,,,,,,,,,,,,,,,,,,,,
05/10/2020,127.91,44.91,3408.63,0.7705,4.388,147.1,12828.31,1.1014,,,,,,,,,,,,,,,,,,,,
06/10/2020,127.65,44.41,3360.95,0.7765,4.543,145.8,12906.02,1.0973,,,,,,,,,,,,,,,,,,,,
07/10/2020,130.06,44.84,3419.45,0.774,4.633,148.5,12928.57,1.0982,,,,,,,,,,,,,,,,,,,,
08/10/2020,129.71,44.72,3446.83,0.7729,4.742,147.4,13042.21,1.1002,,,,,,,,,,,,,,,,,,,,
09/10/2020,130.98,44.93,3477.13,0.7665,4.697,146.3,13051.23,1.1027,,,,,,,,,,,,,,,,,,,,
12/10/2020,129.46,45.88,3534.22,0.7653,4.705,148.7,13138.41,1.1059,,,,,,,,,,,,,,,,,,,,
13/10/2020,129.2,43.68,3511.93,0.773,4.523,147.1,13018.99,1.1014,,,,,,,,,,,,,,,,,,,,
14/10/2020,127.66,43.03,3488.67,0.7686,4.51,147.1,13028.06,1.1078,,,,,,,,,,,,,,,,,,,,
15/10/2020,129,43.61,3483.34,0.7748,4.363,143.9,12703.75,1.1022,,,,,,,,,,,,,,,,,,,,
16/10/2020,128,43.19,3483.81,0.7742,4.303,146.1,12908.99,1.1023,,,,,,,,,,,,,,,,,,,,
19/10/2020,127.43,42.9,3426.92,0.7721,4.386,146,12854.66,1.1,,,,,,,,,,,,,,,,,,,,
20/10/2020,128.49,43.52,3443.12,0.7724,4.533,148.9,12736.95,1.0952,,,,,,,,,,,,,,,,,,,,
21/10/2020,129.43,43.01,3435.56,0.7607,4.492,145.4,12557.64,1.1088,,,,,,,,,,,,,,,,,,,,
22/10/2020,130.02,43.95,3453.49,0.7643,4.434,147.1,12543.06,1.107,,,,,,,,,,,,,,,,,,,,
23/10/2020,129.99,43.95,3465.39,0.7667,4.539,146.8,12645.75,1.0997,,,,,,,,,,,,,,,,,,,,
26/10/2020,128.37,43.26,3400.97,0.7678,4.441,143.5,12177.18,1.103,,,,,,,,,,,,,,,,,,,,
27/10/2020,127.99,41.88,3390.68,0.7665,4.183,138.5,12063.57,1.1058,,,,,,,,,,,,,,,,,,,,
28/10/2020,122.08,41.13,3271.03,0.7702,4.05,132.6,11560.51,1.1054,,,,,,,,,,,,,,,,,,,,
29/10/2020,122.86,41.66,3310.11,0.7734,4.069,135.6,11598.07,1.1078,,,,,,,,,,,,,,,,,,,,
30/10/2020,120.08,41.42,3269.96,0.7722,4.057,134.7,11556.48,1.1123,,,,,,,,,,,,,,,,,,,,
02/11/2020,122.39,42.21,3310.24,0.7741,4.192,138.1,11788.28,1.1096,,,,,,,,,,,,,,,,,,,,
03/11/2020,124.59,43.53,3369.16,0.7656,4.373,144.1,12088.98,1.1148,,,,,,,,,,,,,,,,,,,,
04/11/2020,127.34,42.08,3443.44,0.77,4.255,140.5,12324.22,1.1077,,,,,,,,,,,,,,,,,,,,
05/11/2020,129.7,43.07,3510.45,0.7606,4.017,144.8,12568.09,1.1117,,,,,,,,,,,,,,,,,,,,
06/11/2020,128.9,42.71,3509.44,0.7604,3.988,143.9,12480.02,1.1069,,,,,,,,,,,,,,,,,,,,
09/11/2020,128.95,47.64,3550.5,0.7596,4.603,148.4,13095.97,1.1145,,,,,,,,,,,,,,,,,,,,
10/11/2020,127.71,47.65,3545.53,0.7534,4.902,157.1,13163.11,1.1234,,,,,,,,,,,,,,,,,,,,
11/11/2020,127.66,48.93,3572.66,0.7562,4.713,157.1,13216.18,1.1228,,,,,,,,,,,,,,,,,,,,
12/11/2020,126.64,48.28,3537.01,0.7623,4.674,155.4,13052.95,1.1111,,,,,,,,,,,,,,,,,,,,
13/11/2020,128.28,48.66,3585.15,0.7581,4.925,158.5,13076.72,1.1153,,,,,,,,,,,,,,,,,,,,
16/11/2020,130.11,50.4,3626.91,0.7574,4.987,161.7,13138.61,1.1139,,,,,,,,,,,,,,,,,,,,
17/11/2020,132.21,50.73,3609.53,0.7548,5.048,161.5,13133.47,1.1165,,,,,,,,,,,,,,,,,,,,
18/11/2020,131.63,51.05,3567.79,0.7537,5.126,160.1,13201.89,1.1197,,,,,,,,,,,,,,,,,,,,
19/11/2020,131.91,52.14,3581.87,0.754,4.96,161.6,13086.16,1.117,,,,,,,,,,,,,,,,,,,,
20/11/2020,132.98,51.65,3557.54,0.7528,4.953,161.4,13137.25,1.1201,,,,,,,,,,,,,,,,,,,,
23/11/2020,134.13,53.3,3577.59,0.7505,5.216,161.2,13126.97,1.1252,,,,,,,,,,,,,,,,,,,,
24/11/2020,134.7,57.06,3635.41,0.7484,5.458,166.8,13292.44,1.1235,,,,,,,,,,,,,,,,,,,,
25/11/2020,135.54,57.06,3629.65,0.747,5.31,164.8,13289.8,1.1236,,,,,,,,,,,,,,,,,,,,
26/11/2020,135.54,57.06,3629.65,0.7486,5.276,161.4,13286.57,1.1213,,,,,,,,,,,,,,,,,,,,
27/11/2020,134.25,56.67,3638.35,0.7511,5.368,161.1,13335.68,1.1127,,,,,,,,,,,,,,,,,,,,
30/11/2020,134.7,55.07,3621.63,0.7505,5.24,156,13291.16,1.117,,,,,,,,,,,,,,,,,,,,
01/12/2020,135.44,55.47,3662.45,0.7451,5.356,161.6,13382.3,1.1119,,,,,,,,,,,,,,,,,,,,
02/12/2020,135.58,57.2,3669.01,0.7481,5.482,160.7,13313.24,1.1032,,,,,,,,,,,,,,,,,,,,
03/12/2020,136.96,56.58,3666.72,0.7434,5.506,159.4,13252.86,1.1076,,,,,,,,,,,,,,,,,,,,
04/12/2020,137.19,58.62,3699.12,0.7442,5.514,160.2,13298.96,1.1084,,,,,,,,,,,,,,,,,,,,
07/12/2020,138.75,58.13,3691.96,0.7473,5.396,159,13271,1.105,,,,,,,,,,,,,,,,,,,,
08/12/2020,139.12,58.36,3702.25,0.7486,5.354,158.9,13278.49,1.1034,,,,,,,,,,,,,,,,,,,,
09/12/2020,138.79,58.95,3672.82,0.7459,5.4,159.9,13340.26,1.1093,,,,,,,,,,,,,,,,,,,,
10/12/2020,137.58,60.5,3668.1,0.7522,5.216,158.5,13295.73,1.0952,,,,,,,,,,,,,,,,,,,,
11/12/2020,137.41,58.93,3663.46,0.7562,5.036,153.5,13114.3,1.0911,,,,,,,,,,,,,,,,,,,,
14/12/2020,136.28,58.74,3647.49,0.7502,5.12,154.5,13223.16,1.0971,,,,,,,,,,,,,,,,,,,,
15/12/2020,139.39,59.67,3694.62,0.7427,5.294,163.7,13362.87,1.1078,,,,,,,,,,,,,,,,,,,,
16/12/2020,138.34,59.75,3701.17,0.7402,5.262,168.9,13565.98,1.1073,,,,,,,,,,,,,,,,,,,,
17/12/2020,140.5,60.05,3722.48,0.7362,5.272,165.9,13667.25,1.1074,,,,,,,,,,,,,,,,,,,,
18/12/2020,137.28,59.06,3709.41,0.7392,5.27,164.4,13630.51,1.1011,,,,,,,,,,,,,,,,,,,,
21/12/2020,144.02,61.23,3694.92,0.7426,5.116,163.3,13246.3,1.0996,,,,,,,,,,,,,,,,,,,,
22/12/2020,142.45,59.26,3687.26,0.7483,5.184,164.6,13418.11,1.0986,,,,,,,,,,,,,,,,,,,,
23/12/2020,141.76,60.78,3690.01,0.741,5.324,169.8,13587.23,1.1072,,,,,,,,,,,,,,,,,,,,
24/12/2020,141.6,60.57,3703.06,0.7377,5.324,169.8,13587.23,1.1109,,,,,,,,,,,,,,,,,,,,
25/12/2020,141.6,60.57,3703.06,0.7373,5.324,169.8,13587.23,1.1122,,,,,,,,,,,,,,,,,,,,
28/12/2020,142.43,61.13,3735.36,0.7432,5.358,170.6,13790.29,1.1011,,,,,,,,,,,,,,,,,,,,
29/12/2020,141.57,60.91,3727.04,0.7406,5.268,170.2,13761.38,1.1023,,,,,,,,,,,,,,,,,,,,
30/12/2020,141.58,60.86,3732.04,0.7339,5.266,170.1,13718.78,1.1078,,,,,,,,,,,,,,,,,,,,
31/12/2020,141.47,61.66,3756.07,0.7318,5.266,170.1,13718.78,1.1185,,,,,,,,,,,,,,,,,,,,
01/01/2021,141.47,61.66,3756.07,0.7316,5.266,170.1,13718.78,1.1185,,,,,,,,,,,,,,,,,,,,
04/01/2021,140.1,60.14,3700.65,0.7367,5.214,166.9,13726.74,1.108,,,,,,,,,,,,,,,,,,,,
05/01/2021,141.23,61.7,3726.86,0.7338,5.37,167.7,13651.22,1.1081,,,,,,,,,,,,,,,,,,,,
06/01/2021,142.35,65.25,3748.14,0.7348,5.642,168,13891.97,1.104,,,,,,,,,,,,,,,,,,,,
07/01/2021,144.95,66.02,3803.79,0.7371,5.636,171.3,13968.24,1.1056,,,,,,,,,,,,,,,,,,,,
08/01/2021,146.35,65.37,3824.68,0.7371,5.486,170.2,14049.53,1.1094,,,,,,,,,,,,,,,,,,,,
11/01/2021,147.05,66.44,3799.61,0.7399,5.586,166.6,13936.66,1.1124,,,,,,,,,,,,,,,,,,,,
12/01/2021,145.05,66.67,3801.19,0.7317,5.632,165.5,13925.06,1.1194,,,,,,,,,,,,,,,,,,,,
13/01/2021,143.04,66.86,3809.84,0.7333,5.614,165.6,13939.71,1.1219,,,,,,,,,,,,,,,,,,,,
14/01/2021,141.3,69.01,3795.54,0.7306,5.722,168,13988.7,1.1262,,,,,,,,,,,,,,,,,,,,
15/01/2021,140.72,64.23,3768.25,0.7361,5.674,167.1,13787.73,1.1245,,,,,,,,,,,,,,,,,,,,
18/01/2021,140.72,64.23,3768.25,0.7359,5.778,167.7,13848.35,1.125,,,,,,,,,,,,,,,,,,,,
19/01/2021,139.27,63.69,3798.91,0.7335,5.784,166.3,13815.06,1.1238,,,,,,,,,,,,,,,,,,,,
20/01/2021,142.8,63.25,3851.85,0.7324,5.798,172.1,13921.37,1.128,,,,,,,,,,,,,,,,,,,,
21/01/2021,141.61,61.87,3853.07,0.7281,5.87,175,13906.67,1.129,,,,,,,,,,,,,,,,,,,,
22/01/2021,139.35,61.33,3841.47,0.7308,5.792,179.4,13873.97,1.1247,,,,,,,,,,,,,,,,,,,,
25/01/2021,137.55,60.56,3855.36,0.7312,5.56,174.5,13643.95,1.1266,,,,,,,,,,,,,,,,,,,,
26/01/2021,135.1,60.91,3849.62,0.7281,5.644,177.9,13870.99,1.1296,,,,,,,,,,,,,,,,,,,,
27/01/2021,131.02,59.4,3750.77,0.7305,5.384,176.7,13620.46,1.1301,,,,,,,,,,,,,,,,,,,,
28/01/2021,134.72,60.34,3787.38,0.7288,5.706,176.3,13665.93,1.1318,,,,,,,,,,,,,,,,,,,,
29/01/2021,133.59,57.99,3714.24,0.7297,5.486,174.1,13432.87,1.1287,,,,,,,,,,,,,,,,,,,,
01/02/2021,135.71,58.43,3773.86,0.732,5.428,175,13622.02,1.1329,,,,,,,,,,,,,,,,,,,,
02/02/2021,139.59,59.58,3826.31,0.7316,5.59,178.3,13835.16,1.1348,,,,,,,,,,,,,,,,,,,,
03/02/2021,138.63,61.1,3830.17,0.7328,5.648,181.6,13933.63,1.1337,,,,,,,,,,,,,,,,,,,,
04/02/2021,140.63,62.41,3871.74,0.7315,5.584,180.1,14060.29,1.1428,,,,,,,,,,,,,,,,,,,,
05/02/2021,145.11,62.58,3886.83,0.7281,5.584,180.4,14056.72,1.1401,,,,,,,,,,,,,,,,,,,,
08/02/2021,143.41,63.65,3915.59,0.7277,5.59,184.1,14059.91,1.1404,,,,,,,,,,,,,,,,,,,,
09/02/2021,141.79,63.12,3911.23,0.7238,5.5,181.4,14011.8,1.1401,,,,,,,,,,,,,,,,,,,,
10/02/2021,142.46,63.62,3909.88,0.7228,5.424,181,13932.97,1.1415,,,,,,,,,,,,,,,,,,,,
11/02/2021,143.54,63.2,3916.38,0.7238,5.134,181.9,14040.91,1.1391,,,,,,,,,,,,,,,,,,,,
12/02/2021,142.12,63.63,3934.83,0.7218,5.13,181.3,14049.89,1.1432,,,,,,,,,,,,,,,,,,,,
15/02/2021,142.12,63.63,3934.83,0.7192,5.212,181.5,14109.48,1.1462,,,,,,,,,,,,,,,,,,,,
16/02/2021,141.71,64.12,3932.59,0.7193,5.234,182.2,14064.6,1.1484,,,,,,,,,,,,,,,,,,,,
17/02/2021,143.99,64.76,3931.33,0.7213,5.252,182.5,13909.27,1.1512,,,,,,,,,,,,,,,,,,,,
18/02/2021,145.09,63.48,3913.97,0.7156,5.188,188.7,13886.93,1.1558,,,,,,,,,,,,,,,,,,,,
19/02/2021,142.02,65.78,3906.71,0.7137,5.302,188.9,13993.23,1.1561,,,,,,,,,,,,,,,,,,,,
22/02/2021,136.67,65.52,3876.5,0.711,5.244,192.9,13950.04,1.1568,,,,,,,,,,,,,,,,,,,,
23/02/2021,136.13,66.74,3881.37,0.7085,5.248,192.8,13864.81,1.1614,,,,,,,,,,,,,,,,,,,,
24/02/2021,135.65,68.6,3925.43,0.7071,5.436,195.5,13976,1.1624,,,,,,,,,,,,,,,,,,,,
25/02/2021,135.54,67.41,3829.34,0.7138,5.554,190.4,13879.33,1.1513,,,,,,,,,,,,,,,,,,,,
26/02/2021,134.78,65.88,3811.15,0.718,5.46,195.3,13786.29,1.154,,,,,,,,,,,,,,,,,,,,
01/03/2021,137.65,69.54,3901.82,0.7181,5.538,195.3,14012.82,1.1556,,,,,,,,,,,,,,,,,,,,
02/03/2021,137.02,68.91,3870.29,0.7165,5.474,198,14039.8,1.154,,,,,,,,,,,,,,,,,,,,
03/03/2021,134.26,70.38,3819.72,0.7169,5.52,208.6,14080.03,1.1568,,,,,,,,,,,,,,,,,,,,
04/03/2021,132.04,69.81,3768.47,0.7198,5.424,214.6,14056.34,1.161,,,,,,,,,,,,,,,,,,,,
05/03/2021,133.35,70.23,3841.94,0.7227,5.538,216,13920.69,1.1615,,,,,,,,,,,,,,,,,,,,
08/03/2021,134.56,72.22,3821.35,0.7235,5.822,221,14380.91,1.167,,,,,,,,,,,,,,,,,,,,
09/03/2021,135.95,70.99,3875.44,0.72,5.668,223.8,14437.94,1.1673,,,,,,,,,,,,,,,,,,,,
10/03/2021,137.59,73.75,3898.81,0.7176,5.542,239,14540.25,1.1681,,,,,,,,,,,,,,,,,,,,
11/03/2021,141.19,73.31,3939.34,0.7147,5.42,230,14569.39,1.1673,,,,,,,,,,,,,,,,,,,,
12/03/2021,140.45,75.18,3943.34,0.7183,5.52,232.4,14502.39,1.1647,,,,,,,,,,,,,,,,,,,,
15/03/2021,144.94,74.22,3968.94,0.7193,5.302,246.2,14461.42,1.1653,,,,,,,,,,,,,,,,,,,,
16/03/2021,144.65,73.33,3962.71,0.7198,5.242,279,14557.58,1.1671,,,,,,,,,,,,,,,,,,,,
17/03/2021,144.82,73.6,3974.12,0.7161,5.23,340,14596.61,1.1657,,,,,,,,,,,,,,,,,,,,
18/03/2021,143.17,73.84,3915.46,0.718,5.418,293.2,14775.52,1.1686,,,,,,,,,,,,,,,,,,,,
19/03/2021,137.49,73.01,3913.1,0.7209,5.32,286,14621,1.1647,,,,,,,,,,,,,,,,,,,,
22/03/2021,138.27,71.96,3940.59,0.7213,5.26,322,14657.21,1.1618,,,,,,,,,,,,,,,,,,,,
23/03/2021,137.12,70.91,3910.52,0.7271,5.24,304.8,14662.02,1.1607,,,,,,,,,,,,,,,,,,,,
24/03/2021,133.16,70.08,3889.14,0.7307,5.278,283.6,14610.39,1.1586,,,,,,,,,,,,,,,,,,,,
25/03/2021,128.64,71.72,3909.52,0.7282,5.214,278.8,14621.36,1.1674,,,,,,,,,,,,,,,,,,,,
26/03/2021,132.99,73.02,3974.54,0.7252,5.234,281,14748.94,1.1694,,,,,,,,,,,,,,,,,,,,
29/03/2021,133.49,71.58,3971.09,0.7266,5.176,290.4,14817.72,1.1698,,,,,,,,,,,,,,,,,,,,
30/03/2021,132.95,72.96,3958.55,0.7278,5.264,319.8,15008.61,1.1728,,,,,,,,,,,,,,,,,,,,
31/03/2021,132.89,72.75,3972.89,0.7255,5.25,309.8,15008.34,1.175,,,,,,,,,,,,,,,,,,,,
01/04/2021,132.53,73.14,4019.87,0.7229,5.224,301.6,15107.17,1.1746,,,,,,,,,,,,,,,,,,,,
02/04/2021,132.53,73.14,4019.87,0.7229,5.224,301.6,15107.17,1.1754,,,,,,,,,,,,,,,,,,,,
05/04/2021,135.12,72.75,4077.91,0.7193,5.224,301.6,15107.17,1.177,,,,,,,,,,,,,,,,,,,,
06/04/2021,137.16,72.6,4073.94,0.7234,5.232,312.4,15212.68,1.1641,,,,,,,,,,,,,,,,,,,,
07/04/2021,136.54,72.69,4079.95,0.7279,5.22,304.6,15176.36,1.1574,,,,,,,,,,,,,,,,,,,,
08/04/2021,133.68,72.33,4097.17,0.7281,5.136,297.4,15202.68,1.1529,,,,,,,,,,,,,,,,,,,,
09/04/2021,135.45,72.42,4128.8,0.7296,5.074,293.6,15234.16,1.1515,,,,,,,,,,,,,,,,,,,,
12/04/2021,136.64,72.69,4127.99,0.7276,5.023,291.8,15215,1.1537,,,,,,,,,,,,,,,,,,,,
13/04/2021,133.54,72.06,4141.59,0.7272,4.99,285.6,15234.36,1.1508,,,,,,,,,,,,,,,,,,,,
14/04/2021,132.26,72.91,4124.66,0.7258,5.003,279.8,15209.15,1.1502,,,,,,,,,,,,,,,,,,,,
15/04/2021,133.67,72.54,4170.42,0.7257,4.912,283.2,15255.33,1.152,,,,,,,,,,,,,,,,,,,,
16/04/2021,134.31,72.45,4185.47,0.7227,4.967,296.4,15459.75,1.1551,,,,,,,,,,,,,,,,,,,,
19/04/2021,132.57,72.13,4163.26,0.715,5.083,289.8,15368.39,1.1619,,,,,,,,,,,,,,,,,,,,
20/04/2021,127.11,69.79,4134.94,0.7175,4.8855,282.8,15129.51,1.1579,,,,,,,,,,,,,,,,,,,,
21/04/2021,129.9,70.65,4173.42,0.7179,4.822,284.4,15195.97,1.1575,,,,,,,,,,,,,,,,,,,,
22/04/2021,129.18,69.81,4134.98,0.7225,4.822,280,15320.52,1.1519,,,,,,,,,,,,,,,,,,,,
23/04/2021,130.19,71.38,4180.17,0.7207,4.9225,283,15279.62,1.1478,,,,,,,,,,,,,,,,,,,,
26/04/2021,131.6,72.2,4187.62,0.7194,5.048,276.6,15296.34,1.1502,,,,,,,,,,,,,,,,,,,,
27/04/2021,132.11,72.99,4186.72,0.719,5.144,277.4,15249.27,1.1504,,,,,,,,,,,,,,,,,,,,
28/04/2021,130.71,72.91,4183.18,0.7174,5.301,273.4,15292.18,1.1495,,,,,,,,,,,,,,,,,,,,
29/04/2021,133.26,73.84,4211.47,0.7173,5.44,264.2,15154.2,1.1502,,,,,,,,,,,,,,,,,,,,
30/04/2021,132.62,71.24,4181.17,0.7239,5.46,262.8,15135.91,1.1492,,,,,,,,,,,,,,,,,,,,
03/05/2021,133.03,71.71,4192.66,0.719,5.534,265.2,15236.47,1.1531,,,,,,,,,,,,,,,,,,,,
04/05/2021,131.55,72.33,4164.66,0.7201,5.66,255.2,14856.48,1.1559,,,,,,,,,,,,,,,,,,,,
05/05/2021,132.21,73.71,4167.59,0.719,5.676,261.8,15170.78,1.1585,,,,,,,,,,,,,,,,,,,,
06/05/2021,133.49,74.78,4201.62,0.7198,5.615,259.8,15196.74,1.1513,,,,,,,,,,,,,,,,,,,,
07/05/2021,137.81,75.08,4232.6,0.7149,5.632,263.6,15399.65,1.1501,,,,,,,,,,,,,,,,,,,,
10/05/2021,136.4,75.13,4188.43,0.7083,5.731,264.2,15400.41,1.164,,,,,,,,,,,,,,,,,,,,
11/05/2021,137.12,74.87,4152.1,0.7071,5.765,258,15119.75,1.1642,,,,,,,,,,,,,,,,,,,,
12/05/2021,133.39,74.23,4063.04,0.7115,6.181,254.2,15150.22,1.1643,,,,,,,,,,,,,,,,,,,,
13/05/2021,133.61,75.29,4112.5,0.7117,6.226,258.2,15199.68,1.1632,,,,,,,,,,,,,,,,,,,,
14/05/2021,135.93,76.56,4173.85,0.7094,6.5,266,15416.64,1.1608,,,,,,,,,,,,,,,,,,,,
17/05/2021,136.41,77.42,4163.29,0.7073,6.428,268.8,15396.62,1.1635,,,,,,,,,,,,,,,,,,,,
18/05/2021,135.56,76.62,4127.83,0.7048,6.496,266.6,15386.58,1.1608,,,,,,,,,,,,,,,,,,,,
19/05/2021,132.96,76.46,4115.68,0.7085,6.426,267.4,15113.56,1.1594,,,,,,,,,,,,,,,,,,,,
20/05/2021,133.27,76.2,4159.12,0.7047,6.42,270,15370.26,1.1604,,,,,,,,,,,,,,,,,,,,
21/05/2021,132.66,77.65,4155.86,0.7067,6.469,274,15437.51,1.1617,,,,,,,,,,,,,,,,,,,,
24/05/2021,134.06,78.03,4197.05,0.7064,6.506,276.2,15437.51,1.1588,,,,,,,,,,,,,,,,,,,,
25/05/2021,134.32,77.28,4188.13,0.7067,6.577,278.6,15465.09,1.1551,,,,,,,,,,,,,,,,,,,,
26/05/2021,136.89,77.52,4195.99,0.7083,6.46,280.8,15450.72,1.158,,,,,,,,,,,,,,,,,,,,
27/05/2021,136.56,78.76,4200.88,0.704,6.622,288.8,15406.73,1.1649,,,,,,,,,,,,,,,,,,,,
28/05/2021,136.46,78.71,4204.11,0.7047,6.603,296,15519.98,1.1638,,,,,,,,,,,,,,,,,,,,
31/05/2021,136.46,78.71,4204.11,0.7036,6.554,292.2,15421.13,1.1624,,,,,,,,,,,,,,,,,,,,
01/06/2021,134.51,79.76,4202.04,0.7067,6.662,299.8,15567.36,1.1586,,,,,,,,,,,,,,,,,,,,
02/06/2021,134.17,79.86,4208.12,0.7057,6.8,307.4,15602.71,1.1605,,,,,,,,,,,,,,,,,,,,
03/06/2021,134.17,79.63,4192.85,0.7089,6.851,308.8,15632.67,1.1631,,,,,,,,,,,,,,,,,,,,
04/06/2021,133.74,79.49,4229.89,0.7064,6.818,307.2,15692.9,1.1642,,,,,,,,,,,,,,,,,,,,
07/06/2021,133.95,79.31,4226.52,0.7054,6.773,312,15677.15,1.1632,,,,,,,,,,,,,,,,,,,,
08/06/2021,133.35,79.08,4227.26,0.7065,6.725,301.2,15640.6,1.163,,,,,,,,,,,,,,,,,,,,
09/06/2021,131.84,78.14,4219.55,0.7085,6.609,301,15581.14,1.159,,,,,,,,,,,,,,,,,,,,
10/06/2021,130.98,76.89,4239.18,0.7054,6.584,295.8,15571.22,1.1646,,,,,,,,,,,,,,,,,,,,
11/06/2021,131.94,76.48,4247.44,0.7088,6.507,298.2,15693.27,1.1657,,,,,,,,,,,,,,,,,,,,
14/06/2021,131.36,75.16,4255.15,0.7088,6.424,297,15673.64,1.1643,,,,,,,,,,,,,,,,,,,,
15/06/2021,130.29,73.82,4246.59,0.71,6.415,294.4,15729.52,1.1613,,,,,,,,,,,,,,,,,,,,
16/06/2021,130.4,71.46,4223.7,0.7124,6.334,288.8,15710.57,1.1659,,,,,,,,,,,,,,,,,,,,
17/06/2021,128.92,68.86,4221.86,0.7181,6.32,292.2,15727.67,1.1693,,,,,,,,,,,,,,,,,,,,
18/06/2021,128.41,67.61,4166.45,0.7243,6.137,286,15448.04,1.1632,,,,,,,,,,,,,,,,,,,,
21/06/2021,130.08,68.45,4224.79,0.7177,6.177,294.2,15603.24,1.1691,,,,,,,,,,,,,,,,,,,,
22/06/2021,132.48,68.96,4246.44,0.7169,6.174,287.6,15636.33,1.1681,,,,,,,,,,,,,,,,,,,,
23/06/2021,133.1,69.65,4241.84,0.7162,6.151,284.4,15456.39,1.1708,,,,,,,,,,,,,,,,,,,,
24/06/2021,133.6,71.32,4266.49,0.7182,6.23,285.6,15589.23,1.1669,,,,,,,,,,,,,,,,,,,,
25/06/2021,154.35,71.55,4280.7,0.7204,6.233,282.4,15607.97,1.163,,,,,,,,,,,,,,,,,,,,
28/06/2021,152.36,71.51,4290.61,0.7204,6.114,276.6,15554.18,1.1642,,,,,,,,,,,,,,,,,,,,
29/06/2021,155.95,69.68,4291.8,0.7227,6.057,283.2,15690.59,1.1633,,,,,,,,,,,,,,,,,,,,
30/06/2021,154.49,70.75,4297.5,0.7229,5.974,276.8,15531.04,1.1667,,,,,,,,,,,,,,,,,,,,
01/07/2021,158,71.01,4319.94,0.7266,6.001,280.4,15603.81,1.1618,,,,,,,,,,,,,,,,,,,,
02/07/2021,159.74,70.41,4352.34,0.7233,5.918,280.2,15650.09,1.1659,,,,,,,,,,,,,,,,,,,,
05/07/2021,159.74,70.41,4352.34,0.7223,6,282.2,15661.97,1.167,,,,,,,,,,,,,,,,,,,,
06/07/2021,160.11,68.21,4343.54,0.7246,5.823,274.4,15511.38,1.1673,,,,,,,,,,,,,,,,,,,,
07/07/2021,160.16,67.93,4358.13,0.7246,5.681,278,15692.71,1.1705,,,,,,,,,,,,,,,,,,,,
08/07/2021,160.63,66.73,4320.82,0.7253,5.537,265.4,15420.64,1.1639,,,,,,,,,,,,,,,,,,,,
09/07/2021,161,68.45,4369.55,0.7191,5.713,281.2,15687.93,1.1701,,,,,,,,,,,,,,,,,,,,
12/07/2021,161.82,69.44,4384.63,0.7202,5.702,290.2,15790.51,1.1705,,,,,,,,,,,,,,,,,,,,
13/07/2021,161.59,68.37,4369.21,0.7239,5.609,286.4,15789.64,1.173,,,,,,,,,,,,,,,,,,,,
14/07/2021,161.54,68.17,4374.3,0.7216,5.584,288.2,15788.98,1.1709,,,,,,,,,,,,,,,,,,,,
15/07/2021,161.69,68.45,4360.03,0.7232,5.599,282.6,15629.66,1.1707,,,,,,,,,,,,,,,,,,,,
16/07/2021,159.85,66.9,4327.16,0.7264,5.501,278.8,15540.31,1.1657,,,,,,,,,,,,,,,,,,,,
19/07/2021,157.87,65.08,4258.49,0.7312,5.276,270.4,15133.2,1.1591,,,,,,,,,,,,,,,,,,,,
20/07/2021,159.74,66.29,4323.06,0.7338,5.352,275.2,15216.27,1.1568,,,,,,,,,,,,,,,,,,,,
21/07/2021,161.08,67.89,4358.69,0.729,5.523,285,15422.5,1.163,,,,,,,,,,,,,,,,,,,,
22/07/2021,163.68,66.93,4367.48,0.7263,5.45,279.6,15514.54,1.1697,,,,,,,,,,,,,,,,,,,,
23/07/2021,166.36,66.71,4411.79,0.7273,5.441,278,15669.29,1.1681,,,,,,,,,,,,,,,,,,,,
26/07/2021,165.09,67.77,4422.3,0.7237,5.473,279.8,15618.98,1.1707,,,,,,,,,,,,,,,,,,,,
27/07/2021,164.57,67.98,4401.46,0.7205,5.365,278.4,15519.13,1.1746,,,,,,,,,,,,,,,,,,,,
28/07/2021,165.46,68.1,4400.64,0.7193,5.372,280.2,15570.36,1.174,,,,,,,,,,,,,,,,,,,,
29/07/2021,166.99,68.81,4419.15,0.7163,5.45,282,15640.47,1.1744,,,,,,,,,,,,,,,,,,,,
30/07/2021,167.51,67.62,4395.26,0.7193,5.463,279.4,15544.39,1.1715,,,,,,,,,,,,,,,,,,,,
02/08/2021,168.75,67.73,4387.16,0.7202,5.411,281.6,15568.73,1.1696,,,,,,,,,,,,,,,,,,,,
03/08/2021,171.23,68.88,4423.15,0.7187,5.44,288.4,15555.08,1.1728,,,,,,,,,,,,,,,,,,,,
04/08/2021,171.91,68.52,4402.66,0.72,5.125,289.4,15692.13,1.1733,,,,,,,,,,,,,,,,,,,,
05/08/2021,173.85,69.69,4429.1,0.7179,5.175,289.8,15744.67,1.1772,,,,,,,,,,,,,,,,,,,,
06/08/2021,172.8,71.07,4436.52,0.7208,5.352,298.4,15761.45,1.1798,,,,,,,,,,,,,,,,,,,,
09/08/2021,171.77,71.52,4432.35,0.7222,5.43,295.4,15745.41,1.1798,,,,,,,,,,,,,,,,,,,,
10/08/2021,172.27,72.98,4436.75,0.7226,5.405,298.2,15770.71,1.1812,,,,,,,,,,,,,,,,,,,,
11/08/2021,171.27,74.3,4447.7,0.7211,5.429,301,15826.09,1.1814,,,,,,,,,,,,,,,,,,,,
12/08/2021,170.64,74.13,4460.83,0.7243,5.451,311.8,15937.51,1.1771,,,,,,,,,,,,,,,,,,,,
13/08/2021,171.69,73.11,4468,0.7212,5.442,308.8,15977.44,1.1758,,,,,,,,,,,,,,,,,,,,
16/08/2021,172.36,72.1,4479.71,0.7225,5.304,300.2,15925.73,1.1757,,,,,,,,,,,,,,,,,,,,
17/08/2021,170.66,71.62,4448.08,0.7278,5.232,290.8,15921.95,1.1735,,,,,,,,,,,,,,,,,,,,
18/08/2021,168.81,71.12,4400.27,0.727,5.251,291.8,15965.97,1.1746,,,,,,,,,,,,,,,,,,,,
19/08/2021,165.59,69.84,4405.8,0.7334,5.177,281,15765.81,1.1681,,,,,,,,,,,,,,,,,,,,
20/08/2021,167.79,70.25,4441.67,0.734,5.17,279.6,15808.04,1.1644,,,,,,,,,,,,,,,,,,,,
23/08/2021,169.72,70.89,4479.53,0.7287,5.19,278.8,15852.79,1.1682,,,,,,,,,,,,,,,,,,,,
24/08/2021,169.98,72.04,4486.23,0.7284,5.209,282.4,15905.85,1.1678,,,,,,,,,,,,,,,,,,,,
25/08/2021,169.84,73.18,4496.19,0.7266,5.348,284.2,15860.66,1.1692,,,,,,,,,,,,,,,,,,,,
26/08/2021,166.92,72.44,4470,0.7299,5.254,281.4,15793.62,1.1658,,,,,,,,,,,,,,,,,,,,
27/08/2021,167.58,72.99,4509.37,0.7267,5.247,281.4,15851.75,1.1665,,,,,,,,,,,,,,,,,,,,
30/08/2021,168.03,71.67,4528.79,0.7267,5.226,285.6,15887.31,1.1663,,,,,,,,,,,,,,,,,,,,
31/08/2021,164.74,71.91,4522.68,0.727,5.273,282.4,15835.09,1.1649,,,,,,,,,,,,,,,,,,,,
01/09/2021,164.56,71.31,4524.09,0.7263,5.366,289,15824.29,1.1632,,,,,,,,,,,,,,,,,,,,
02/09/2021,163.67,71.5,4536.95,0.7229,5.388,293.4,15840.59,1.1649,,,,,,,,,,,,,,,,,,,,
03/09/2021,163.29,71.17,4535.43,0.7216,5.453,288.2,15781.2,1.1668,,,,,,,,,,,,,,,,,,,,
06/09/2021,163.29,71.17,4535.43,0.7227,5.53,288,15932.12,1.1657,,,,,,,,,,,,,,,,,,,,
07/09/2021,162.64,70.82,4520.03,0.7254,5.721,285.8,15843.09,1.1642,,,,,,,,,,,,,,,,,,,,
08/09/2021,160.71,70.04,4514.07,0.7261,5.592,279.2,15610.28,1.1655,,,,,,,,,,,,,,,,,,,,
09/09/2021,163.34,70.46,4493.28,0.7229,5.483,277,15623.15,1.1703,,,,,,,,,,,,,,,,,,,,
10/09/2021,163.59,69.57,4458.58,0.723,5.467,279.8,15609.81,1.1708,,,,,,,,,,,,,,,,,,,,
13/09/2021,159.52,70.52,4468.73,0.7225,5.503,283.6,15701.42,1.1718,,,,,,,,,,,,,,,,,,,,
14/09/2021,158.76,68.78,4443.05,0.7242,5.425,280.4,15722.99,1.17,,,,,,,,,,,,,,,,,,,,
15/09/2021,157.91,70.45,4480.7,0.7225,5.4,281.8,15616,1.1711,,,,,,,,,,,,,,,,,,,,
16/09/2021,157.6,70,4473.75,0.725,5.382,279.4,15651.75,1.1724,,,,,,,,,,,,,,,,,,,,
17/09/2021,156.42,69.96,4432.99,0.7279,5.49,270.4,15490.17,1.1709,,,,,,,,,,,,,,,,,,,,
20/09/2021,154.25,67.3,4357.73,0.7322,5.053,259.6,15132.06,1.1646,,,,,,,,,,,,,,,,,,,,
21/09/2021,155.02,66.94,4354.19,0.732,5.14,263.6,15348.53,1.1649,,,,,,,,,,,,,,,,,,,,
22/09/2021,157.44,68.24,4395.64,0.7344,5.288,266.6,15506.74,1.1651,,,,,,,,,,,,,,,,,,,,
23/09/2021,159.58,70.88,4448.98,0.7288,5.406,269.8,15643.97,1.1689,,,,,,,,,,,,,,,,,,,,
24/09/2021,149.59,71.18,4455.48,0.7313,5.452,267.2,15531.75,1.1664,,,,,,,,,,,,,,,,,,,,
27/09/2021,148.04,72.26,4443.11,0.7299,5.602,274.4,15573.88,1.1714,,,,,,,,,,,,,,,,,,,,
28/09/2021,145.3,71.37,4352.63,0.7387,5.591,272,15248.56,1.1587,,,,,,,,,,,,,,,,,,,,
29/09/2021,146.02,71.53,4359.46,0.7447,5.712,274.2,15365.27,1.1578,,,,,,,,,,,,,,,,,,,,
30/09/2021,145.23,70.18,4307.54,0.7421,5.709,269.8,15260.69,1.164,,,,,,,,,,,,,,,,,,,,
01/10/2021,147.06,71.18,4357.04,0.7383,5.641,268.8,15156.44,1.1683,,,,,,,,,,,,,,,,,,,,
04/10/2021,147.14,71.29,4300.46,0.7349,5.726,266.8,15036.55,1.171,,,,,,,,,,,,,,,,,,,,
05/10/2021,149.46,72.53,4345.72,0.7338,5.834,266.4,15194.49,1.175,,,,,,,,,,,,,,,,,,,,
06/10/2021,148.8,72.42,4363.55,0.7362,6.002,257.2,14973.33,1.1753,,,,,,,,,,,,,,,,,,,,
07/10/2021,151.85,72.19,4399.76,0.7345,6.131,268.8,15250.86,1.1786,,,,,,,,,,,,,,,,,,,,
08/10/2021,152.48,72.35,4391.34,0.7345,6.239,269,15206.13,1.1766,,,,,,,,,,,,,,,,,,,,
11/10/2021,150.28,71.68,4361.19,0.7356,6.294,267.2,15199.14,1.1767,,,,,,,,,,,,,,,,,,,,
12/10/2021,153.35,70.64,4350.65,0.736,6.341,265,15146.87,1.1783,,,,,,,,,,,,,,,,,,,,
13/10/2021,156.3,70.26,4363.8,0.732,6.029,269.8,15249.38,1.1781,,,,,,,,,,,,,,,,,,,,
14/10/2021,157.14,70.8,4438.26,0.7314,6.073,274.6,15462.72,1.179,,,,,,,,,,,,,,,,,,,,
15/10/2021,158.01,72.29,4471.37,0.7273,6.108,274,15587.36,1.1853,,,,,,,,,,,,,,,,,,,,
18/10/2021,159.43,71.61,4486.46,0.7285,6.193,268.6,15474.47,1.1823,,,,,,,,,,,,,,,,,,,,
19/10/2021,157.82,71.76,4519.63,0.725,6.344,266.2,15515.83,1.1857,,,,,,,,,,,,,,,,,,,,
20/10/2021,158.45,71.82,4536.19,0.7234,6.253,269.2,15522.92,1.1866,,,,,,,,,,,,,,,,,,,,
21/10/2021,162.18,70.51,4549.78,0.725,6.357,274.4,15472.56,1.1866,,,,,,,,,,,,,,,,,,,,
22/10/2021,163.48,71.37,4544.9,0.727,6.408,277.8,15542.98,1.1812,,,,,,,,,,,,,,,,,,,,
25/10/2021,164.22,70.83,4566.48,0.7265,6.503,284.6,15599.23,1.1856,,,,,,,,,,,,,,,,,,,,
26/10/2021,163.79,70.65,4574.79,0.7264,6.451,293.8,15757.06,1.1872,,,,,,,,,,,,,,,,,,,,
27/10/2021,162.35,70.31,4551.68,0.7279,6.26,286.8,15705.81,1.1844,,,,,,,,,,,,,,,,,,,,
28/10/2021,164.46,70.88,4596.42,0.7249,6.2,285,15696.33,1.1806,,,,,,,,,,,,,,,,,,,,
29/10/2021,167.29,69.16,4605.38,0.7305,6.284,281.2,15688.77,1.1841,,,,,,,,,,,,,,,,,,,,
01/11/2021,166.33,69.61,4613.67,0.7318,6.372,288.6,15806.29,1.1773,,,,,,,,,,,,,,,,,,,,
02/11/2021,167.83,68.6,4630.65,0.7344,6.377,288.8,15954.45,1.1756,,,,,,,,,,,,,,,,,,,,
03/11/2021,172.5,69,4660.57,0.7307,6.444,291.4,15959.98,1.1785,,,,,,,,,,,,,,,,,,,,
04/11/2021,175.44,67,4680.06,0.7407,6.535,293.6,16029.65,1.1684,,,,,,,,,,,,,,,,,,,,
05/11/2021,177.51,66.99,4697.53,0.7409,6.711,298,16054.36,1.1666,,,,,,,,,,,,,,,,,,,,
08/11/2021,171.85,68.45,4701.7,0.7371,6.782,286.8,16046.52,1.1705,,,,,,,,,,,,,,,,,,,,
09/11/2021,173.82,67.99,4685.25,0.7376,6.68,285,16040.47,1.1694,,,,,,,,,,,,,,,,,,,,
10/11/2021,168.26,68.21,4646.71,0.746,6.934,283.8,16067.83,1.1679,,,,,,,,,,,,,,,,,,,,
11/11/2021,166.97,68.87,4649.27,0.748,7.081,285.4,16083.11,1.1678,,,,,,,,,,,,,,,,,,,,
12/11/2021,169.09,69.16,4682.85,0.7455,6.961,284.2,16094.07,1.1723,,,,,,,,,,,,,,,,,,,,
15/11/2021,168.85,68.74,4682.8,0.7455,7.1,279.4,16148.64,1.1801,,,,,,,,,,,,,,,,,,,,
16/11/2021,171.83,67.74,4700.9,0.7446,7.061,278.6,16247.86,1.1864,,,,,,,,,,,,,,,,,,,,
17/11/2021,171.74,66.85,4688.67,0.7412,7.123,279.6,16251.13,1.1917,,,,,,,,,,,,,,,,,,,,
18/11/2021,171.35,67.11,4704.54,0.7408,6.984,285.4,16221.73,1.187,,,,,,,,,,,,,,,,,,,,
19/11/2021,174.88,66.34,4697.96,0.7436,6.657,276.2,16159.97,1.1915,,,,,,,,,,,,,,,,,,,,
22/11/2021,174.24,67.04,4682.94,0.7466,6.654,276.4,16115.69,1.1924,,,,,,,,,,,,,,,,,,,,
23/11/2021,172.15,68.07,4690.7,0.7475,6.77,278.8,15937,1.1893,,,,,,,,,,,,,,,,,,,,
24/11/2021,172.03,67.28,4701.46,0.7503,6.717,270.4,15878.39,1.19,,,,,,,,,,,,,,,,,,,,
25/11/2021,172.03,67.28,4701.46,0.7506,6.666,267.2,15917.98,1.1885,,,,,,,,,,,,,,,,,,,,
26/11/2021,168.02,65.5,4594.62,0.7499,6.263,259.6,15257.04,1.1782,,,,,,,,,,,,,,,,,,,,
29/11/2021,169.87,65.04,4655.27,0.7511,6.288,255.2,15280.86,1.1792,,,,,,,,,,,,,,,,,,,,
30/11/2021,169.24,63.7,4567,0.7518,6.202,243,15100.13,1.1731,,,,,,,,,,,,,,,,,,,,
01/12/2021,166.7,62.52,4513.04,0.7533,6.339,258.8,15472.67,1.173,,,,,,,,,,,,,,,,,,,,
02/12/2021,170,63.81,4577.1,0.7517,6.403,258.6,15263.11,1.1772,,,,,,,,,,,,,,,,,,,,
03/12/2021,170.24,62.76,4538.43,0.7556,6.352,250.4,15169.98,1.1698,,,,,,,,,,,,,,,,,,,,
06/12/2021,168.91,62.52,4591.67,0.7539,6.518,252.6,15380.79,1.1753,,,,,,,,,,,,,,,,,,,,
07/12/2021,171.29,62.9,4686.75,0.7551,6.559,263.8,15813.94,1.1755,,,,,,,,,,,,,,,,,,,,
08/12/2021,170.25,62.46,4701.21,0.7573,6.456,281,15687.09,1.1641,,,,,,,,,,,,,,,,,,,,
09/12/2021,168.1,62.14,4667.45,0.7565,6.507,277.2,15639.26,1.1707,,,,,,,,,,,,,,,,,,,,
10/12/2021,169.06,60.71,4712.02,0.7534,6.474,273.4,15623.31,1.1727,,,,,,,,,,,,,,,,,,,,
13/12/2021,166.84,60.18,4668.97,0.7569,6.433,274.8,15621.72,1.1712,,,,,,,,,,,,,,,,,,,,
14/12/2021,165.4,60.64,4634.09,0.7559,6.572,272,15453.56,1.1751,,,,,,,,,,,,,,,,,,,,
15/12/2021,163.9,60.24,4709.85,0.754,6.42,279.8,15476.35,1.1745,,,,,,,,,,,,,,,,,,,,
16/12/2021,162.72,61.07,4668.67,0.7506,6.503,276.6,15636.4,1.1757,,,,,,,,,,,,,,,,,,,,
17/12/2021,161.36,59.54,4620.64,0.7555,6.348,264,15531.69,1.178,,,,,,,,,,,,,,,,,,,,
20/12/2021,156.98,58.28,4568.02,0.7571,6.364,261.8,15239.67,1.1709,,,,,,,,,,,,,,,,,,,,
21/12/2021,166.63,59.38,4649.23,0.7537,6.567,261.6,15447.44,1.1755,,,,,,,,,,,,,,,,,,,,
22/12/2021,165.44,59.6,4696.56,0.7489,6.623,259,15593.47,1.1789,,,,,,,,,,,,,,,,,,,,
23/12/2021,165.67,60.21,4725.79,0.7457,6.697,264.8,15756.31,1.1837,,,,,,,,,,,,,,,,,,,,
24/12/2021,165.67,60.21,4725.79,0.7469,6.697,264.8,15756.31,1.1837,,,,,,,,,,,,,,,,,,,,
27/12/2021,167.58,60.65,4791.19,0.7439,6.701,264.2,15835.25,1.1866,,,,,,,,,,,,,,,,,,,,
28/12/2021,166.42,60.62,4786.35,0.7445,6.802,265,15963.7,1.1876,,,,,,,,,,,,,,,,,,,,
29/12/2021,168.78,60.54,4793.06,0.7412,6.715,259.6,15852.25,1.1889,,,,,,,,,,,,,,,,,,,,
30/12/2021,167.49,60.43,4778.73,0.7406,6.689,258.4,15884.86,1.1922,,,,,,,,,,,,,,,,,,,,
31/12/2021,166.67,60.39,4766.18,0.7392,6.689,258.4,15884.86,1.1893,,,,,,,,,,,,,,,,,,,,
03/01/2022,164.67,63.1,4796.56,0.7418,6.98,265.8,16020.73,1.1932,,,,,,,,,,,,,,,,,,,,
04/01/2022,166.39,63.59,4793.54,0.7391,7.322,276.6,16152.61,1.1988,,,,,,,,,,,,,,,,,,,,
05/01/2022,162.25,62.85,4700.58,0.7376,7.381,274.2,16271.75,1.1983,,,,,,,,,,,,,,,,,,,,
06/01/2022,161.04,64.91,4696.05,0.7389,7.587,273.2,16052.03,1.198,,,,,,,,,,,,,,,,,,,,
07/01/2022,156.97,65.78,4677.03,0.7358,7.929,270.6,15947.74,1.1964,,,,,,,,,,,,,,,,,,,,
10/01/2022,150.44,66.03,4670.29,0.7366,7.529,271.8,15768.27,1.1987,,,,,,,,,,,,,,,,,,,,
11/01/2022,150.3,67.11,4713.07,0.7334,7.392,275.2,15941.81,1.1995,,,,,,,,,,,,,,,,,,,,
12/01/2022,152.21,67.28,4726.35,0.7298,7.437,275.6,16010.32,1.1975,,,,,,,,,,,,,,,,,,,,
13/01/2022,149.59,67.78,4659.03,0.7296,7.5,273.6,16031.59,1.1966,,,,,,,,,,,,,,,,,,,,
14/01/2022,148.18,66.93,4662.85,0.7312,7.429,275.2,15883.24,1.1981,,,,,,,,,,,,,,,,,,,,
17/01/2022,148.18,66.93,4662.85,0.7328,7.416,273.4,15933.72,1.1963,,,,,,,,,,,,,,,,,,,,
18/01/2022,146.95,65.3,4577.11,0.7355,7.368,266.4,15772.56,1.2005,,,,,,,,,,,,,,,,,,,,
19/01/2022,145.11,64.24,4532.76,0.7346,7.41,266.4,15809.72,1.2001,,,,,,,,,,,,,,,,,,,,
20/01/2022,142.73,64.46,4482.73,0.7353,7.5,265.6,15912.33,1.2022,,,,,,,,,,,,,,,,,,,,
21/01/2022,142.95,63.27,4397.94,0.7378,7.251,257.6,15603.88,1.1946,,,,,,,,,,,,,,,,,,,,
24/01/2022,146,62.7,4410.13,0.7413,7.196,247,15011.13,1.1909,,,,,,,,,,,,,,,,,,,,
25/01/2022,145.48,64.11,4356.45,0.7406,7.433,248.4,15123.87,1.1948,,,,,,,,,,,,,,,,,,,,
26/01/2022,143.99,64.75,4349.93,0.7427,7.616,254,15459.39,1.1979,,,,,,,,,,,,,,,,,,,,
27/01/2022,144.64,64.15,4326.51,0.7472,7.587,255.8,15524.27,1.2006,,,,,,,,,,,,,,,,,,,,
28/01/2022,145.91,64.69,4431.85,0.7462,7.621,252,15318.95,1.2017,,,,,,,,,,,,,,,,,,,,
31/01/2022,148.07,65.12,4515.55,0.7437,7.646,254.6,15471.2,1.1971,,,,,,,,,,,,,,,,,,,,
01/02/2022,148.22,66.56,4546.54,0.7394,7.906,260.8,15619.39,1.1997,,,,,,,,,,,,,,,,,,,,
02/02/2022,148.71,66.23,4589.38,0.7366,8.121,257.8,15613.77,1.201,,,,,,,,,,,,,,,,,,,,
03/02/2022,145.31,65.26,4477.44,0.7354,8.441,253.4,15368.47,1.1887,,,,,,,,,,,,,,,,,,,,
04/02/2022,145.39,66.08,4500.53,0.7392,8.77,247.6,15099.56,1.1815,,,,,,,,,,,,,,,,,,,,
07/02/2022,145.14,66.36,4483.87,0.7388,8.673,244.8,15206.64,1.183,,,,,,,,,,,,,,,,,,,,
08/02/2022,143.53,67.12,4521.54,0.7383,8.964,244.2,15242.38,1.1864,,,,,,,,,,,,,,,,,,,,
09/02/2022,146.26,67.84,4587.18,0.7389,8.872,256.6,15482.01,1.1848,,,,,,,,,,,,,,,,,,,,
10/02/2022,144.82,67.5,4504.08,0.7375,8.93,252.2,15490.44,1.1868,,,,,,,,,,,,,,,,,,,,
11/02/2022,140.18,67.15,4418.64,0.7374,8.447,250,15425.12,1.1946,,,,,,,,,,,,,,,,,,,,
14/02/2022,141.59,66.46,4401.67,0.7391,8.521,240.4,15113.97,1.1966,,,,,,,,,,,,,,,,,,,,
15/02/2022,145.58,67,4471.07,0.7386,8.811,255.2,15412.71,1.1918,,,,,,,,,,,,,,,,,,,,
16/02/2022,146.49,66.95,4475.01,0.7361,8.55,253.8,15370.3,1.1945,,,,,,,,,,,,,,,,,,,,
17/02/2022,142.8,64.71,4380.26,0.7346,8.768,247.4,15267.63,1.1985,,,,,,,,,,,,,,,,,,,,
18/02/2022,142.95,64.14,4348.87,0.7359,9.112,242.4,15042.51,1.2003,,,,,,,,,,,,,,,,,,,,
21/02/2022,142.95,64.14,4348.87,0.7352,8.553,230.4,14731.12,1.2026,,,,,,,,,,,,,,,,,,,,
22/02/2022,138.19,63.89,4304.76,0.736,8.855,246,14693,1.1998,,,,,,,,,,,,,,,,,,,,
23/02/2022,136.83,63.22,4225.5,0.7382,8.48,240.6,14631.36,1.1986,,,,,,,,,,,,,,,,,,,,
24/02/2022,137.17,60.67,4288.7,0.7474,7.681,231.8,14052.1,1.195,,,,,,,,,,,,,,,,,,,,
25/02/2022,138.8,61.98,4384.65,0.7455,8.187,242.4,14567.23,1.19,,,,,,,,,,,,,,,,,,,,
28/02/2022,136.55,59.23,4373.94,0.7454,7.465,230,14461.02,1.1961,,,,,,,,,,,,,,,,,,,,
01/03/2022,132.22,58.59,4306.26,0.7504,6.803,216,13904.85,1.1979,,,,,,,,,,,,,,,,,,,,
02/03/2022,135.68,59.56,4386.54,0.7459,6.893,218.4,14000.11,1.2058,,,,,,,,,,,,,,,,,,,,
03/03/2022,133.97,57.62,4363.49,0.7492,6.65,211.6,13698.4,1.2062,,,,,,,,,,,,,,,,,,,,
04/03/2022,131.18,56.59,4328.87,0.7555,5.956,196.6,13094.54,1.2108,,,,,,,,,,,,,,,,,,,,
07/03/2022,124.44,55.55,4201.09,0.7631,5.56,183.5,12834.65,1.2073,,,,,,,,,,,,,,,,,,,,
08/03/2022,121.21,54.87,4170.7,0.7633,6.073,194.3,12831.51,1.2019,,,,,,,,,,,,,,,,,,,,
09/03/2022,126.95,55.95,4277.88,0.7584,6.546,211.4,13847.93,1.1899,,,,,,,,,,,,,,,,,,,,
10/03/2022,126.03,54.88,4259.52,0.7643,6.251,202,13442.1,1.191,,,,,,,,,,,,,,,,,,,,
11/03/2022,122.63,54.16,4204.31,0.767,6.242,200.8,13628.11,1.1948,,,,,,,,,,,,,,,,,,,,
14/03/2022,117.57,54.23,4173.11,0.7692,6.609,210,13929.11,1.1884,,,,,,,,,,,,,,,,,,,,
15/03/2022,119.4,55.11,4262.45,0.7668,6.549,210,13917.27,1.1905,,,,,,,,,,,,,,,,,,,,
16/03/2022,125.19,56.8,4357.86,0.7605,7.112,222,14440.74,1.1914,,,,,,,,,,,,,,,,,,,,
17/03/2022,127.41,57.29,4411.67,0.7605,6.921,218.8,14388.06,1.1855,,,,,,,,,,,,,,,,,,,,
18/03/2022,131.24,57.35,4463.12,0.7589,7.03,221,14413.09,1.1925,,,,,,,,,,,,,,,,,,,,
21/03/2022,130.19,56.98,4461.18,0.7595,7.016,223.6,14326.97,1.1955,,,,,,,,,,,,,,,,,,,,
22/03/2022,133.09,57.5,4511.61,0.754,7.322,224.8,14473.2,1.2025,,,,,,,,,,,,,,,,,,,,
23/03/2022,133,56.35,4456.24,0.7572,7.105,219.6,14283.65,1.2,,,,,,,,,,,,,,,,,,,,
24/03/2022,132.08,56.42,4520.16,0.7583,7.12,221.6,14273.79,1.1991,,,,,,,,,,,,,,,,,,,,
25/03/2022,133.7,56.74,4543.06,0.7586,7.159,221,14305.76,1.2003,,,,,,,,,,,,,,,,,,,,
28/03/2022,134.81,55.92,4575.52,0.7637,7.281,223.2,14417.37,1.1918,,,,,,,,,,,,,,,,,,,,
29/03/2022,139.14,56.47,4631.6,0.7637,7.622,237.8,14820.33,1.1812,,,,,,,,,,,,,,,,,,,,
30/03/2022,138.54,54.97,4602.45,0.7613,7.331,231.4,14606.05,1.1771,,,,,,,,,,,,,,,,,,,,
31/03/2022,134.56,53.4,4530.41,0.7609,6.88,224.2,14414.75,1.1873,,,,,,,,,,,,,,,,,,,,
01/04/2022,133.52,52.33,4545.86,0.7625,7.22,227.4,14446.48,1.1875,,,,,,,,,,,,,,,,,,,,
04/04/2022,134.34,52.8,4582.64,0.7625,7.126,228.5,14518.16,1.1954,,,,,,,,,,,,,,,,,,,,
05/04/2022,132.3,51.58,4525.12,0.7649,7.03,223.2,14424.36,1.1989,,,,,,,,,,,,,,,,,,,,
06/04/2022,128.36,50.53,4481.15,0.7652,6.84,212.8,14151.69,1.1995,,,,,,,,,,,,,,,,,,,,
07/04/2022,129.38,50.03,4500.21,0.7648,6.868,216.5,14078.15,1.202,,,,,,,,,,,,,,,,,,,,
08/04/2022,128.15,50.88,4488.28,0.7671,6.922,215.5,14283.67,1.1982,,,,,,,,,,,,,,,,,,,,
11/04/2022,124.98,50.55,4412.53,0.7675,6.56,211.6,14192.78,1.1972,,,,,,,,,,,,,,,,,,,,
12/04/2022,125.04,50.34,4397.45,0.7691,6.33,207.9,14124.95,1.2007,,,,,,,,,,,,,,,,,,,,
13/04/2022,127.49,50.15,4446.59,0.7624,6.432,209.9,14076.44,1.2043,,,,,,,,,,,,,,,,,,,,
14/04/2022,133.46,50.93,4392.59,0.7646,6.462,206.7,14163.85,1.2074,,,,,,,,,,,,,,,,,,,,
15/04/2022,133.46,50.93,4392.59,0.7657,6.462,206.7,14163.85,1.2079,,,,,,,,,,,,,,,,,,,,
18/04/2022,131.63,52.31,4391.69,0.7686,6.462,206.7,14163.85,1.2076,,,,,,,,,,,,,,,,,,,,
19/04/2022,137.05,52.92,4462.21,0.7693,6.538,216,14153.46,1.2049,,,,,,,,,,,,,,,,,,,,
20/04/2022,135.87,53.1,4459.45,0.7652,6.664,215.5,14362.03,1.2039,,,,,,,,,,,,,,,,,,,,
21/04/2022,135.46,52.63,4393.66,0.7676,6.75,216.6,14502.41,1.2025,,,,,,,,,,,,,,,,,,,,
22/04/2022,129.07,51.23,4271.78,0.7789,6.77,214.5,14142.09,1.189,,,,,,,,,,,,,,,,,,,,
25/04/2022,127.94,51.13,4296.12,0.7849,6.46,213.6,13924.17,1.1893,,,,,,,,,,,,,,,,,,,,
26/04/2022,120.52,50.23,4175.2,0.7953,6.152,203,13756.4,1.1821,,,,,,,,,,,,,,,,,,,,
27/04/2022,121.24,49.6,4183.96,0.7971,5.914,205.4,13793.94,1.188,,,,,,,,,,,,,,,,,,,,
28/04/2022,127.05,50.02,4287.5,0.8026,6.216,210.9,13979.84,1.1865,,,,,,,,,,,,,,,,,,,,
29/04/2022,124.7,48.21,4131.93,0.7953,6.2,205.4,14097.88,1.1925,,,,,,,,,,,,,,,,,,,,
02/05/2022,126.08,48.71,4155.38,0.8005,6.182,204.1,13939.07,1.1888,,,,,,,,,,,,,,,,,,,,
03/05/2022,122.86,50.1,4175.48,0.8002,6.38,204.9,14039.47,1.1879,,,,,,,,,,,,,,,,,,,,
04/05/2022,126.06,52.23,4300.17,0.7914,6.462,208.4,13970.82,1.1894,,,,,,,,,,,,,,,,,,,,
05/05/2022,118.63,51.31,4146.87,0.809,6.154,199.9,13902.52,1.1727,,,,,,,,,,,,,,,,,,,,
06/05/2022,114.49,51.62,4123.34,0.8102,6.124,200.6,13674.29,1.1699,,,,,,,,,,,,,,,,,,,,
09/05/2022,111.21,49.89,3991.24,0.811,6.102,190.55,13380.67,1.1678,,,,,,,,,,,,,,,,,,,,
10/05/2022,109.49,48.75,4001.05,0.812,6.17,190.7,13534.74,1.1696,,,,,,,,,,,,,,,,,,,,
11/05/2022,107.92,47.66,3935.18,0.8166,6.156,193.85,13828.64,1.1651,,,,,,,,,,,,,,,,,,,,
12/05/2022,107.9,46.56,3930.08,0.8197,6.2,199.05,13739.64,1.1755,,,,,,,,,,,,,,,,,,,,
13/05/2022,113.01,47.64,4023.89,0.8155,6.426,191.9,14027.93,1.1778,,,,,,,,,,,,,,,,,,,,
16/05/2022,112.6,47.46,4008.01,0.8115,6.5,190.7,13964.38,1.181,,,,,,,,,,,,,,,,,,,,
17/05/2022,115.9,51.05,4088.85,0.8003,6.838,192.05,14185.94,1.1841,,,,,,,,,,,,,,,,,,,,
18/05/2022,109.37,49.32,3923.68,0.81,6.856,186.8,14007.76,1.1797,,,,,,,,,,,,,,,,,,,,
19/05/2022,106.44,49.78,3900.79,0.8018,7.226,186.1,13882.3,1.1782,,,,,,,,,,,,,,,,,,,,
20/05/2022,108,49.75,3901.36,0.8004,7.272,185.3,13981.91,1.1825,,,,,,,,,,,,,,,,,,,,
23/05/2022,108.63,52.77,3973.75,0.7945,7.684,188.6,14175.4,1.1775,,,,,,,,,,,,,,,,,,,,
24/05/2022,107.29,52.68,3941.48,0.7979,7.716,184.2,13919.75,1.1674,,,,,,,,,,,,,,,,,,,,
25/05/2022,108.2,52.7,3978.73,0.7951,7.76,186.45,14007.93,1.1776,,,,,,,,,,,,,,,,,,,,
26/05/2022,112.94,54.09,4057.84,0.7931,7.98,193.85,14231.29,1.175,,,,,,,,,,,,,,,,,,,,
27/05/2022,115.99,53.62,4158.24,0.7918,8.07,197.1,14462.19,1.1769,,,,,,,,,,,,,,,,,,,,
30/05/2022,115.99,53.62,4158.24,0.7904,8.224,205.9,14575.98,1.1736,,,,,,,,,,,,,,,,,,,,
31/05/2022,118.85,53.41,4132.15,0.7935,8.064,209,14388.35,1.174,,,,,,,,,,,,,,,,,,,,
01/06/2022,118.68,52.39,4101.23,0.8009,8.056,215.1,14340.47,1.1719,,,,,,,,,,,,,,,,,,,,
02/06/2022,123.41,52.43,4176.82,0.7951,8.094,217.4,14485.17,1.1703,,,,,,,,,,,,,,,,,,,,
03/06/2022,120.95,51.33,4108.54,0.8007,8.126,210.7,14460.09,1.1652,,,,,,,,,,,,,,,,,,,,
06/06/2022,120.23,51.4,4121.43,0.798,8.452,210,14653.81,1.1716,,,,,,,,,,,,,,,,,,,,
07/06/2022,121.67,52.1,4160.68,0.7942,8.374,208.9,14556.62,1.1761,,,,,,,,,,,,,,,,,,,,
08/06/2022,122.4,51.41,4115.77,0.7977,8.218,210.4,14445.99,1.1703,,,,,,,,,,,,,,,,,,,,
09/06/2022,118.6,49.97,4017.82,0.8004,8.134,207.9,14198.8,1.1767,,,,,,,,,,,,,,,,,,,,
10/06/2022,114.73,47.71,3900.86,0.812,7.77,204.3,13761.83,1.1707,,,,,,,,,,,,,,,,,,,,
13/06/2022,110.44,45.69,3749.63,0.8242,7.476,193.8,13427.03,1.1658,,,,,,,,,,,,,,,,,,,,
14/06/2022,110.72,45.96,3735.48,0.8335,7.454,190.5,13304.39,1.1517,,,,,,,,,,,,,,,,,,,,
15/06/2022,113.44,47.58,3789.99,0.8212,7.872,190.45,13485.29,1.1656,,,,,,,,,,,,,,,,,,,,
16/06/2022,107.12,46.89,3666.77,0.8096,7.672,181.75,13038.49,1.1705,,,,,,,,,,,,,,,,,,,,
17/06/2022,107.34,46.52,3674.84,0.8182,7.892,181.4,13126.26,1.1644,,,,,,,,,,,,,,,,,,,,
20/06/2022,107.34,46.52,3674.84,0.8164,8.174,184.9,13265.6,1.1653,,,,,,,,,,,,,,,,,,,,
21/06/2022,108.68,47.96,3764.79,0.8144,8.416,185.35,13292.4,1.1656,,,,,,,,,,,,,,,,,,,,
22/06/2022,104.92,47.2,3759.89,0.8155,8.324,182.3,13144.28,1.1604,,,,,,,,,,,,,,,,,,,,
23/06/2022,108,46.35,3795.73,0.8156,7.428,178.4,12912.59,1.1654,,,,,,,,,,,,,,,,,,,,
24/06/2022,112.91,47.86,3911.74,0.8147,7.4,181.7,13118.13,1.1627,,,,,,,,,,,,,,,,,,,,
27/06/2022,110.5,47.83,3900.11,0.8152,7.282,182.85,13186.07,1.1589,,,,,,,,,,,,,,,,,,,,
28/06/2022,102.78,47.21,3821.55,0.8207,7.16,185.4,13231.82,1.1583,,,,,,,,,,,,,,,,,,,,
29/06/2022,103.25,47.1,3818.83,0.825,7,182.35,13003.35,1.161,,,,,,,,,,,,,,,,,,,,
30/06/2022,102.2,45.99,3785.38,0.8211,6.654,173.6,12783.77,1.1617,,,,,,,,,,,,,,,,,,,,
01/07/2022,101.18,46.87,3825.33,0.8265,6.476,175.2,12813.03,1.1603,,,,,,,,,,,,,,,,,,,,
04/07/2022,101.18,46.87,3825.33,0.8262,6.224,171.8,12773.38,1.1621,,,,,,,,,,,,,,,,,,,,
05/07/2022,104.32,46.61,3831.39,0.8363,5.996,168.05,12401.2,1.164,,,,,,,,,,,,,,,,,,,,
06/07/2022,104.23,46.15,3845.08,0.8386,5.878,170,12594.52,1.1711,,,,,,,,,,,,,,,,,,,,
07/07/2022,108.13,46.93,3902.62,0.8316,5.962,179.8,12843.22,1.1835,,,,,,,,,,,,,,,,,,,,
08/07/2022,107.93,46.82,3899.38,0.8309,6.37,187.35,13015.23,1.1816,,,,,,,,,,,,,,,,,,,,
11/07/2022,105.11,46.19,3854.43,0.8409,6.178,183,12832.44,1.1844,,,,,,,,,,,,,,,,,,,,
12/07/2022,103.76,46.13,3818.8,0.8411,6.014,183.05,12905.48,1.1845,,,,,,,,,,,,,,,,,,,,
13/07/2022,105.11,45.5,3801.78,0.841,5.994,181.7,12756.32,1.1823,,,,,,,,,,,,,,,,,,,,
14/07/2022,103.22,44.14,3790.38,0.8457,5.79,178.45,12519.66,1.1803,,,,,,,,,,,,,,,,,,,,
15/07/2022,104.7,49.98,3863.16,0.8426,5.93,183.15,12864.72,1.1764,,,,,,,,,,,,,,,,,,,,
18/07/2022,103.94,50.07,3830.85,0.8366,6.092,184.95,12959.81,1.1782,,,,,,,,,,,,,,,,,,,,
19/07/2022,109.19,52.13,3936.69,0.8337,6.6,193,13308.41,1.173,,,,,,,,,,,,,,,,,,,,
20/07/2022,111.11,52.45,3959.9,0.8352,6.516,192.25,13281.98,1.1764,,,,,,,,,,,,,,,,,,,,
21/07/2022,111.62,52.59,3998.95,0.8337,6.674,190.2,13246.64,1.172,,,,,,,,,,,,,,,,,,,,
22/07/2022,109.12,51.91,3961.63,0.8334,6.232,187,13253.68,1.1749,,,,,,,,,,,,,,,,,,,,
25/07/2022,109.28,52.16,3966.84,0.8303,6.378,183.6,13210.32,1.1787,,,,,,,,,,,,,,,,,,,,
26/07/2022,105.2,51.4,3921.05,0.8314,6.284,182.4,13096.93,1.1888,,,,,,,,,,,,,,,,,,,,
27/07/2022,107.86,52.35,4023.61,0.8225,6.436,181.2,13166.38,1.192,,,,,,,,,,,,,,,,,,,,
28/07/2022,112.23,52.23,4072.43,0.821,6.514,187.85,13282.11,1.1945,,,,,,,,,,,,,,,,,,,,
29/07/2022,114.92,51.9,4130.29,0.8216,6.672,194.15,13484.05,1.1914,,,,,,,,,,,,,,,,,,,,
01/08/2022,114.3,51.92,4118.63,0.8163,6.718,194.7,13479.63,1.1938,,,,,,,,,,,,,,,,,,,,
02/08/2022,111.77,50.75,4091.19,0.8217,6.746,193.4,13449.2,1.1968,,,,,,,,,,,,,,,,,,,,
03/08/2022,114.28,51.61,4155.17,0.8231,6.91,197.75,13587.56,1.1948,,,,,,,,,,,,,,,,,,,,
04/08/2022,114.48,51.26,4151.94,0.8224,7.07,195.3,13662.68,1.1869,,,,,,,,,,,,,,,,,,,,
05/08/2022,113.87,51.66,4145.19,0.8283,7.26,194.05,13573.93,1.1856,,,,,,,,,,,,,,,,,,,,
08/08/2022,114,51.47,4140.06,0.8277,7.016,192.5,13687.69,1.185,,,,,,,,,,,,,,,,,,,,
09/08/2022,110.11,52.09,4122.47,0.8278,6.82,189.55,13534.97,1.1828,,,,,,,,,,,,,,,,,,,,
10/08/2022,113.14,53.19,4210.24,0.8184,6.912,196.9,13700.93,1.1862,,,,,,,,,,,,,,,,,,,,
11/08/2022,114.1,54,4207.27,0.8193,6.894,196.85,13694.51,1.1822,,,,,,,,,,,,,,,,,,,,
12/08/2022,116.07,54.38,4280.15,0.8239,7.184,198.15,13795.85,1.1829,,,,,,,,,,,,,,,,,,,,
15/08/2022,116.32,54.07,4297.14,0.8296,7.152,198.4,13816.61,1.186,,,,,,,,,,,,,,,,,,,,
16/08/2022,118.06,54.18,4305.2,0.8268,7.16,200.6,13910.12,1.1893,,,,,,,,,,,,,,,,,,,,
17/08/2022,117.04,53.76,4274.04,0.83,7.024,196.7,13626.71,1.1834,,,,,,,,,,,,,,,,,,,,
18/08/2022,116.01,53.55,4283.74,0.8382,7,197.65,13697.41,1.1828,,,,,,,,,,,,,,,,,,,,
19/08/2022,113.16,52.61,4228.48,0.8454,6.674,192.75,13544.52,1.1782,,,,,,,,,,,,,,,,,,,,
22/08/2022,110.34,51.25,4137.99,0.8498,6.384,181.45,13230.57,1.1834,,,,,,,,,,,,,,,,,,,,
23/08/2022,110.68,50.95,4128.73,0.8449,6.304,185,13194.23,1.1871,,,,,,,,,,,,,,,,,,,,
24/08/2022,111.41,51.01,4140.77,0.8475,6.34,183.4,13220.06,1.1837,,,,,,,,,,,,,,,,,,,,
25/08/2022,113.22,52.06,4199.12,0.8452,6.334,185.75,13271.96,1.1862,,,,,,,,,,,,,,,,,,,,
26/08/2022,108.28,49.78,4057.66,0.8515,6.202,183.65,12971.47,1.1782,,,,,,,,,,,,,,,,,,,,
29/08/2022,107.88,49.37,4030.61,0.854,6.362,185.3,12892.99,1.1713,,,,,,,,,,,,,,,,,,,,
30/08/2022,107.86,49.08,3986.16,0.858,6.478,190.5,12961.14,1.1638,,,,,,,,,,,,,,,,,,,,
31/08/2022,106.45,48.81,3955,0.8604,6.62,184.45,12834.96,1.1561,,,,,,,,,,,,,,,,,,,,
01/09/2022,106.49,48.75,3966.85,0.8662,6.584,182.8,12630.23,1.1608,,,,,,,,,,,,,,,,,,,,
02/09/2022,105.74,48.84,3924.26,0.8689,6.778,184.25,13050.27,1.1561,,,,,,,,,,,,,,,,,,,,
05/09/2022,105.74,48.84,3924.26,0.8683,6.708,182.45,12760.78,1.16,,,,,,,,,,,,,,,,,,,,
06/09/2022,105.15,48.22,3908.19,0.8681,7.008,193.95,12871.44,1.1632,,,,,,,,,,,,,,,,,,,,
07/09/2022,108.48,48.63,3979.87,0.8671,6.92,193.05,12915.97,1.1529,,,,,,,,,,,,,,,,,,,,
08/09/2022,108.73,49.9,4006.18,0.8692,7.194,188.15,12904.32,1.1504,,,,,,,,,,,,,,,,,,,,
09/09/2022,110.97,50.67,4067.36,0.8629,7.562,184.6,13088.21,1.1541,,,,,,,,,,,,,,,,,,,,
12/09/2022,112.38,50.87,4110.41,0.8559,7.792,198.35,13402.27,1.1542,,,,,,,,,,,,,,,,,,,,
13/09/2022,105.72,49,3932.69,0.8701,7.42,193.95,13188.95,1.1529,,,,,,,,,,,,,,,,,,,,
14/09/2022,107,48.43,3946.01,0.8666,7.816,198.1,13028,1.1563,,,,,,,,,,,,,,,,,,,,
15/09/2022,105.5,48.44,3901.35,0.8721,8,196.6,12956.66,1.1467,,,,,,,,,,,,,,,,,,,,
16/09/2022,104.12,48.11,3873.33,0.8756,7.93,196.95,12741.26,1.1403,,,,,,,,,,,,,,,,,,,,
19/09/2022,107.21,48.24,3899.89,0.8748,8.05,205.8,12803.24,1.1405,,,,,,,,,,,,,,,,,,,,
20/09/2022,102.42,47.25,3855.93,0.8787,8.016,205.4,12670.83,1.1414,,,,,,,,,,,,,,,,,,,,
21/09/2022,99.79,46.33,3789.93,0.8873,7.902,201.9,12767.15,1.1456,,,,,,,,,,,,,,,,,,,,
22/09/2022,98.55,45.58,3757.99,0.888,8.218,198.55,12531.63,1.144,,,,,,,,,,,,,,,,,,,,
23/09/2022,97.02,44.26,3693.23,0.9209,7.874,191.65,12284.19,1.1204,,,,,,,,,,,,,,,,,,,,
26/09/2022,96.06,42.99,3655.04,0.9355,7.758,190.95,12227.92,1.1125,,,,,,,,,,,,,,,,,,,,
27/09/2022,96.29,42.59,3647.29,0.9317,7.444,189.3,12139.68,1.1187,,,,,,,,,,,,,,,,,,,,
28/09/2022,98.7,43.4,3719.04,0.9183,7.346,195.8,12183.28,1.1186,,,,,,,,,,,,,,,,,,,,
29/09/2022,95.33,42.39,3640.47,0.8995,7.124,173.9,11975.55,1.1323,,,,,,,,,,,,,,,,,,,,
30/09/2022,83.12,41.67,3585.62,0.8953,7.264,165.95,12114.36,1.139,,,,,,,,,,,,,,,,,,,,
03/10/2022,85.4,42.56,3678.43,0.8831,7.302,167,12209.48,1.1525,,,,,,,,,,,,,,,,,,,,
04/10/2022,88.64,44.41,3790.93,0.8714,7.634,172.65,12670.48,1.149,,,,,,,,,,,,,,,,,,,,
05/10/2022,91.1,43.84,3783.28,0.8829,7.4,170.75,12517.18,1.146,,,,,,,,,,,,,,,,,,,,
06/10/2022,90.17,43.06,3744.52,0.8959,7.3,174.85,12470.78,1.14,,,,,,,,,,,,,,,,,,,,
07/10/2022,87.16,42.19,3639.66,0.9021,7.354,169.05,12273,1.1385,,,,,,,,,,,,,,,,,,,,
10/10/2022,86.69,41.6,3612.39,0.9045,7.384,164.3,12272.94,1.1394,,,,,,,,,,,,,,,,,,,,
11/10/2022,87.99,40.45,3588.84,0.9118,7.118,163.2,12220.25,1.1301,,,,,,,,,,,,,,,,,,,,
12/10/2022,88.51,40.84,3577.03,0.9009,7.204,159.95,12172.26,1.1439,,,,,,,,,,,,,,,,,,,,
13/10/2022,89.56,42.95,3669.91,0.8829,7.64,164.7,12355.58,1.1583,,,,,,,,,,,,,,,,,,,,
14/10/2022,87.55,43.23,3583.07,0.8951,7.568,160.65,12437.81,1.1499,,,,,,,,,,,,,,,,,,,,
17/10/2022,89.97,43.59,3677.95,0.8804,7.732,168.2,12649.03,1.1542,,,,,,,,,,,,,,,,,,,,
18/10/2022,89.68,44.15,3719.98,0.8834,7.956,172.1,12765.61,1.1485,,,,,,,,,,,,,,,,,,,,
19/10/2022,88.57,43.34,3695.16,0.8914,7.874,167.2,12741.41,1.148,,,,,,,,,,,,,,,,,,,,
20/10/2022,86.83,42.92,3665.78,0.8901,7.916,169.1,12767.41,1.1481,,,,,,,,,,,,,,,,,,,,
21/10/2022,88.5,44.26,3752.75,0.8847,8.086,171.35,12730.9,1.1458,,,,,,,,,,,,,,,,,,,,
24/10/2022,88.01,44.41,3797.34,0.8867,8.152,169.1,12931.45,1.1422,,,,,,,,,,,,,,,,,,,,
25/10/2022,91.72,45.32,3859.11,0.8717,8.214,168.9,13052.96,1.1509,,,,,,,,,,,,,,,,,,,,
26/10/2022,92.39,45.41,3830.6,0.8602,8.222,169.4,13195.81,1.1533,,,,,,,,,,,,,,,,,,,,
27/10/2022,90.54,45.44,3807.3,0.8647,8.296,170.45,13211.23,1.1604,,,,,,,,,,,,,,,,,,,,
28/10/2022,93.83,46.13,3901.06,0.861,8.298,169.45,13243.33,1.1655,,,,,,,,,,,,,,,,,,,,
31/10/2022,92.68,45.86,3871.98,0.8719,8.104,172.55,13253.74,1.1601,,,,,,,,,,,,,,,,,,,,
01/11/2022,93.77,46.22,3856.1,0.8708,8.226,173.95,13338.74,1.1628,,,,,,,,,,,,,,,,,,,,
02/11/2022,90.3,45.55,3759.69,0.8778,8.116,169.5,13256.74,1.1603,,,,,,,,,,,,,,,,,,,,
03/11/2022,90.4,44.58,3719.89,0.8961,8.05,168.2,13130.19,1.1446,,,,,,,,,,,,,,,,,,,,
04/11/2022,95.79,45.13,3770.55,0.8788,8.184,173.7,13459.85,1.1421,,,,,,,,,,,,,,,,,,,,
07/11/2022,93.44,45.73,3806.8,0.8685,8.332,180.8,13533.52,1.149,,,,,,,,,,,,,,,,,,,,
08/11/2022,93.75,46.12,3828.11,0.8663,8.232,179.3,13688.75,1.1461,,,,,,,,,,,,,,,,,,,,
09/11/2022,92.1,45.36,3748.57,0.8804,7.64,178,13666.32,1.1346,,,,,,,,,,,,,,,,,,,,
10/11/2022,99.49,48.42,3956.37,0.8536,7.736,184.1,14146.09,1.1473,,,,,,,,,,,,,,,,,,,,
11/11/2022,106.09,50.19,3992.93,0.8453,7.654,191.1,14224.86,1.1439,,,,,,,,,,,,,,,,,,,,
14/11/2022,104.39,49.02,3957.25,0.8506,7.8,189.9,14313.3,1.1384,,,,,,,,,,,,,,,,,,,,
15/11/2022,106.71,49.03,3991.73,0.8428,7.966,188.2,14378.51,1.1466,,,,,,,,,,,,,,,,,,,,
16/11/2022,105.23,48.37,3958.79,0.8393,8.008,184,14234.03,1.1461,,,,,,,,,,,,,,,,,,,,
17/11/2022,105.36,48.25,3946.56,0.8429,8.004,184.7,14266.38,1.1445,,,,,,,,,,,,,,,,,,,,
18/11/2022,105.42,48.66,3965.34,0.841,8.044,188.15,14431.86,1.1516,,,,,,,,,,,,,,,,,,,,
21/11/2022,103.83,48.88,3949.94,0.8458,8.122,183.6,14379.93,1.154,,,,,,,,,,,,,,,,,,,,
22/11/2022,105.97,49.33,4003.58,0.8413,8.074,183.55,14422.35,1.1535,,,,,,,,,,,,,,,,,,,,
23/11/2022,106.65,48.24,4027.26,0.8295,7.954,179.9,14427.59,1.1597,,,,,,,,,,,,,,,,,,,,
24/11/2022,106.65,48.24,4027.26,0.8255,8.13,183.1,14539.56,1.1635,,,,,,,,,,,,,,,,,,,,
25/11/2022,105.96,48.29,4026.12,0.827,8.012,183,14541.38,1.1633,,,,,,,,,,,,,,,,,,,,
28/11/2022,104.96,47.23,3963.94,0.8362,7.894,179.95,14383.36,1.1566,,,,,,,,,,,,,,,,,,,,
29/11/2022,106.25,47.57,3957.63,0.8367,8.002,182.05,14355.45,1.1575,,,,,,,,,,,,,,,,,,,,
30/11/2022,109.69,48.41,4080.11,0.8293,8.016,185.35,14397.04,1.1587,,,,,,,,,,,,,,,,,,,,
01/12/2022,111.11,47.78,4076.57,0.8165,7.768,185.25,14490.3,1.1644,,,,,,,,,,,,,,,,,,,,
02/12/2022,112.2,47.24,4071.7,0.8143,7.754,183.9,14529.39,1.1664,,,,,,,,,,,,,,,,,,,,
05/12/2022,109.62,45.64,3998.84,0.8204,7.82,184.65,14447.61,1.1619,,,,,,,,,,,,,,,,,,,,
06/12/2022,107.93,44.98,3941.26,0.8242,7.814,182.9,14343.19,1.1592,,,,,,,,,,,,,,,,,,,,
07/12/2022,108.33,44.67,3933.92,0.8195,7.762,180.1,14261.19,1.1616,,,,,,,,,,,,,,,,,,,,
08/12/2022,111.36,44.69,3963.51,0.8174,7.706,177.5,14264.56,1.1587,,,,,,,,,,,,,,,,,,,,
09/12/2022,109.42,44.86,3934.38,0.8158,7.864,177.4,14370.72,1.1641,,,,,,,,,,,,,,,,,,,,
12/12/2022,112.07,45.77,3990.56,0.815,7.834,173.75,14306.63,1.1644,,,,,,,,,,,,,,,,,,,,
13/12/2022,112.85,46.59,4019.65,0.8087,7.812,173.3,14497.89,1.1628,,,,,,,,,,,,,,,,,,,,
14/12/2022,111.45,45.98,3995.32,0.8048,7.744,173.9,14460.2,1.1632,,,,,,,,,,,,,,,,,,,,
15/12/2022,108.51,44.62,3895.75,0.8212,7.682,172.1,13986.23,1.146,,,,,,,,,,,,,,,,,,,,
16/12/2022,105.95,44.35,3852.36,0.8232,8.134,171.15,13893.07,1.1471,,,,,,,,,,,,,,,,,,,,
19/12/2022,103.05,43.93,3817.66,0.8231,8.16,156.5,13942.87,1.1454,,,,,,,,,,,,,,,,,,,,
20/12/2022,103.21,43.81,3821.62,0.8208,8.954,152.8,13884.66,1.1464,,,,,,,,,,,,,,,,,,,,
21/12/2022,115.78,44.81,3878.44,0.8277,8.89,150.7,14097.82,1.1391,,,,,,,,,,,,,,,,,,,,
22/12/2022,116.71,43.99,3822.39,0.8307,8.836,145.6,13914.07,1.1361,,,,,,,,,,,,,,,,,,,,
23/12/2022,116.25,44.26,3844.82,0.8304,8.898,148.4,13940.93,1.1348,,,,,,,,,,,,,,,,,,,,
26/12/2022,116.25,44.26,3844.82,0.829,8.898,148.4,13940.93,1.1343,,,,,,,,,,,,,,,,,,,,
27/12/2022,117.56,44.39,3829.25,0.8316,8.904,147.05,13995.1,1.1301,,,,,,,,,,,,,,,,,,,,
28/12/2022,114.98,44.62,3783.22,0.8321,8.852,143.8,13925.6,1.1324,,,,,,,,,,,,,,,,,,,,
29/12/2022,117.35,45.16,3849.28,0.8295,8.81,147.9,14071.72,1.1307,,,,,,,,,,,,,,,,,,,,
30/12/2022,117.01,45.23,3839.5,0.8276,8.836,147.65,13923.59,1.1295,,,,,,,,,,,,,,,,,,,,
02/01/2023,117.01,45.23,3839.5,0.8301,8.908,153.55,14069.26,1.1293,,,,,,,,,,,,,,,,,,,,
03/01/2023,118.75,45.78,3824.14,0.8355,9.256,155.2,14181.67,1.1346,,,,,,,,,,,,,,,,,,,,
04/01/2023,121.21,46.96,3852.97,0.8296,9.468,158.55,14490.78,1.1369,,,,,,,,,,,,,,,,,,,,
05/01/2023,120.62,46.75,3808.1,0.8398,9.382,159.1,14436.31,1.1318,,,,,,,,,,,,,,,,,,,,
06/01/2023,124.53,47.31,3895.08,0.8269,9.492,160.05,14610.02,1.1362,,,,,,,,,,,,,,,,,,,,
09/01/2023,124.85,47.54,3892.09,0.8208,9.48,160.2,14792.83,1.1353,,,,,,,,,,,,,,,,,,,,
10/01/2023,125.84,48.19,3919.25,0.8228,9.452,160,14774.6,1.1319,,,,,,,,,,,,,,,,,,,,
11/01/2023,127.94,48.71,3969.61,0.8233,9.324,162.55,14947.91,1.1289,,,,,,,,,,,,,,,,,,,,
12/01/2023,127.89,49.09,3983.17,0.819,9.386,165.05,15058.3,1.1255,,,,,,,,,,,,,,,,,,,,
13/01/2023,128.85,49.92,3999.09,0.8178,9.462,161.65,15086.52,1.1291,,,,,,,,,,,,,,,,,,,,
16/01/2023,128.85,49.92,3999.09,0.8201,9.478,161.45,15134.04,1.1268,,,,,,,,,,,,,,,,,,,,
17/01/2023,128.14,50.31,3990.97,0.8139,9.582,162.25,15187.07,1.1385,,,,,,,,,,,,,,,,,,,,
18/01/2023,126.43,49.43,3928.86,0.8098,9.856,160.65,15181.8,1.1435,,,,,,,,,,,,,,,,,,,,
19/01/2023,124.53,49.37,3898.85,0.8071,9.528,157.6,14920.36,1.1438,,,,,,,,,,,,,,,,,,,,
20/01/2023,126.62,51.09,3972.61,0.8067,9.6,158.8,15033.56,1.1419,,,,,,,,,,,,,,,,,,,,
23/01/2023,128.29,51.98,4019.81,0.8079,9.626,160.65,15102.95,1.1389,,,,,,,,,,,,,,,,,,,,
24/01/2023,126.83,51.42,4016.95,0.8108,9.66,158.95,15093.11,1.1328,,,,,,,,,,,,,,,,,,,,
25/01/2023,126.82,51.9,4016.22,0.8063,9.636,158.6,15081.64,1.1363,,,,,,,,,,,,,,,,,,,,
26/01/2023,127.53,52.19,4060.43,0.8059,9.966,160.05,15132.85,1.1393,,,,,,,,,,,,,,,,,,,,
27/01/2023,127.53,51.86,4070.56,0.8076,10.085,160.15,15150.03,1.1399,,,,,,,,,,,,,,,,,,,,
30/01/2023,126.37,51.75,4017.77,0.8096,10.18,159.1,15126.08,1.1382,,,,,,,,,,,,,,,,,,,,
31/01/2023,127.33,52.22,4076.6,0.8117,10.5,161,15128.27,1.1344,,,,,,,,,,,,,,,,,,,,
01/02/2023,129.5,52.15,4119.21,0.808,10.53,162.6,15180.74,1.126,,,,,,,,,,,,,,,,,,,,
02/02/2023,129.06,52.22,4179.76,0.818,10.105,167.5,15509.19,1.1205,,,,,,,,,,,,,,,,,,,,
03/02/2023,127.61,50.95,4136.48,0.8295,10.065,167.05,15476.43,1.1165,,,,,,,,,,,,,,,,,,,,
06/02/2023,125.73,50.86,4111.08,0.832,10.13,164.95,15345.91,1.1207,,,,,,,,,,,,,,,,,,,,
07/02/2023,125.33,51.13,4164,0.83,10.2,165.8,15320.88,1.1229,,,,,,,,,,,,,,,,,,,,
08/02/2023,122.91,51.15,4117.86,0.8284,10.26,164,15412.05,1.1267,,,,,,,,,,,,,,,,,,,,
09/02/2023,122.18,49.98,4081.5,0.825,10.315,165.4,15523.42,1.1286,,,,,,,,,,,,,,,,,,,,
10/02/2023,122.23,50.11,4090.46,0.8291,10.22,163.3,15307.98,1.1298,,,,,,,,,,,,,,,,,,,,
13/02/2023,125.15,51,4137.29,0.8238,10.17,163.5,15397.34,1.1318,,,,,,,,,,,,,,,,,,,,
14/02/2023,126.2,51.61,4136.13,0.8215,10.08,168.35,15380.56,1.1337,,,,,,,,,,,,,,,,,,,,
15/02/2023,127.48,51.82,4147.6,0.8312,10.29,167.1,15506.34,1.1256,,,,,,,,,,,,,,,,,,,,
16/02/2023,124.38,51.46,4090.41,0.8338,11.455,167.75,15533.64,1.1234,,,,,,,,,,,,,,,,,,,,
17/02/2023,124.84,51.42,4079.09,0.8308,11.35,167,15482,1.1258,,,,,,,,,,,,,,,,,,,,
20/02/2023,124.84,51.42,4079.09,0.8305,10.97,167.1,15477.55,1.1269,,,,,,,,,,,,,,,,,,,,
21/02/2023,121.1,49.84,3997.34,0.8256,11.195,164.6,15397.62,1.1373,,,,,,,,,,,,,,,,,,,,
22/02/2023,119.9,50.04,3991.05,0.8301,10.685,165.7,15399.89,1.1359,,,,,,,,,,,,,,,,,,,,
23/02/2023,119.96,50.38,4012.32,0.8324,10.7,168.45,15475.69,1.1341,,,,,,,,,,,,,,,,,,,,
24/02/2023,118.04,50.18,3970.04,0.8373,10.645,162.9,15209.74,1.1328,,,,,,,,,,,,,,,,,,,,
27/02/2023,118.53,50.47,3982.24,0.8289,11.085,164.85,15381.43,1.137,,,,,,,,,,,,,,,,,,,,
28/02/2023,118.79,50.69,3970.15,0.8318,11.51,167.7,15365.14,1.1369,,,,,,,,,,,,,,,,,,,,
01/03/2023,118.58,51.5,3951.39,0.8313,11.29,167,15305.02,1.1278,,,,,,,,,,,,,,,,,,,,
02/03/2023,119.58,51.4,3981.35,0.8371,11.275,165.05,15327.64,1.1273,,,,,,,,,,,,,,,,,,,,
03/03/2023,120.94,52.35,4045.64,0.8308,11.625,181.55,15578.39,1.1327,,,,,,,,,,,,,,,,,,,,
06/03/2023,120.17,52.18,4048.42,0.8316,11.92,179.25,15653.58,1.1257,,,,,,,,,,,,,,,,,,,,
07/03/2023,119.59,51.08,3986.37,0.8453,11.8,178.65,15559.53,1.1211,,,,,,,,,,,,,,,,,,,,
08/03/2023,119.86,50.68,3992.01,0.8443,11.875,178.85,15631.87,1.1233,,,,,,,,,,,,,,,,,,,,
09/03/2023,117.87,48.6,3918.32,0.8386,11.5,176.1,15633.21,1.1269,,,,,,,,,,,,,,,,,,,,
10/03/2023,117.49,48.34,3861.59,0.8313,11.095,172.5,15427.97,1.1311,,,,,,,,,,,,,,,,,,,,
13/03/2023,116.86,44.74,3855.76,0.8208,10.04,171.2,14959.47,1.1353,,,,,,,,,,,,,,,,,,,,
14/03/2023,119,47.4,3919.29,0.8225,10.33,168.3,15232.83,1.1328,,,,,,,,,,,,,,,,,,,,
15/03/2023,118.17,44.82,3891.93,0.8294,9.756,164.35,14735.26,1.14,,,,,,,,,,,,,,,,,,,,
16/03/2023,120.65,45.62,3960.28,0.8258,9.756,159.85,14967.1,1.1414,,,,,,,,,,,,,,,,,,,,
17/03/2023,120.39,44.25,3916.64,0.8215,9.132,153.65,14768.2,1.1417,,,,,,,,,,,,,,,,,,,,
20/03/2023,121.2,44.09,3951.57,0.8144,9.38,153.4,14933.38,1.1451,,,,,,,,,,,,,,,,,,,,
21/03/2023,125.61,45.07,4002.87,0.8185,10.135,157.1,15195.34,1.1344,,,,,,,,,,,,,,,,,,,,
22/03/2023,119.5,43.71,3936.97,0.8151,9.61,155.2,15216.19,1.1301,,,,,,,,,,,,,,,,,,,,
23/03/2023,120.97,43.45,3948.72,0.8139,9.22,153.7,15210.39,1.1342,,,,,,,,,,,,,,,,,,,,
24/03/2023,120.71,43.11,3970.99,0.8175,8.966,150.3,14957.23,1.1366,,,,,,,,,,,,,,,,,,,,
27/03/2023,117.81,44.78,3977.53,0.8139,9.222,151.6,15127.68,1.1379,,,,,,,,,,,,,,,,,,,,
28/03/2023,117.87,45.22,3971.27,0.8102,9.278,151.6,15142.02,1.1379,,,,,,,,,,,,,,,,,,,,
29/03/2023,120.49,45.95,4027.81,0.8121,9.458,154.15,15328.78,1.1356,,,,,,,,,,,,,,,,,,,,
30/03/2023,120.1,46.07,4050.83,0.8073,9.702,157.95,15522.4,1.1359,,,,,,,,,,,,,,,,,,,,
31/03/2023,122.64,46.89,4109.31,0.8106,9.694,157.8,15628.84,1.1374,,,,,,,,,,,,,,,,,,,,
03/04/2023,121.67,46.71,4124.51,0.8055,9.732,158.85,15580.92,1.1391,,,,,,,,,,,,,,,,,,,,
04/04/2023,123.69,46.09,4100.6,0.7999,9.754,155.75,15603.47,1.1413,,,,,,,,,,,,,,,,,,,,
05/04/2023,120.9,45.77,4090.38,0.8024,9.556,154.35,15520.17,1.1427,,,,,,,,,,,,,,,,,,,,
06/04/2023,120.22,45.86,4105.02,0.8039,9.758,153,15597.89,1.139,,,,,,,,,,,,,,,,,,,,
07/04/2023,120.22,45.86,4105.02,0.8053,9.758,153,15597.89,1.1384,,,,,,,,,,,,,,,,,,,,
10/04/2023,121.91,46.52,4109.11,0.8076,9.758,153,15597.89,1.1401,,,,,,,,,,,,,,,,,,,,
11/04/2023,123.3,47.2,4108.94,0.8049,9.854,156.65,15655.17,1.1385,,,,,,,,,,,,,,,,,,,,
12/04/2023,123.66,46.92,4091.95,0.801,9.722,153.4,15703.6,1.1358,,,,,,,,,,,,,,,,,,,,
13/04/2023,126.43,47.3,4146.22,0.7985,9.802,154.35,15729.46,1.1336,,,,,,,,,,,,,,,,,,,,
14/04/2023,125.95,49.56,4137.64,0.8056,10.275,157.2,15807.5,1.1294,,,,,,,,,,,,,,,,,,,,
17/04/2023,126.19,49.69,4151.32,0.808,10.1,155.15,15789.53,1.1327,,,,,,,,,,,,,,,,,,,,
18/04/2023,126.21,50.08,4154.87,0.8048,10.34,155.1,15882.67,1.1323,,,,,,,,,,,,,,,,,,,,
19/04/2023,125.67,50.4,4154.52,0.8039,10.74,153.85,15895.2,1.1355,,,,,,,,,,,,,,,,,,,,
20/04/2023,124.45,49.4,4129.79,0.8036,10.725,151.75,15795.97,1.1343,,,,,,,,,,,,,,,,,,,,
21/04/2023,125.53,49.03,4133.52,0.8044,10.665,150.85,15881.66,1.1322,,,,,,,,,,,,,,,,,,,,
24/04/2023,127.09,49.03,4137.04,0.8009,10.625,151.15,15863.95,1.1303,,,,,,,,,,,,,,,,,,,,
25/04/2023,124.66,47.9,4071.63,0.8059,10.19,148.2,15872.13,1.1308,,,,,,,,,,,,,,,,,,,,
26/04/2023,123.84,46.86,4055.99,0.802,10.285,147.65,15795.73,1.1293,,,,,,,,,,,,,,,,,,,,
27/04/2023,125.7,47.03,4135.35,0.8001,10.505,148.75,15800.45,1.1332,,,,,,,,,,,,,,,,,,,,
28/04/2023,126.72,47.07,4169.48,0.7957,10.055,151.7,15922.38,1.1404,,,,,,,,,,,,,,,,,,,,
01/05/2023,127.92,47.25,4167.87,0.8002,10.055,151.7,15922.38,1.1385,,,,,,,,,,,,,,,,,,,,
02/05/2023,127.26,46,4119.58,0.8021,9.718,150.95,15726.94,1.1335,,,,,,,,,,,,,,,,,,,,
03/05/2023,126.74,45.67,4090.75,0.7959,9.582,150.5,15815.06,1.1358,,,,,,,,,,,,,,,,,,,,
04/05/2023,123.67,44.9,4061.22,0.7953,9.354,151.25,15734.24,1.1417,,,,,,,,,,,,,,,,,,,,
05/05/2023,126.59,46.32,4136.25,0.7914,9.796,152.85,15961.02,1.1463,,,,,,,,,,,,,,,,,,,,
08/05/2023,126.88,46.36,4138.12,0.7925,9.884,155.15,15952.83,1.1467,,,,,,,,,,,,,,,,,,,,
09/05/2023,125.1,46.52,4119.17,0.7924,9.852,153.95,15955.48,1.1513,,,,,,,,,,,,,,,,,,,,
10/05/2023,123.51,46.37,4137.64,0.792,9.852,155.55,15896.23,1.1495,,,,,,,,,,,,,,,,,,,,
11/05/2023,122.22,46.03,4130.62,0.7993,9.92,149.5,15834.91,1.1462,,,,,,,,,,,,,,,,,,,,
12/05/2023,120.21,45.45,4124.08,0.8027,10.02,148,15913.82,1.1478,,,,,,,,,,,,,,,,,,,,
15/05/2023,119.83,46.05,4136.28,0.7982,10.095,146.35,15917.24,1.1521,,,,,,,,,,,,,,,,,,,,
16/05/2023,116.48,45.28,4109.9,0.8008,9.9,144.35,15897.93,1.1493,,,,,,,,,,,,,,,,,,,,
17/05/2023,116.98,47.08,4158.77,0.8008,9.506,145.55,15951.3,1.1521,,,,,,,,,,,,,,,,,,,,
18/05/2023,118.87,46.39,4198.05,0.8059,9.942,149.45,16163.36,1.1521,,,,,,,,,,,,,,,,,,,,
19/05/2023,114.76,45.71,4191.98,0.8035,9.822,148.95,16275.38,1.1518,,,,,,,,,,,,,,,,,,,,
22/05/2023,110.18,45.79,4192.63,0.8041,10.06,150.75,16223.99,1.1501,,,,,,,,,,,,,,,,,,,,
23/05/2023,108.78,45.91,4145.58,0.8056,9.908,150.2,16152.86,1.1526,,,,,,,,,,,,,,,,,,,,
24/05/2023,108.29,44.49,4115.24,0.8087,9.658,147.5,15842.13,1.1503,,,,,,,,,,,,,,,,,,,,
25/05/2023,107.48,44.23,4151.28,0.8116,9.756,146.05,15793.8,1.1488,,,,,,,,,,,,,,,,,,,,
26/05/2023,107.51,44.6,4205.45,0.8101,9.73,147.15,15983.97,1.1512,,,,,,,,,,,,,,,,,,,,
29/05/2023,107.51,44.6,4205.45,0.8094,9.722,146.85,15952.73,1.1537,,,,,,,,,,,,,,,,,,,,
30/05/2023,106.52,44.7,4205.52,0.8056,9.688,146.8,15908.91,1.1564,,,,,,,,,,,,,,,,,,,,
31/05/2023,105.26,44.32,4179.83,0.8038,9.528,140.35,15664.02,1.1639,,,,,,,,,,,,,,,,,,,,
01/06/2023,103.63,44.84,4221.02,0.7983,9.454,143.35,15853.66,1.1639,,,,,,,,,,,,,,,,,,,,
02/06/2023,107.78,46.32,4282.37,0.803,9.56,149.05,16051.23,1.1629,,,,,,,,,,,,,,,,,,,,
05/06/2023,105.2,46.24,4273.79,0.804,9.476,149,15963.89,1.1607,,,,,,,,,,,,,,,,,,,,
06/06/2023,106.19,47.22,4283.85,0.8049,9.614,151,15992.44,1.1619,,,,,,,,,,,,,,,,,,,,
07/06/2023,107.09,48.01,4267.52,0.804,9.832,151.3,15960.56,1.1626,,,,,,,,,,,,,,,,,,,,
08/06/2023,106.2,48.1,4293.93,0.7962,9.91,154.5,15989.96,1.1648,,,,,,,,,,,,,,,,,,,,
09/06/2023,105.86,48.3,4298.86,0.7954,9.866,155.3,15949.84,1.1696,,,,,,,,,,,,,,,,,,,,
12/06/2023,106.83,48.45,4338.93,0.7994,9.95,157.15,16097.87,1.1628,,,,,,,,,,,,,,,,,,,,
13/06/2023,106.78,48.69,4369.01,0.7929,10.065,158.75,16230.68,1.1685,,,,,,,,,,,,,,,,,,,,
14/06/2023,112.86,48.24,4372.59,0.7896,10.165,160.15,16310.79,1.1691,,,,,,,,,,,,,,,,,,,,
15/06/2023,112.41,48.56,4425.84,0.7822,10.115,159.75,16290.12,1.1679,,,,,,,,,,,,,,,,,,,,
16/06/2023,113.59,48.19,4409.59,0.7802,10.185,159,16357.63,1.1719,,,,,,,,,,,,,,,,,,,,
19/06/2023,113.59,48.19,4409.59,0.7818,10.21,158.25,16201.2,1.1713,,,,,,,,,,,,,,,,,,,,
20/06/2023,109.54,47.61,4388.71,0.7834,10.195,155.05,16111.32,1.1691,,,,,,,,,,,,,,,,,,,,
21/06/2023,109.98,47.41,4365.69,0.7831,10.325,154.25,16023.13,1.1622,,,,,,,,,,,,,,,,,,,,
22/06/2023,110.46,46.63,4381.89,0.7845,10.215,151.15,15988.16,1.1635,,,,,,,,,,,,,,,,,,,,
23/06/2023,109.52,46.02,4348.33,0.7866,9.63,150.65,15829.94,1.1675,,,,,,,,,,,,,,,,,,,,
26/06/2023,111.74,46.24,4328.82,0.7866,9.59,150.4,15813.06,1.1656,,,,,,,,,,,,,,,,,,,,
27/06/2023,113.61,46.4,4378.41,0.7844,9.776,148.95,15846.86,1.1631,,,,,,,,,,,,,,,,,,,,
28/06/2023,113.03,46.23,4376.86,0.7914,9.772,150.9,15949,1.1577,,,,,,,,,,,,,,,,,,,,
29/06/2023,113.37,46.29,4396.44,0.7928,9.954,151.35,15946.72,1.1607,,,,,,,,,,,,,,,,,,,,
30/06/2023,110.37,46.04,4450.38,0.7872,10.09,152.75,16147.9,1.1637,,,,,,,,,,,,,,,,,,,,
03/07/2023,109.11,46.74,4455.59,0.7878,10.22,153.9,16081.04,1.1629,,,,,,,,,,,,,,,,,,,,
04/07/2023,109.11,46.74,4455.59,0.7866,10.165,153.35,16039.17,1.1686,,,,,,,,,,,,,,,,,,,,
05/07/2023,107.1,46.8,4446.82,0.7871,10.205,155.45,15937.58,1.1703,,,,,,,,,,,,,,,,,,,,
06/07/2023,105.1,45.38,4411.59,0.7849,10.055,151.7,15528.54,1.1699,,,,,,,,,,,,,,,,,,,,
07/07/2023,104.46,45.74,4398.95,0.7789,10.27,152.85,15603.4,1.1704,,,,,,,,,,,,,,,,,,,,
10/07/2023,105.78,45.67,4409.53,0.7775,10.48,152.4,15673.16,1.169,,,,,,,,,,,,,,,,,,,,
11/07/2023,107.39,46.53,4439.26,0.7732,10.925,154.1,15790.34,1.1746,,,,,,,,,,,,,,,,,,,,
12/07/2023,107.76,47.38,4472.16,0.77,10.86,154.1,16023,1.1669,,,,,,,,,,,,,,,,,,,,
13/07/2023,107.84,47.68,4510.04,0.7613,11.21,154.3,16141.03,1.1701,,,,,,,,,,,,,,,,,,,,
14/07/2023,107.95,45.75,4505.42,0.7638,11.075,150.8,16105.07,1.1663,,,,,,,,,,,,,,,,,,,,
17/07/2023,108.71,46.26,4522.79,0.7649,11.14,149.9,16068.65,1.1634,,,,,,,,,,,,,,,,,,,,
18/07/2023,109.72,47.02,4554.98,0.7671,11.125,151.3,16125.49,1.161,,,,,,,,,,,,,,,,,,,,
19/07/2023,109.88,47.52,4565.72,0.7728,11.085,150.7,16108.93,1.1552,,,,,,,,,,,,,,,,,,,,
20/07/2023,107.53,47.41,4534.87,0.7771,11.2,149.1,16204.22,1.1561,,,,,,,,,,,,,,,,,,,,
21/07/2023,109.06,47.05,4536.34,0.778,11.185,149.2,16177.22,1.1556,,,,,,,,,,,,,,,,,,,,
24/07/2023,108.77,47.66,4554.64,0.7795,11.15,150.3,16190.95,1.1592,,,,,,,,,,,,,,,,,,,,
25/07/2023,108.3,47.09,4567.46,0.775,11.05,151,16211.59,1.1669,,,,,,,,,,,,,,,,,,,,
26/07/2023,109.3,47.49,4566.75,0.7727,10.995,150.45,16131.46,1.1675,,,,,,,,,,,,,,,,,,,,
27/07/2023,107.67,47.88,4537.41,0.7815,10.795,145.85,16406.03,1.1657,,,,,,,,,,,,,,,,,,,,
28/07/2023,108.62,47.41,4582.23,0.7781,10.84,146.05,16469.75,1.1666,,,,,,,,,,,,,,,,,,,,
31/07/2023,110.39,47.66,4588.96,0.7791,10.87,145.3,16446.83,1.1671,,,,,,,,,,,,,,,,,,,,
01/08/2023,109.4,47.07,4576.73,0.7827,10.85,145,16240.4,1.1631,,,,,,,,,,,,,,,,,,,,
02/08/2023,107.51,46.31,4513.39,0.7867,10.695,143.6,16020.02,1.1621,,,,,,,,,,,,,,,,,,,,
03/08/2023,108.64,46.21,4501.89,0.7869,11.065,141.9,15893.38,1.1607,,,,,,,,,,,,,,,,,,,,
04/08/2023,108.81,45.71,4478.03,0.7844,10.65,141,15951.86,1.1581,,,,,,,,,,,,,,,,,,,,
07/08/2023,110.48,45.83,4518.44,0.7822,10.32,140.6,15950.76,1.1619,,,,,,,,,,,,,,,,,,,,
08/08/2023,109.69,45.16,4499.38,0.7844,10.015,138.65,15774.93,1.1635,,,,,,,,,,,,,,,,,,,,
09/08/2023,109.69,44.44,4467.71,0.7862,10,137.65,15852.58,1.1589,,,,,,,,,,,,,,,,,,,,
10/08/2023,109.03,44.34,4468.83,0.7889,10.015,137.8,15996.52,1.1543,,,,,,,,,,,,,,,,,,,,
11/08/2023,108.09,44.57,4464.05,0.7876,10.325,137.55,15832.17,1.1593,,,,,,,,,,,,,,,,,,,,
14/08/2023,107.64,44.1,4489.72,0.7885,10.15,136.2,15904.25,1.163,,,,,,,,,,,,,,,,,,,,
15/08/2023,106.55,43.21,4437.86,0.7871,10.06,135.8,15767.28,1.165,,,,,,,,,,,,,,,,,,,,
16/08/2023,106.53,42.64,4404.33,0.7855,10.09,134.05,15789.45,1.1702,,,,,,,,,,,,,,,,,,,,
17/08/2023,105.05,42.46,4370.36,0.7845,10.155,133.65,15676.9,1.1725,,,,,,,,,,,,,,,,,,,,
18/08/2023,104.81,42.25,4369.71,0.7853,10.01,133.55,15574.26,1.1712,,,,,,,,,,,,,,,,,,,,
21/08/2023,102.86,42.07,4399.77,0.7839,10.255,133.7,15603.28,1.1708,,,,,,,,,,,,,,,,,,,,
22/08/2023,101.46,41.02,4387.55,0.7854,10.185,135.15,15705.62,1.1739,,,,,,,,,,,,,,,,,,,,
23/08/2023,98.75,41.08,4436.01,0.7857,10.025,135.55,15728.41,1.1714,,,,,,,,,,,,,,,,,,,,
24/08/2023,97.63,41.08,4376.31,0.7935,9.964,133.55,15621.49,1.1657,,,,,,,,,,,,,,,,,,,,
25/08/2023,98.84,41.24,4405.71,0.795,9.952,132.7,15631.82,1.1655,,,,,,,,,,,,,,,,,,,,
28/08/2023,99.63,41.32,4433.31,0.7935,10.175,131.6,15792.61,1.1648,,,,,,,,,,,,,,,,,,,,
29/08/2023,101.77,41.72,4497.63,0.7909,10.34,131.75,15930.88,1.1621,,,,,,,,,,,,,,,,,,,,
30/08/2023,102.1,41.37,4514.87,0.7861,10.31,131.35,15891.93,1.1646,,,,,,,,,,,,,,,,,,,,
31/08/2023,101.71,41.29,4507.66,0.789,10.155,132.35,15947.08,1.1688,,,,,,,,,,,,,,,,,,,,
01/09/2023,102.36,41.59,4515.77,0.7943,10.125,125.5,15840.34,1.1683,,,,,,,,,,,,,,,,,,,,
04/09/2023,102.36,41.59,4515.77,0.7921,10.225,126.25,15824.85,1.1697,,,,,,,,,,,,,,,,,,,,
05/09/2023,100.32,41.36,4496.83,0.7959,9.614,125.25,15771.71,1.1718,,,,,,,,,,,,,,,,,,,,
06/09/2023,100.18,41.37,4465.48,0.7995,9.282,123.05,15741.37,1.166,,,,,,,,,,,,,,,,,,,,
07/09/2023,97.93,40.73,4451.14,0.8018,9.126,121.15,15718.66,1.166,,,,,,,,,,,,,,,,,,,,
08/09/2023,97.67,40.59,4457.49,0.802,9.284,120.75,15744.75,1.1651,,,,,,,,,,,,,,,,,,,,
11/09/2023,96.79,40.59,4487.46,0.7994,9.484,122.1,15800.99,1.1636,,,,,,,,,,,,,,,,,,,,
12/09/2023,96.3,41.68,4461.9,0.8006,9.64,126.15,15715.53,1.1616,,,,,,,,,,,,,,,,,,,,
13/09/2023,96.13,42.37,4467.44,0.8006,9.734,124.1,15654.03,1.1641,,,,,,,,,,,,,,,,,,,,
14/09/2023,97.19,43.14,4505.1,0.8059,9.902,124.65,15805.29,1.1659,,,,,,,,,,,,,,,,,,,,
15/09/2023,96.26,42.71,4450.32,0.8075,9.834,123.9,15893.53,1.1616,,,,,,,,,,,,,,,,,,,,
18/09/2023,95.51,42.64,4453.53,0.8075,9.74,122.4,15727.12,1.1583,,,,,,,,,,,,,,,,,,,,
19/09/2023,94.62,42.68,4443.95,0.8069,9.806,126.75,15664.48,1.1604,,,,,,,,,,,,,,,,,,,,
20/09/2023,94.04,42.3,4402.2,0.8101,9.888,129.3,15781.59,1.1579,,,,,,,,,,,,,,,,,,,,
21/09/2023,91.59,41.71,4330,0.8132,9.922,128.3,15571.86,1.1534,,,,,,,,,,,,,,,,,,,,
22/09/2023,90.85,40.92,4320.06,0.817,9.65,131.6,15557.29,1.1499,,,,,,,,,,,,,,,,,,,,
25/09/2023,90.6,41.02,4337.44,0.8189,9.63,129.7,15405.49,1.1528,,,,,,,,,,,,,,,,,,,,
26/09/2023,90.17,40.22,4273.53,0.8225,9.524,126.35,15255.87,1.1499,,,,,,,,,,,,,,,,,,,,
27/09/2023,89.42,40.46,4274.51,0.824,9.63,123.25,15217.45,1.1554,,,,,,,,,,,,,,,,,,,,
28/09/2023,89.63,41.2,4299.7,0.8194,9.878,124,15323.5,1.1548,,,,,,,,,,,,,,,,,,,,
29/09/2023,95.62,41.13,4288.05,0.8197,10.7,124.65,15386.58,1.1538,,,,,,,,,,,,,,,,,,,,
02/10/2023,94.56,40.5,4288.39,0.8273,10.495,123.1,15247.21,1.1535,,,,,,,,,,,,,,,,,,,,
03/10/2023,95.09,39.86,4229.45,0.828,10.225,121.2,15085.21,1.1537,,,,,,,,,,,,,,,,,,,,
04/10/2023,95.89,39.81,4263.75,0.824,10.225,121.4,15099.92,1.1552,,,,,,,,,,,,,,,,,,,,
05/10/2023,95.79,39.88,4258.19,0.8202,10.24,119.55,15070.22,1.1556,,,,,,,,,,,,,,,,,,,,
06/10/2023,97.11,40.57,4308.5,0.8172,10.375,121.25,15229.77,1.156,,,,,,,,,,,,,,,,,,,,
09/10/2023,96.88,40.74,4335.66,0.8171,10.245,120.45,15128.11,1.1581,,,,,,,,,,,,,,,,,,,,
10/10/2023,97.62,41.44,4358.24,0.8139,10.42,122.9,15423.52,1.1585,,,,,,,,,,,,,,,,,,,,
11/10/2023,98.65,41.53,4376.95,0.8121,10.365,125,15460.01,1.1595,,,,,,,,,,,,,,,,,,,,
12/10/2023,99.25,41.53,4349.61,0.8213,10.23,123.05,15425.03,1.1563,,,,,,,,,,,,,,,,,,,,
13/10/2023,99.91,41.43,4327.78,0.8235,10.015,121.05,15186.66,1.1556,,,,,,,,,,,,,,,,,,,,
16/10/2023,102.04,40.95,4373.63,0.8185,10.525,122.2,15237.99,1.1569,,,,,,,,,,,,,,,,,,,,
17/10/2023,103.01,41.2,4373.2,0.8208,10.425,121.7,15251.69,1.1518,,,,,,,,,,,,,,,,,,,,
18/10/2023,103.77,40.47,4314.6,0.8237,10.305,121.05,15094.91,1.1522,,,,,,,,,,,,,,,,,,,,
19/10/2023,103.05,40.06,4278,0.8235,10.185,117.05,15045.23,1.1475,,,,,,,,,,,,,,,,,,,,
20/10/2023,102.67,39.68,4224.16,0.8221,10.115,113.75,14798.47,1.1482,,,,,,,,,,,,,,,,,,,,
23/10/2023,102.81,38.89,4217.04,0.8164,10.11,113.4,14800.72,1.1481,,,,,,,,,,,,,,,,,,,,
24/10/2023,105.18,38.93,4247.68,0.8224,10.15,112.6,14879.94,1.1482,,,,,,,,,,,,,,,,,,,,
25/10/2023,103.54,38.61,4186.77,0.8257,10.015,110.45,14892.18,1.1462,,,,,,,,,,,,,,,,,,,,
26/10/2023,100.02,39.34,4137.23,0.8245,9.954,107.05,14731.05,1.1483,,,,,,,,,,,,,,,,,,,,
27/10/2023,97.98,38.24,4117.37,0.8249,10.01,105.9,14687.41,1.1474,,,,,,,,,,,,,,,,,,,,
30/10/2023,101.8,38.93,4166.82,0.8217,10.145,107,14716.54,1.1464,,,,,,,,,,,,,,,,,,,,
31/10/2023,102.77,39.49,4193.8,0.8228,10.175,109.2,14810.34,1.149,,,,,,,,,,,,,,,,,,,,
01/11/2023,100.88,39.6,4237.86,0.8229,10.365,111.6,14923.27,1.1496,,,,,,,,,,,,,,,,,,,,
02/11/2023,105.08,41.35,4317.78,0.8195,10.38,114.9,15143.6,1.1488,,,,,,,,,,,,,,,,,,,,
03/11/2023,107.06,42.26,4358.34,0.8077,10.365,117.1,15189.25,1.1539,,,,,,,,,,,,,,,,,,,,
06/11/2023,107.25,42.04,4365.98,0.8101,10.43,116.95,15135.97,1.1518,,,,,,,,,,,,,,,,,,,,
07/11/2023,109.36,41.96,4378.38,0.813,10.44,115.05,15152.64,1.1495,,,,,,,,,,,,,,,,,,,,
08/11/2023,109.39,41.82,4382.78,0.814,10.425,115.65,15229.6,1.1471,,,,,,,,,,,,,,,,,,,,
09/11/2023,107,41.5,4347.35,0.8181,10.445,115.05,15352.54,1.1457,,,,,,,,,,,,,,,,,,,,
10/11/2023,106.11,42.08,4415.24,0.8178,10.685,114.95,15234.39,1.1442,,,,,,,,,,,,,,,,,,,,
13/11/2023,104.2,42.7,4411.55,0.8144,10.955,116.3,15345,1.1478,,,,,,,,,,,,,,,,,,,,
14/11/2023,105.75,44.36,4495.7,0.8,10.805,119.35,15614.43,1.1489,,,,,,,,,,,,,,,,,,,,
15/11/2023,107.82,44.88,4502.88,0.8054,11.035,123.45,15748.17,1.1446,,,,,,,,,,,,,,,,,,,,
16/11/2023,107.61,44.67,4508.24,0.8055,11.01,120.5,15786.61,1.1439,,,,,,,,,,,,,,,,,,,,
17/11/2023,105.96,45.36,4514.02,0.8025,11.145,120.8,15919.16,1.1418,,,,,,,,,,,,,,,,,,,,
20/11/2023,106.32,45.26,4547.38,0.7997,11.245,120.6,15901.33,1.1431,,,,,,,,,,,,,,,,,,,,
21/11/2023,106.55,45.09,4538.19,0.7975,11.145,117.6,15900.53,1.1492,,,,,,,,,,,,,,,,,,,,
22/11/2023,107.92,45.02,4556.62,0.8004,11.01,117.15,15957.82,1.1474,,,,,,,,,,,,,,,,,,,,
23/11/2023,107.92,45.02,4556.62,0.7978,11.105,117.9,15994.73,1.1493,,,,,,,,,,,,,,,,,,,,
24/11/2023,107.64,45.23,4559.34,0.7935,11.105,118.95,16029.49,1.1525,,,,,,,,,,,,,,,,,,,,
27/11/2023,107.96,45.08,4550.43,0.7919,11.055,118,15966.37,1.1529,,,,,,,,,,,,,,,,,,,,
28/11/2023,108.75,44.86,4554.89,0.7878,11.15,117.45,15992.67,1.1547,,,,,,,,,,,,,,,,,,,,
29/11/2023,110.37,45.75,4550.58,0.7877,11.275,119.05,16166.45,1.1573,,,,,,,,,,,,,,,,,,,,
30/11/2023,110.27,46.1,4567.8,0.7922,11.23,118.8,16215.43,1.1594,,,,,,,,,,,,,,,,,,,,
01/12/2023,113.48,47.23,4594.63,0.7868,11.295,118.35,16397.52,1.168,,,,,,,,,,,,,,,,,,,,
04/12/2023,115.15,47.37,4569.78,0.7916,11.365,118.05,16404.76,1.1658,,,,,,,,,,,,,,,,,,,,
05/12/2023,115.41,46.7,4567.18,0.7939,11.35,119.15,16533.11,1.1665,,,,,,,,,,,,,,,,,,,,
06/12/2023,116.11,47.86,4549.34,0.7962,11.415,123.6,16656.44,1.1668,,,,,,,,,,,,,,,,,,,,
07/12/2023,114.81,48.5,4585.59,0.794,11.01,123.65,16628.99,1.1667,,,,,,,,,,,,,,,,,,,,
08/12/2023,115.91,48.89,4604.37,0.7969,11.015,124.8,16759.22,1.1657,,,,,,,,,,,,,,,,,,,,
11/12/2023,118.61,48.15,4622.44,0.7965,11.02,123.9,16794.43,1.1664,,,,,,,,,,,,,,,,,,,,
12/12/2023,119.64,48.06,4643.7,0.796,10.815,123.65,16791.74,1.1638,,,,,,,,,,,,,,,,,,,,
13/12/2023,121.17,49.34,4707.09,0.7925,10.94,123.95,16766.05,1.1602,,,,,,,,,,,,,,,,,,,,
14/12/2023,121.02,50.24,4719.55,0.7833,10.565,124.25,16752.23,1.1613,,,,,,,,,,,,,,,,,,,,
15/12/2023,121.55,49.83,4719.19,0.7886,10.425,124.1,16751.44,1.1637,,,,,,,,,,,,,,,,,,,,
18/12/2023,121.14,49.66,4740.56,0.7907,10.465,122.15,16650.55,1.1578,,,,,,,,,,,,,,,,,,,,
19/12/2023,122.64,50.93,4768.37,0.7854,10.55,122.95,16744.41,1.1595,,,,,,,,,,,,,,,,,,,,
20/12/2023,121.43,50.07,4698.35,0.7912,10.535,121.05,16733.05,1.155,,,,,,,,,,,,,,,,,,,,
21/12/2023,122.53,50.6,4746.75,0.788,10.68,119.5,16687.42,1.1525,,,,,,,,,,,,,,,,,,,,
22/12/2023,108.04,50.86,4754.63,0.7874,10.745,119.25,16706.18,1.1533,,,,,,,,,,,,,,,,,,,,
25/12/2023,108.04,50.86,4754.63,0.788,10.745,119.25,16706.18,1.1527,,,,,,,,,,,,,,,,,,,,
26/12/2023,108.02,51.34,4774.75,0.7859,10.745,119.25,16706.18,1.1523,,,,,,,,,,,,,,,,,,,,
27/12/2023,107.13,51.46,4781.58,0.7814,10.76,119.5,16742.07,1.1524,,,,,,,,,,,,,,,,,,,,
28/12/2023,108.82,51.52,4783.35,0.7854,10.7,116.75,16701.55,1.1511,,,,,,,,,,,,,,,,,,,,
29/12/2023,108.57,51.44,4769.83,0.7855,10.76,118.45,16751.64,1.1535,,,,,,,,,,,,,,,,,,,,
01/01/2024,108.57,51.44,4769.83,0.7857,10.76,118.45,16751.64,1.1523,,,,,,,,,,,,,,,,,,,,
02/01/2024,106.55,53.04,4742.83,0.7926,10.945,118.5,16769.36,1.1533,,,,,,,,,,,,,,,,,,,,
03/01/2024,104.04,53.64,4704.81,0.7896,11.005,115.15,16538.39,1.1596,,,,,,,,,,,,,,,,,,,,
04/01/2024,102.3,53.77,4688.68,0.7885,11.395,116.9,16617.29,1.1587,,,,,,,,,,,,,,,,,,,,
05/01/2024,102.08,54.33,4697.24,0.7862,11.71,119.35,16594.21,1.1624,,,,,,,,,,,,,,,,,,,,
08/01/2024,103.62,54.01,4763.54,0.7844,11.85,121.45,16716.47,1.1642,,,,,,,,,,,,,,,,,,,,
09/01/2024,102.74,53.48,4756.5,0.7868,11.765,122.15,16688.36,1.1627,,,,,,,,,,,,,,,,,,,,
10/01/2024,103.77,53.02,4783.45,0.7848,11.52,122.75,16689.81,1.1612,,,,,,,,,,,,,,,,,,,,
11/01/2024,105.9,52.08,4780.24,0.7837,11.37,123.45,16547.03,1.163,,,,,,,,,,,,,,,,,,,,
12/01/2024,105.06,52.62,4783.83,0.7841,11.525,120.1,16704.56,1.1644,,,,,,,,,,,,,,,,,,,,
15/01/2024,105.06,52.62,4783.83,0.7857,11.44,119.05,16622.22,1.1623,,,,,,,,,,,,,,,,,,,,
16/01/2024,101.72,51.87,4765.98,0.7913,10.91,118.75,16571.68,1.1619,,,,,,,,,,,,,,,,,,,,
17/01/2024,100.82,51.36,4739.21,0.7889,10.98,116.15,16431.69,1.1648,,,,,,,,,,,,,,,,,,,,
18/01/2024,100.94,51.11,4780.94,0.787,11.285,117.05,16567.35,1.1683,,,,,,,,,,,,,,,,,,,,
19/01/2024,101.78,51.52,4839.81,0.7872,11.15,116.25,16555.13,1.1657,,,,,,,,,,,,,,,,,,,,
22/01/2024,100.56,52.84,4850.43,0.7868,10.675,117.2,16683.36,1.1678,,,,,,,,,,,,,,,,,,,,
23/01/2024,101.9,53.3,4864.6,0.7882,10.61,125.5,16627.09,1.169,,,,,,,,,,,,,,,,,,,,
24/01/2024,100.76,53.26,4868.55,0.7858,10.77,127.1,16889.92,1.1691,,,,,,,,,,,,,,,,,,,,
25/01/2024,100.77,53.73,4894.16,0.7869,10.555,124.45,16906.92,1.1716,,,,,,,,,,,,,,,,,,,,
26/01/2024,102.75,53.67,4890.97,0.7872,10.7,127.05,16961.39,1.1703,,,,,,,,,,,,,,,,,,,,
29/01/2024,103.88,54.11,4927.93,0.7869,10.605,128,16941.71,1.1732,,,,,,,,,,,,,,,,,,,,
30/01/2024,104.18,57.09,4924.97,0.7874,10.7,127.65,16972.34,1.171,,,,,,,,,,,,,,,,,,,,
31/01/2024,101.53,56.17,4845.65,0.7881,10.63,130.45,16903.76,1.1728,,,,,,,,,,,,,,,,,,,,
01/02/2024,101.76,56.06,4906.19,0.7847,10.595,131,16859.04,1.1722,,,,,,,,,,,,,,,,,,,,
02/02/2024,100.71,55.54,4958.61,0.7917,10.705,131.7,16918.21,1.1709,,,,,,,,,,,,,,,,,,,,
05/02/2024,99.68,54.5,4942.81,0.7977,10.74,131.3,16904.06,1.1669,,,,,,,,,,,,,,,,,,,,
06/02/2024,102.61,54.35,4954.23,0.7938,10.75,130.8,17033.24,1.1714,,,,,,,,,,,,,,,,,,,,
07/02/2024,103.79,54.54,4995.06,0.792,10.365,131,16921.96,1.1722,,,,,,,,,,,,,,,,,,,,
08/02/2024,103.77,54.29,4997.91,0.7926,10.26,132.5,16963.83,1.1707,,,,,,,,,,,,,,,,,,,,
09/02/2024,104.5,53.99,5026.61,0.7919,10.435,133.65,16926.5,1.171,,,,,,,,,,,,,,,,,,,,
12/02/2024,107.18,53.92,5021.84,0.7919,10.575,136.15,17037.35,1.1723,,,,,,,,,,,,,,,,,,,,
13/02/2024,105,52.76,4953.17,0.7941,10.435,133.75,16880.83,1.176,,,,,,,,,,,,,,,,,,,,
14/02/2024,106.33,53.98,5000.62,0.7958,10.52,133.25,16945.48,1.1713,,,,,,,,,,,,,,,,,,,,
15/02/2024,106.05,55.21,5029.73,0.7937,11.04,135.1,17046.69,1.1696,,,,,,,,,,,,,,,,,,,,
16/02/2024,103.51,54.85,5005.57,0.7935,10.755,134.95,17117.44,1.1692,,,,,,,,,,,,,,,,,,,,
19/02/2024,103.51,54.85,5005.57,0.794,10.66,135.65,17092.26,1.1686,,,,,,,,,,,,,,,,,,,,
20/02/2024,103.3,55.42,4975.51,0.7922,10.615,133.8,17068.43,1.1679,,,,,,,,,,,,,,,,,,,,
21/02/2024,105.27,55.33,4981.8,0.7913,10.565,135.9,17118.12,1.1681,,,,,,,,,,,,,,,,,,,,
22/02/2024,105.08,55.9,5087.03,0.7899,10.71,139.25,17370.45,1.1698,,,,,,,,,,,,,,,,,,,,
23/02/2024,105.63,55.93,5088.8,0.7891,10.705,140.8,17419.33,1.1712,,,,,,,,,,,,,,,,,,,,
26/02/2024,104.54,55.36,5069.53,0.7883,10.705,140.25,17423.23,1.169,,,,,,,,,,,,,,,,,,,,
27/02/2024,105.15,55.71,5078.18,0.7883,10.85,143.55,17556.49,1.1698,,,,,,,,,,,,,,,,,,,,
28/02/2024,104.35,55.05,5069.76,0.7898,10.835,144.4,17601.22,1.1682,,,,,,,,,,,,,,,,,,,,
29/02/2024,103.93,55.49,5096.27,0.7921,10.745,144.55,17678.19,1.1683,,,,,,,,,,,,,,,,,,,,
01/03/2024,101.88,55.6,5137.08,0.7902,10.84,139.7,17735.07,1.1675,,,,,,,,,,,,,,,,,,,,
04/03/2024,99.54,56.14,5130.95,0.7879,10.7,142,17716.17,1.1692,,,,,,,,,,,,,,,,,,,,
05/03/2024,98.31,56.26,5078.65,0.7871,10.845,137.9,17698.4,1.1703,,,,,,,,,,,,,,,,,,,,
06/03/2024,97.63,57.29,5104.76,0.7855,10.7,135.75,17716.71,1.1681,,,,,,,,,,,,,,,,,,,,
07/03/2024,98.19,57.72,5157.36,0.7807,10.985,133.95,17842.85,1.1699,,,,,,,,,,,,,,,,,,,,
08/03/2024,99.16,57.51,5123.69,0.7778,11.07,133.45,17814.51,1.1753,,,,,,,,,,,,,,,,,,,,
11/03/2024,101.08,57.41,5117.94,0.7804,11.185,134.85,17746.27,1.1729,,,,,,,,,,,,,,,,,,,,
12/03/2024,100.18,57.45,5175.27,0.7817,11.49,138.75,17965.11,1.1708,,,,,,,,,,,,,,,,,,,,
13/03/2024,101.36,57.76,5165.31,0.7814,11.615,132.75,17961.38,1.169,,,,,,,,,,,,,,,,,,,,
14/03/2024,100.26,57.09,5150.48,0.7841,11.74,130.2,17942.04,1.1718,,,,,,,,,,,,,,,,,,,,
15/03/2024,99.64,57.61,5117.09,0.7852,11.91,132.5,17936.65,1.1697,,,,,,,,,,,,,,,,,,,,
18/03/2024,98.74,58.63,5149.42,0.7856,11.85,135.8,17932.68,1.1708,,,,,,,,,,,,,,,,,,,,
19/03/2024,99.96,58.86,5178.51,0.7861,12.29,137.5,17987.49,1.1708,,,,,,,,,,,,,,,,,,,,
20/03/2024,100.27,60.13,5224.62,0.7821,12.32,138,18015.13,1.1706,,,,,,,,,,,,,,,,,,,,
21/03/2024,100.82,61.33,5241.53,0.79,12.4,137,18179.25,1.1657,,,,,,,,,,,,,,,,,,,,
22/03/2024,93.86,60.82,5234.18,0.7936,12.48,137.25,18205.94,1.1655,,,,,,,,,,,,,,,,,,,,
25/03/2024,93.75,60.95,5218.19,0.7914,12.555,138.65,18261.31,1.166,,,,,,,,,,,,,,,,,,,,
26/03/2024,92.58,61.66,5203.58,0.7919,12.625,140.5,18384.35,1.1659,,,,,,,,,,,,,,,,,,,,
27/03/2024,94.13,62.75,5248.49,0.7911,12.725,140.7,18477.09,1.1675,,,,,,,,,,,,,,,,,,,,
28/03/2024,93.98,63.24,5254.35,0.7922,12.665,141.2,18492.49,1.1701,,,,,,,,,,,,,,,,,,,,
29/03/2024,93.98,63.24,5254.35,0.7922,12.665,141.2,18492.49,1.1697,,,,,,,,,,,,,,,,,,,,
01/04/2024,92.56,63.46,5243.77,0.7967,12.665,141.2,18492.49,1.1683,,,,,,,,,,,,,,,,,,,,
02/04/2024,90.95,62.84,5205.81,0.7951,12.72,144,18283.13,1.1679,,,,,,,,,,,,,,,,,,,,
03/04/2024,90.33,61.69,5211.49,0.7904,13.285,146.6,18367.72,1.1677,,,,,,,,,,,,,,,,,,,,
04/04/2024,89.07,60.91,5147.21,0.791,13.18,148.5,18403.13,1.1666,,,,,,,,,,,,,,,,,,,,
05/04/2024,88.84,61.6,5204.34,0.7913,13.24,148.4,18175.04,1.1661,,,,,,,,,,,,,,,,,,,,
08/04/2024,90,61.73,5202.39,0.7902,13.425,148.3,18318.97,1.1653,,,,,,,,,,,,,,,,,,,,
09/04/2024,91,61.66,5209.91,0.7888,13.325,147.6,18076.69,1.1678,,,,,,,,,,,,,,,,,,,,
10/04/2024,89,60.18,5160.64,0.7974,13.485,146.3,18097.3,1.1672,,,,,,,,,,,,,,,,,,,,
11/04/2024,92,60.71,5199.06,0.7966,13.05,146.5,17954.48,1.1703,,,,,,,,,,,,,,,,,,,,
12/04/2024,92,59.68,5123.41,0.8031,12.85,145.3,17930.32,1.1699,,,,,,,,,,,,,,,,,,,,
15/04/2024,93.1,58.56,5061.82,0.8035,12.86,143.4,18026.58,1.1714,,,,,,,,,,,,,,,,,,,,
16/04/2024,93.39,57.02,5051.41,0.8047,12.815,141.5,17766.23,1.1702,,,,,,,,,,,,,,,,,,,,
17/04/2024,94.84,58.17,5022.21,0.803,13.025,140.7,17770.02,1.1669,,,,,,,,,,,,,,,,,,,,
18/04/2024,95.74,58.32,5011.12,0.8041,13.325,140.9,17837.4,1.1685,,,,,,,,,,,,,,,,,,,,
19/04/2024,94.53,59.14,4967.23,0.8084,13.385,140.8,17737.36,1.1609,,,,,,,,,,,,,,,,,,,,
22/04/2024,94.19,60.95,5010.6,0.8097,13.585,140,17860.8,1.1592,,,,,,,,,,,,,,,,,,,,
23/04/2024,94.02,62.67,5070.55,0.8033,13.875,139.8,18137.65,1.1633,,,,,,,,,,,,,,,,,,,,
24/04/2024,94.64,62.47,5071.63,0.8023,13.895,139,18088.7,1.1649,,,,,,,,,,,,,,,,,,,,
25/04/2024,93.94,61.79,5048.42,0.7991,14.105,136.9,17917.28,1.1662,,,,,,,,,,,,,,,,,,,,
26/04/2024,94.12,62.66,5099.96,0.8005,14.13,138.6,18161.01,1.1682,,,,,,,,,,,,,,,,,,,,
29/04/2024,94.06,62.26,5116.17,0.796,13.78,140.2,18118.32,1.1718,,,,,,,,,,,,,,,,,,,,
30/04/2024,92.26,61.33,5035.69,0.8005,13.93,132.5,17932.17,1.1712,,,,,,,,,,,,,,,,,,,,
01/05/2024,90.34,61.35,5018.39,0.7983,13.93,132.5,17932.17,1.1693,,,,,,,,,,,,,,,,,,,,
02/05/2024,92.41,61.54,5064.2,0.7978,13.925,132.2,17896.5,1.1687,,,,,,,,,,,,,,,,,,,,
03/05/2024,92.15,61.52,5127.79,0.797,13.725,132.9,18001.6,1.1658,,,,,,,,,,,,,,,,,,,,
06/05/2024,93.36,62.81,5180.74,0.796,13.835,134.8,18175.21,1.1666,,,,,,,,,,,,,,,,,,,,
07/05/2024,93.78,62,5187.7,0.7994,14.16,135.8,18430.05,1.1631,,,,,,,,,,,,,,,,,,,,
08/05/2024,93.59,62.75,5187.67,0.8001,14.075,134,18498.38,1.1627,,,,,,,,,,,,,,,,,,,,
09/05/2024,93.39,63.32,5214.08,0.7985,13.995,135.6,18686.6,1.1615,,,,,,,,,,,,,,,,,,,,
10/05/2024,90.94,63.53,5222.68,0.7984,13.965,134.8,18772.85,1.1629,,,,,,,,,,,,,,,,,,,,
13/05/2024,92.72,63.4,5221.42,0.7962,13.9,138.1,18742.22,1.1639,,,,,,,,,,,,,,,,,,,,
14/05/2024,92.79,63.59,5246.68,0.7942,14.31,142,18716.42,1.1638,,,,,,,,,,,,,,,,,,,,
15/05/2024,91.67,64.24,5308.15,0.7883,15.005,141.2,18869.36,1.1655,,,,,,,,,,,,,,,,,,,,
16/05/2024,91.77,64.14,5297.1,0.7893,15.09,138.9,18738.81,1.1658,,,,,,,,,,,,,,,,,,,,
17/05/2024,92.18,64.07,5303.27,0.7873,15.475,140.2,18704.42,1.1686,,,,,,,,,,,,,,,,,,,,
20/05/2024,91.77,63.16,5308.13,0.787,15.56,138.1,18768.96,1.1703,,,,,,,,,,,,,,,,,,,,
21/05/2024,92.82,64.74,5321.41,0.7868,15.59,139,18726.76,1.171,,,,,,,,,,,,,,,,,,,,
22/05/2024,92.5,63.82,5307.01,0.7864,15.56,137.1,18680.2,1.175,,,,,,,,,,,,,,,,,,,,
23/05/2024,91.4,63.02,5267.84,0.7875,15.435,137.8,18691.32,1.1741,,,,,,,,,,,,,,,,,,,,
24/05/2024,91.75,63.58,5304.72,0.7851,15.61,139,18693.37,1.1743,,,,,,,,,,,,,,,,,,,,
27/05/2024,91.75,63.58,5304.72,0.7831,15.555,141.5,18774.71,1.1759,,,,,,,,,,,,,,,,,,,,
28/05/2024,92,62.45,5306.04,0.7836,15.685,142.6,18677.87,1.1754,,,,,,,,,,,,,,,,,,,,
29/05/2024,91.67,62.01,5266.95,0.7874,15.37,138.3,18473.29,1.1758,,,,,,,,,,,,,,,,,,,,
30/05/2024,93.45,61.93,5235.48,0.7854,15.705,131,18496.79,1.1755,,,,,,,,,,,,,,,,,,,,
31/05/2024,95.05,62.31,5277.51,0.7848,15.545,131.5,18497.94,1.1744,,,,,,,,,,,,,,,,,,,,
03/06/2024,94.4,61.92,5283.4,0.7808,15.355,130,18608.16,1.1745,,,,,,,,,,,,,,,,,,,,
04/06/2024,94.74,61.03,5291.34,0.7831,14.895,128.8,18405.64,1.1738,,,,,,,,,,,,,,,,,,,,
05/06/2024,94.32,61.77,5354.03,0.7821,14.79,128.2,18575.94,1.1764,,,,,,,,,,,,,,,,,,,,
06/06/2024,95.72,61.94,5352.96,0.7818,15.215,125.5,18652.67,1.1747,,,,,,,,,,,,,,,,,,,,
07/06/2024,96.55,61.78,5346.99,0.7862,15.505,124.6,18557.27,1.1775,,,,,,,,,,,,,,,,,,,,
10/06/2024,96,61.43,5360.79,0.7855,15.295,122.8,18494.89,1.1826,,,,,,,,,,,,,,,,,,,,
11/06/2024,95.87,59.14,5375.32,0.7849,14.835,120.8,18369.94,1.1863,,,,,,,,,,,,,,,,,,,,
12/06/2024,93.68,60.01,5421.03,0.7813,14.73,119.5,18630.86,1.184,,,,,,,,,,,,,,,,,,,,
13/06/2024,94.18,60.23,5433.74,0.7836,14.395,115.2,18265.68,1.1885,,,,,,,,,,,,,,,,,,,,
14/06/2024,93.39,59.33,5431.6,0.7882,13.69,112.9,18002.02,1.1852,,,,,,,,,,,,,,,,,,,,
17/06/2024,95,60.06,5473.23,0.7871,13.91,113.9,18068.21,1.1834,,,,,,,,,,,,,,,,,,,,
18/06/2024,94.78,60.78,5487.03,0.7869,14.075,114,18131.97,1.1833,,,,,,,,,,,,,,,,,,,,
19/06/2024,94.78,60.78,5487.03,0.7862,14.13,113.1,18067.91,1.184,,,,,,,,,,,,,,,,,,,,
20/06/2024,95.57,60.62,5473.17,0.7901,14.205,113.8,18254.18,1.1827,,,,,,,,,,,,,,,,,,,,
21/06/2024,97.18,59.99,5464.62,0.7909,14.01,112.7,18163.52,1.1825,,,,,,,,,,,,,,,,,,,,
24/06/2024,97.17,61.34,5447.87,0.7883,14.11,113.6,18325.58,1.1818,,,,,,,,,,,,,,,,,,,,
25/06/2024,94.75,61.58,5469.3,0.7883,14.16,114.5,18177.62,1.184,,,,,,,,,,,,,,,,,,,,
26/06/2024,94.06,61.25,5477.9,0.7923,14.14,112.9,18155.24,1.1817,,,,,,,,,,,,,,,,,,,,
27/06/2024,94.19,61.55,5482.87,0.7912,14.125,111.8,18210.55,1.1808,,,,,,,,,,,,,,,,,,,,
28/06/2024,75.37,63.46,5460.48,0.7908,14.125,111.9,18235.45,1.1801,,,,,,,,,,,,,,,,,,,,
01/07/2024,76.83,63.43,5475.09,0.7905,14.605,112,18290.66,1.1778,,,,,,,,,,,,,,,,,,,,
02/07/2024,76.04,64.68,5509.01,0.7883,14.545,111.5,18164.06,1.1805,,,,,,,,,,,,,,,,,,,,
03/07/2024,75.24,64.46,5537.02,0.7848,14.595,112.8,18374.53,1.1811,,,,,,,,,,,,,,,,,,,,
04/07/2024,75.24,64.46,5537.02,0.7837,14.65,112.8,18450.48,1.1801,,,,,,,,,,,,,,,,,,,,
05/07/2024,75.43,64.03,5567.19,0.7803,14.655,112.3,18475.45,1.1821,,,,,,,,,,,,,,,,,,,,
08/07/2024,73.05,64.74,5572.85,0.7809,14.715,112.6,18472.05,1.1831,,,,,,,,,,,,,,,,,,,,
09/07/2024,72.46,66.55,5576.98,0.7821,14.575,110.6,18236.19,1.1824,,,,,,,,,,,,,,,,,,,,
10/07/2024,72.54,66.98,5633.91,0.7783,14.635,113.6,18407.22,1.1864,,,,,,,,,,,,,,,,,,,,
11/07/2024,73.39,65.71,5584.54,0.7743,14.52,113.4,18534.56,1.1883,,,,,,,,,,,,,,,,,,,,
12/07/2024,73.42,64.52,5615.35,0.7699,14.515,115.1,18748.18,1.1909,,,,,,,,,,,,,,,,,,,,
15/07/2024,71.31,65.14,5631.22,0.7712,14.385,114,18590.89,1.1902,,,,,,,,,,,,,,,,,,,,
16/07/2024,72.81,67.27,5667.2,0.7708,14.875,113.5,18518.03,1.1903,,,,,,,,,,,,,,,,,,,,
17/07/2024,73.07,67.61,5588.27,0.7687,14.9,111.9,18437.3,1.1892,,,,,,,,,,,,,,,,,,,,
18/07/2024,72.38,64.89,5544.59,0.7726,15.27,113.3,18354.76,1.1879,,,,,,,,,,,,,,,,,,,,
19/07/2024,72.7,65.14,5505,0.7744,15.21,110.8,18171.93,1.1868,,,,,,,,,,,,,,,,,,,,
22/07/2024,74.86,64.5,5564.41,0.7732,15.535,112.6,18407.07,1.1874,,,,,,,,,,,,,,,,,,,,
23/07/2024,73.4,64.66,5555.74,0.7747,15.505,110.4,18557.7,1.1892,,,,,,,,,,,,,,,,,,,,
24/07/2024,71.09,63.66,5427.13,0.7748,15.265,110,18387.46,1.1907,,,,,,,,,,,,,,,,,,,,
25/07/2024,71.41,64.37,5399.22,0.7782,15.255,109.7,18298.72,1.1849,,,,,,,,,,,,,,,,,,,,
26/07/2024,72.56,65.18,5459.1,0.7772,15.055,110.4,18417.55,1.1854,,,,,,,,,,,,,,,,,,,,
29/07/2024,73.55,64.3,5463.54,0.7775,14.885,110.4,18320.67,1.1886,,,,,,,,,,,,,,,,,,,,
30/07/2024,74.32,65.87,5436.44,0.7791,15.06,109.5,18411.18,1.1868,,,,,,,,,,,,,,,,,,,,
31/07/2024,74.86,64.88,5522.3,0.7779,15.04,109.2,18508.65,1.1875,,,,,,,,,,,,,,,,,,,,
01/08/2024,73.85,63.28,5446.68,0.785,14.205,105.5,18083.05,1.1805,,,,,,,,,,,,,,,,,,,,
02/08/2024,74.01,58.76,5346.56,0.7812,13.625,103.7,17661.22,1.1735,,,,,,,,,,,,,,,,,,,,
05/08/2024,71.42,56.21,5186.33,0.7827,13.23,101.1,17339,1.1667,,,,,,,,,,,,,,,,,,,,
06/08/2024,72.5,56.56,5240.03,0.7879,13.205,100.2,17354.32,1.161,,,,,,,,,,,,,,,,,,,,
07/08/2024,72.62,56.11,5199.5,0.7879,12.6,101.7,17615.15,1.162,,,,,,,,,,,,,,,,,,,,
08/08/2024,74.19,58,5319.31,0.7844,12.3,101.9,17680.4,1.1676,,,,,,,,,,,,,,,,,,,,
09/08/2024,74.34,57.84,5344.16,0.7836,12.32,101.4,17722.88,1.1687,,,,,,,,,,,,,,,,,,,,
12/08/2024,74.64,57.84,5344.39,0.7831,12.38,100,17726.47,1.168,,,,,,,,,,,,,,,,,,,,
13/08/2024,78.5,58.15,5434.43,0.7775,12.31,99.1,17812.05,1.17,,,,,,,,,,,,,,,,,,,,
14/08/2024,78.52,59.28,5455.21,0.7795,12.27,98.85,17885.6,1.165,,,,,,,,,,,,,,,,,,,,
15/08/2024,82.5,60.52,5543.22,0.7779,12.685,100.8,18183.24,1.1715,,,,,,,,,,,,,,,,,,,,
16/08/2024,83.23,61.4,5554.25,0.7726,12.72,101.2,18322.4,1.1739,,,,,,,,,,,,,,,,,,,,
19/08/2024,83.28,62.03,5608.25,0.7698,12.78,103.8,18421.69,1.1719,,,,,,,,,,,,,,,,,,,,
20/08/2024,83.56,61.31,5597.12,0.7672,12.585,102.7,18357.52,1.1711,,,,,,,,,,,,,,,,,,,,
21/08/2024,84,60.53,5620.85,0.7639,12.73,105.2,18448.95,1.174,,,,,,,,,,,,,,,,,,,,
22/08/2024,83.41,60.42,5570.64,0.7639,12.925,103.7,18493.39,1.178,,,,,,,,,,,,,,,,,,,,
23/08/2024,84.05,62.14,5634.61,0.7568,13.05,105.1,18633.1,1.1809,,,,,,,,,,,,,,,,,,,,
26/08/2024,84.28,61.79,5616.84,0.7583,13.04,104.8,18617.02,1.1816,,,,,,,,,,,,,,,,,,,,
27/08/2024,85.29,61.68,5625.8,0.7541,13.19,104.5,18681.81,1.1856,,,,,,,,,,,,,,,,,,,,
28/08/2024,82.79,61.58,5592.18,0.7581,13.245,102.6,18782.29,1.1862,,,,,,,,,,,,,,,,,,,,
29/08/2024,83.26,61.88,5591.96,0.7594,13.235,103,18912.57,1.1887,,,,,,,,,,,,,,,,,,,,
30/08/2024,83.32,62.64,5648.4,0.7618,13.375,101.5,18906.92,1.1882,,,,,,,,,,,,,,,,,,,,
02/09/2024,83.32,62.64,5648.4,0.7607,13.395,102.2,18930.85,1.1875,,,,,,,,,,,,,,,,,,,,
03/09/2024,81.32,61.46,5528.93,0.7626,12.795,101.6,18747.11,1.1875,,,,,,,,,,,,,,,,,,,,
04/09/2024,81.02,60.96,5520.07,0.7606,12.71,100.1,18591.85,1.1864,,,,,,,,,,,,,,,,,,,,
05/09/2024,80.83,60.63,5503.41,0.7587,12.865,100.8,18576.5,1.1862,,,,,,,,,,,,,,,,,,,,
06/09/2024,80.63,59.09,5408.42,0.7617,12.65,96.15,18301.9,1.1845,,,,,,,,,,,,,,,,,,,,
09/09/2024,79.49,59.54,5471.05,0.7649,12.915,96.15,18443.56,1.1847,,,,,,,,,,,,,,,,,,,,
10/09/2024,78.09,57.95,5495.52,0.7645,12.425,93.45,18265.92,1.187,,,,,,,,,,,,,,,,,,,,
11/09/2024,78.4,57.3,5554.13,0.7667,14.37,95.35,18330.27,1.1844,,,,,,,,,,,,,,,,,,,,
12/09/2024,78.4,57.33,5595.76,0.7619,15.005,96.55,18518.39,1.1851,,,,,,,,,,,,,,,,,,,,
13/09/2024,79.01,57.67,5626.02,0.762,15.59,98.4,18699.4,1.185,,,,,,,,,,,,,,,,,,,,
16/09/2024,79.8,58.39,5633.09,0.7566,15.66,97.9,18633.11,1.1871,,,,,,,,,,,,,,,,,,,,
17/09/2024,80.64,59.29,5634.58,0.7598,15.475,98.15,18726.08,1.1842,,,,,,,,,,,,,,,,,,,,
18/09/2024,80.9,59.9,5618.26,0.7568,15.77,98.3,18711.49,1.1884,,,,,,,,,,,,,,,,,,,,
19/09/2024,80.98,63.02,5713.64,0.7528,15.585,98.1,19002.38,1.1901,,,,,,,,,,,,,,,,,,,,
20/09/2024,86.52,62.14,5702.55,0.7507,15.29,96.1,18720.01,1.1934,,,,,,,,,,,,,,,,,,,,
23/09/2024,86.2,62.58,5718.57,0.7492,14.83,97.55,18846.79,1.2014,,,,,,,,,,,,,,,,,,,,
24/09/2024,87.46,61.37,5732.93,0.7455,15.06,99.6,18996.63,1.1998,,,,,,,,,,,,,,,,,,,,
25/09/2024,88,60.38,5722.26,0.7505,15.255,98.7,18918.5,1.1968,,,,,,,,,,,,,,,,,,,,
26/09/2024,89.39,61.71,5745.37,0.7454,16.425,101.5,19238.36,1.2003,,,,,,,,,,,,,,,,,,,,
27/09/2024,89.44,61.87,5738.17,0.7477,16.37,100.7,19473.63,1.1981,,,,,,,,,,,,,,,,,,,,
30/09/2024,88.4,62.6,5762.48,0.7477,16.51,100,19324.93,1.2012,,,,,,,,,,,,,,,,,,,,
01/10/2024,89.13,61.81,5708.75,0.7527,16.2,98.25,19213.14,1.2004,,,,,,,,,,,,,,,,,,,,
02/10/2024,83.1,62.03,5709.54,0.7537,15.99,97.55,19164.75,1.2013,,,,,,,,,,,,,,,,,,,,
03/10/2024,82.1,61.31,5699.94,0.7619,16.07,96.2,19015.41,1.1898,,,,,,,,,,,,,,,,,,,,
04/10/2024,82.25,62.64,5751.07,0.7621,16.515,98.8,19120.93,1.1957,,,,,,,,,,,,,,,,,,,,
07/10/2024,80.83,62.6,5695.94,0.7643,16.71,98.25,19104.1,1.1921,,,,,,,,,,,,,,,,,,,,
08/10/2024,80.77,63.24,5751.13,0.7631,16.715,97.15,19066.47,1.1935,,,,,,,,,,,,,,,,,,,,
09/10/2024,82.45,64.12,5792.04,0.7651,16.745,98.15,19254.93,1.1949,,,,,,,,,,,,,,,,,,,,
10/10/2024,82.1,63.48,5780.05,0.7658,16.64,97.5,19210.9,1.1942,,,,,,,,,,,,,,,,,,,,
11/10/2024,82.15,65.74,5815.03,0.7653,16.625,96.65,19373.83,1.1947,,,,,,,,,,,,,,,,,,,,
14/10/2024,81.6,66.01,5859.85,0.7657,16.61,96.25,19508.29,1.1972,,,,,,,,,,,,,,,,,,,,
15/10/2024,82.12,62.64,5815.26,0.7649,16.505,95.05,19486.19,1.2003,,,,,,,,,,,,,,,,,,,,
16/10/2024,83.94,64.25,5842.47,0.7698,16.585,95.35,19432.81,1.1959,,,,,,,,,,,,,,,,,,,,
17/10/2024,83.4,63.97,5841.47,0.7686,16.77,94.35,19583.39,1.2013,,,,,,,,,,,,,,,,,,,,
18/10/2024,82.92,62.85,5864.67,0.7662,16.63,95.7,19657.37,1.2009,,,,,,,,,,,,,,,,,,,,
21/10/2024,81.48,61.83,5853.98,0.7701,16.315,94.85,19461.19,1.2006,,,,,,,,,,,,,,,,,,,,
22/10/2024,81.42,63.56,5851.2,0.7702,16.37,95.6,19421.91,1.2023,,,,,,,,,,,,,,,,,,,,
23/10/2024,80.05,63.1,5797.42,0.7739,16.275,95.3,19377.62,1.1984,,,,,,,,,,,,,,,,,,,,
24/10/2024,79.04,63,5809.86,0.7707,16.2,97.25,19443,1.1984,,,,,,,,,,,,,,,,,,,,
25/10/2024,78.85,61.76,5808.12,0.7715,16.105,96.4,19463.59,1.2008,,,,,,,,,,,,,,,,,,,,
28/10/2024,78.91,64.16,5823.52,0.7709,16.195,95.65,19531.62,1.1997,,,,,,,,,,,,,,,,,,,,
29/10/2024,78.4,64.69,5832.92,0.7683,16.155,92.65,19478.07,1.203,,,,,,,,,,,,,,,,,,,,
30/10/2024,76.45,64.5,5813.67,0.7715,16.27,93.9,19257.34,1.194,,,,,,,,,,,,,,,,,,,,
31/10/2024,77.13,64.17,5705.45,0.7752,16.29,91.2,19077.54,1.1852,,,,,,,,,,,,,,,,,,,,
01/11/2024,78.06,63.71,5728.8,0.7738,16.335,91.2,19254.97,1.1933,,,,,,,,,,,,,,,,,,,,
04/11/2024,77.19,62.35,5712.69,0.7718,16.355,90.6,19147.85,1.1911,,,,,,,,,,,,,,,,,,,,
05/11/2024,77.98,63.67,5782.76,0.7667,16.595,90.3,19256.27,1.1933,,,,,,,,,,,,,,,,,,,,
06/11/2024,75.32,69.03,5929.04,0.7764,15.99,86.9,19039.31,1.2004,,,,,,,,,,,,,,,,,,,,
07/11/2024,75.92,68.11,5973.1,0.77,16.055,89.9,19362.52,1.2022,,,,,,,,,,,,,,,,,,,,
08/11/2024,75.88,68.63,5995.54,0.774,15.85,87.4,19215.48,1.2055,,,,,,,,,,,,,,,,,,,,
11/11/2024,76.6,69.8,6001.35,0.7771,16.115,87.75,19448.6,1.2076,,,,,,,,,,,,,,,,,,,,
12/11/2024,76.66,69.02,5983.99,0.7844,15.745,86.3,19033.64,1.2,,,,,,,,,,,,,,,,,,,,
13/11/2024,76.52,68.89,5985.38,0.7869,15.61,85.45,19003.11,1.203,,,,,,,,,,,,,,,,,,,,
14/11/2024,75.68,68.15,5949.17,0.7895,15.78,86.1,19263.7,1.203,,,,,,,,,,,,,,,,,,,,
15/11/2024,76.66,68.76,5870.62,0.7925,15.905,87.1,19210.81,1.1974,,,,,,,,,,,,,,,,,,,,
18/11/2024,74.89,69,5893.62,0.7887,16.25,86.2,19189.19,1.1962,,,,,,,,,,,,,,,,,,,,
19/11/2024,73.91,68.6,5916.98,0.7885,16.015,85.15,19060.31,1.1969,,,,,,,,,,,,,,,,,,,,
20/11/2024,73.36,68.28,5917.11,0.7904,15.78,84.7,19004.78,1.2001,,,,,,,,,,,,,,,,,,,,
21/11/2024,75.1,68.95,5948.71,0.7943,15.625,83.4,19146.17,1.2019,,,,,,,,,,,,,,,,,,,,
22/11/2024,77.4,69.84,5969.34,0.7981,15.325,84.2,19322.59,1.2032,,,,,,,,,,,,,,,,,,,,
25/11/2024,79.26,70.75,5987.37,0.7957,14.5,85,19405.2,1.1974,,,,,,,,,,,,,,,,,,,,
26/11/2024,77.61,69.75,6021.63,0.7956,14.405,82.55,19295.98,1.1983,,,,,,,,,,,,,,,,,,,,
27/11/2024,78.34,70.16,5998.74,0.7887,14.23,82.05,19261.75,1.2,,,,,,,,,,,,,,,,,,,,
28/11/2024,78.34,70.16,5998.74,0.7882,14.46,82.9,19425.73,1.202,,,,,,,,,,,,,,,,,,,,
29/11/2024,78.77,70.87,6032.38,0.7853,14.495,83.15,19626.45,1.2038,,,,,,,,,,,,,,,,,,,,
02/12/2024,79.09,71.39,6047.15,0.7902,14.55,82.75,19933.62,1.2054,,,,,,,,,,,,,,,,,,,,
03/12/2024,78.86,71.42,6049.88,0.7891,14.615,82.65,20016.75,1.2059,,,,,,,,,,,,,,,,,,,,
04/12/2024,78.37,71.5,6086.49,0.7873,14.81,84.85,20232.14,1.2083,,,,,,,,,,,,,,,,,,,,
05/12/2024,78.58,72.23,6075.11,0.7837,15.155,84.65,20358.8,1.2053,,,,,,,,,,,,,,,,,,,,
06/12/2024,78.89,72.15,6090.27,0.7847,15.015,85.95,20384.61,1.206,,,,,,,,,,,,,,,,,,,,
09/12/2024,77.64,71.86,6052.85,0.7843,14.855,87.05,20345.96,1.2081,,,,,,,,,,,,,,,,,,,,
10/12/2024,76.74,72.5,6034.91,0.783,15.155,88.45,20329.16,1.2132,,,,,,,,,,,,,,,,,,,,
11/12/2024,78.85,71.96,6084.19,0.7842,15.1,88.8,20399.16,1.2147,,,,,,,,,,,,,,,,,,,,
12/12/2024,77.96,71.43,6051.25,0.7891,15.155,89.45,20426.27,1.2107,,,,,,,,,,,,,,,,,,,,
13/12/2024,77.25,71.01,6051.09,0.7925,15.08,89.75,20405.92,1.2018,,,,,,,,,,,,,,,,,,,,
16/12/2024,77.2,71.49,6074.08,0.7885,15.405,88.8,20313.81,1.2066,,,,,,,,,,,,,,,,,,,,
17/12/2024,78,71.12,6050.61,0.7868,15.305,88.55,20246.37,1.2116,,,,,,,,,,,,,,,,,,,,
18/12/2024,76.9,68.12,5872.16,0.7953,15.38,88.75,20242.57,1.2146,,,,,,,,,,,,,,,,,,,,
19/12/2024,77.1,68.42,5867.08,0.7999,15.505,88.7,19969.86,1.2064,,,,,,,,,,,,,,,,,,,,
20/12/2024,76.94,69.19,5930.85,0.7955,15.255,90.65,19884.75,1.2049,,,,,,,,,,,,,,,,,,,,
23/12/2024,76.76,69.77,5974.07,0.7977,15.27,89,19848.77,1.2047,,,,,,,,,,,,,,,,,,,,
24/12/2024,76.79,71,6040.04,0.7975,15.27,89,19848.77,1.2067,,,,,,,,,,,,,,,,,,,,
25/12/2024,76.79,71,6040.04,0.7961,15.27,89,19848.77,1.2067,,,,,,,,,,,,,,,,,,,,
26/12/2024,76.94,71.35,6037.59,0.7984,15.27,89,19848.77,1.2019,,,,,,,,,,,,,,,,,,,,
27/12/2024,76.42,71,5970.84,0.7951,15.47,90.9,19984.32,1.2064,,,,,,,,,,,,,,,,,,,,
30/12/2024,74.65,70.39,5906.94,0.7968,15.725,92.15,19909.14,1.2061,,,,,,,,,,,,,,,,,,,,
31/12/2024,75.67,70.39,5881.63,0.799,15.725,92.15,19909.14,1.2085,,,,,,,,,,,,,,,,,,,,
01/01/2025,75.67,70.39,5881.63,0.7989,15.725,92.15,19909.14,1.2089,,,,,,,,,,,,,,,,,,,,
02/01/2025,73.67,69.94,5868.55,0.8078,15.495,89,20024.66,1.2058,,,,,,,,,,,,,,,,,,,,
03/01/2025,73.31,71,5942.47,0.8049,15.655,88.05,19906.08,1.2054,,,,,,,,,,,,,,,,,,,,
06/01/2025,72,72.74,5975.38,0.7987,15.94,90.9,20216.19,1.205,,,,,,,,,,,,,,,,,,,,
07/01/2025,72.09,73.68,5909.03,0.8015,16.145,91,20340.57,1.2066,,,,,,,,,,,,,,,,,,,,
08/01/2025,71.29,73.26,5918.25,0.8089,16.285,90.95,20329.94,1.1983,,,,,,,,,,,,,,,,,,,,
09/01/2025,71.29,73.26,5918.25,0.8125,16.775,91.35,20317.1,1.1951,,,,,,,,,,,,,,,,,,,,
10/01/2025,71.2,71.4,5827.04,0.8192,16.77,92.65,20214.79,1.1916,,,,,,,,,,,,,,,,,,,,
13/01/2025,72.08,72.77,5836.22,0.8195,16.74,92.8,20132.85,1.1913,,,,,,,,,,,,,,,,,,,,
14/01/2025,71.17,73.5,5842.91,0.8186,17.105,93.5,20271.33,1.1851,,,,,,,,,,,,,,,,,,,,
15/01/2025,71.07,78.27,5949.91,0.8169,17.005,95.05,20574.68,1.1896,,,,,,,,,,,,,,,,,,,,
16/01/2025,71.11,78.51,5937.34,0.8171,17.105,94.65,20655.39,1.188,,,,,,,,,,,,,,,,,,,,
17/01/2025,70.84,79.99,5996.66,0.8218,17.52,95.3,20903.39,1.1849,,,,,,,,,,,,,,,,,,,,
20/01/2025,70.84,79.99,5996.66,0.8112,18.09,96.75,20990.31,1.1834,,,,,,,,,,,,,,,,,,,,
21/01/2025,73.17,81.67,6049.24,0.8097,17.96,96.5,21042,1.1848,,,,,,,,,,,,,,,,,,,,
22/01/2025,74.04,81.69,6086.37,0.812,17.715,95.9,21254.27,1.183,,,,,,,,,,,,,,,,,,,,
23/01/2025,74.29,81.98,6118.71,0.8095,18.14,98.4,21411.53,1.186,,,,,,,,,,,,,,,,,,,,
24/01/2025,73.57,81.48,6101.24,0.8011,18.065,99.55,21394.93,1.1894,,,,,,,,,,,,,,,,,,,,
27/01/2025,75.58,81.07,6012.28,0.8001,18.195,101.6,21282.18,1.1913,,,,,,,,,,,,,,,,,,,,
28/01/2025,74.39,79.94,6067.7,0.8037,18.315,101.6,21430.58,1.1929,,,,,,,,,,,,,,,,,,,,
29/01/2025,76.58,80.63,6039.31,0.8031,18.465,100.3,21637.53,1.1948,,,,,,,,,,,,,,,,,,,,
30/01/2025,78.33,81.86,6071.17,0.8052,18.385,100.4,21727.2,1.195,,,,,,,,,,,,,,,,,,,,
31/01/2025,76.9,81.43,6040.53,0.8067,18.675,100.6,21732.05,1.196,,,,,,,,,,,,,,,,,,,,
03/02/2025,76.59,79.61,5994.57,0.8032,18.415,96.55,21428.24,1.2035,,,,,,,,,,,,,,,,,,,,
04/02/2025,76.72,78.48,6037.88,0.8013,18.38,96.95,21505.7,1.2026,,,,,,,,,,,,,,,,,,,,
05/02/2025,74.57,79.46,6061.48,0.7996,18.64,96.2,21585.93,1.2021,,,,,,,,,,,,,,,,,,,,
06/02/2025,71.74,82.33,6083.57,0.8042,18.945,97.35,21902.42,1.1975,,,,,,,,,,,,,,,,,,,,
07/02/2025,68.68,81.72,6025.99,0.8063,18.855,96.75,21787,1.201,,,,,,,,,,,,,,,,,,,,
10/02/2025,70.94,80.73,6066.44,0.8086,18.725,97.35,21911.74,1.1999,,,,,,,,,,,,,,,,,,,,
11/02/2025,71.34,81.11,6068.5,0.8035,18.925,96.3,22037.83,1.2012,,,,,,,,,,,,,,,,,,,,
12/02/2025,72.26,81.27,6051.97,0.8035,19.175,97.2,22148.03,1.1985,,,,,,,,,,,,,,,,,,,,
13/02/2025,73.21,82.1,6115.07,0.7958,19.305,100.3,22612.02,1.2009,,,,,,,,,,,,,,,,,,,,
14/02/2025,73.04,84.61,6114.63,0.7945,19.57,103.2,22513.42,1.1996,,,,,,,,,,,,,,,,,,,,
17/02/2025,73.04,84.61,6114.63,0.7921,19.5,104.3,22798.09,1.2043,,,,,,,,,,,,,,,,,,,,
18/02/2025,77.59,84.63,6129.58,0.7928,19.85,104.4,22844.5,1.2075,,,,,,,,,,,,,,,,,,,,
19/02/2025,76.78,83.94,6144.15,0.7945,19.54,101,22433.63,1.2074,,,,,,,,,,,,,,,,,,,,
20/02/2025,77.23,81.34,6117.52,0.7893,19.625,101.4,22314.65,1.2064,,,,,,,,,,,,,,,,,,,,
21/02/2025,76.5,79.65,6013.13,0.7917,19.405,100.9,22287.56,1.2082,,,,,,,,,,,,,,,,,,,,
24/02/2025,80.28,78.54,5983.25,0.7921,20,103.8,22425.93,1.2062,,,,,,,,,,,,,,,,,,,,
25/02/2025,81.72,78.14,5955.25,0.7895,20.44,108.5,22410.27,1.2047,,,,,,,,,,,,,,,,,,,,
26/02/2025,81.17,79.07,5956.06,0.7889,20.46,106.7,22794.11,1.2089,,,,,,,,,,,,,,,,,,,,
,,,,,,,,,,,,,,,,,,,,,,,,,,,,
,,,,,,,,,,,,,,,,,,,,,,,,,,,,
,,,,,,,,,,,,,,,,,,,,,,,,,,,,
,,,,,,,,,,,,,,,,,,,,,,,,,,,,
,,,,,,,,,,,,,,,,,,,,,,,,,,,,
,,,,,,,,,,,,,,,,,,,,,,,,,,,,
,,,,,,,,,,,,,,,,,,,,,,,,,,,,
,,,,,,,,,,,,,,,,,,,,,,,,,,,,
,,,,,,,,,,,,,,,,,,,,,,,,,,,,
,,,,,,,,,,,,,,,,,,,,,,,,,,,,
,,,,,,,,,,,,,,,,,,,,,,,,,,,,
,,,,,,,,,,,,,,,,,,,,,,,,,,,,
,,,,,,,,,,,,,,,,,,,,,,,,,,,,
,,,,,,,,,,,,,,,,,,,,,,,,,,,,
,,,,,,,,,,,,,,,,,,,,,,,,,,,,
,,,,,,,,,,,,,,,,,,,,,,,,,,,,
,,,,,,,,,,,,,,,,,,,,,,,,,,,,
,,,,,,,,,,,,,,,,,,,,,,,,,,,,
,,,,,,,,,,,,,,,,,,,,,,,,,,,,
,,,,,,,,,,,,,,,,,,,,,,,,,,,,
,,,,,,,,,,,,,,,,,,,,,,,,,,,,
,,,,,,,,,,,,,,,,,,,,,,,,,,,,
,,,,,,,,,,,,,,,,,,,,,,,,,,,,
,,,,,,,,,,,,,,,,,,,,,,,,,,,,
,,,,,,,,,,,,,,,,,,,,,,,,,,,,
,,,,,,,,,,,,,,,,,,,,,,,,,,,,
,,,,,,,,,,,,,,,,,,,,,,,,,,,,
,,,,,,,,,,,,,,,,,,,,,,,,,,,,
,,,,,,,,,,,,,,,,,,,,,,,,,,,,
,,,,,,,,,,,,,,,,,,,,,,,,,,,,
,,,,,,,,,,,,,,,,,,,,,,,,,,,,
,,,,,,,,,,,,,,,,,,,,,,,,,,,,
,,,,,,,,,,,,,,,,,,,,,,,,,,,,
,,,,,,,,,,,,,,,,,,,,,,,,,,,,
,,,,,,,,,,,,,,,,,,,,,,,,,,,,
,,,,,,,,,,,,,,,,,,,,,,,,,,,,
,,,,,,,,,,,,,,,,,,,,,,,,,,,,
,,,,,,,,,,,,,,,,,,,,,,,,,,,,
,,,,,,,,,,,,,,,,,,,,,,,,,,,,
,,,,,,,,,,,,,,,,,,,,,,,,,,,,
,,,,,,,,,,,,,,,,,,,,,,,,,,,,
,,,,,,,,,,,,,,,,,,,,,,,,,,,,
,,,,,,,,,,,,,,,,,,,,,,,,,,,,
,,,,,,,,,,,,,,,,,,,,,,,,,,,,
,,,,,,,,,,,,,,,,,,,,,,,,,,,,
,,,,,,,,,,,,,,,,,,,,,,,,,,,,
,,,,,,,,,,,,,,,,,,,,,,,,,,,,
,,,,,,,,,,,,,,,,,,,,,,,,,,,,
,,,,,,,,,,,,,,,,,,,,,,,,,,,,
,,,,,,,,,,,,,,,,,,,,,,,,,,,,
,,,,,,,,,,,,,,,,,,,,,,,,,,,,
,,,,,,,,,,,,,,,,,,,,,,,,,,,,
,,,,,,,,,,,,,,,,,,,,,,,,,,,,
,,,,,,,,,,,,,,,,,,,,,,,,,,,,
,,,,,,,,,,,,,,,,,,,,,,,,,,,,
,,,,,,,,,,,,,,,,,,,,,,,,,,,,
,,,,,,,,,,,,,,,,,,,,,,,,,,,,
,,,,,,,,,,,,,,,,,,,,,,,,,,,,
,,,,,,,,,,,,,,,,,,,,,,,,,,,,
,,,,,,,,,,,,,,,,,,,,,,,,,,,,
,,,,,,,,,,,,,,,,,,,,,,,,,,,,
,,,,,,,,,,,,,,,,,,,,,,,,,,,,
,,,,,,,,,,,,,,,,,,,,,,,,,,,,
,,,,,,,,,,,,,,,,,,,,,,,,,,,,
,,,,,,,,,,,,,,,,,,,,,,,,,,,,
,,,,,,,,,,,,,,,,,,,,,,,,,,,,
,,,,,,,,,,,,,,,,,,,,,,,,,,,,
,,,,,,,,,,,,,,,,,,,,,,,,,,,,
,,,,,,,,,,,,,,,,,,,,,,,,,,,,
,,,,,,,,,,,,,,,,,,,,,,,,,,,,
,,,,,,,,,,,,,,,,,,,,,,,,,,,,
,,,,,,,,,,,,,,,,,,,,,,,,,,,,
,,,,,,,,,,,,,,,,,,,,,,,,,,,,
,,,,,,,,,,,,,,,,,,,,,,,,,,,,
,,,,,,,,,,,,,,,,,,,,,,,,,,,,
,,,,,,,,,,,,,,,,,,,,,,,,,,,,
,,,,,,,,,,,,,,,,,,,,,,,,,,,,
,,,,,,,,,,,,,,,,,,,,,,,,,,,,
,,,,,,,,,,,,,,,,,,,,,,,,,,,,
,,,,,,,,,,,,,,,,,,,,,,,,,,,,
,,,,,,,,,,,,,,,,,,,,,,,,,,,,
,,,,,,,,,,,,,,,,,,,,,,,,,,,,
,,,,,,,,,,,,,,,,,,,,,,,,,,,,
,,,,,,,,,,,,,,,,,,,,,,,,,,,,
,,,,,,,,,,,,,,,,,,,,,,,,,,,,
,,,,,,,,,,,,,,,,,,,,,,,,,,,,
,,,,,,,,,,,,,,,,,,,,,,,,,,,,
,,,,,,,,,,,,,,,,,,,,,,,,,,,,
,,,,,,,,,,,,,,,,,,,,,,,,,,,,
,,,,,,,,,,,,,,,,,,,,,,,,,,,,
,,,,,,,,,,,,,,,,,,,,,,,,,,,,
,,,,,,,,,,,,,,,,,,,,,,,,,,,,
,,,,,,,,,,,,,,,,,,,,,,,,,,,,
,,,,,,,,,,,,,,,,,,,,,,,,,,,,
,,,,,,,,,,,,,,,,,,,,,,,,,,,,
,,,,,,,,,,,,,,,,,,,,,,,,,,,,
,,,,,,,,,,,,,,,,,,,,,,,,,,,,
,,,,,,,,,,,,,,,,,,,,,,,,,,,,
,,,,,,,,,,,,,,,,,,,,,,,,,,,,
,,,,,,,,,,,,,,,,,,,,,,,,,,,,
,,,,,,,,,,,,,,,,,,,,,,,,,,,,
,,,,,,,,,,,,,,,,,,,,,,,,,,,,
,,,,,,,,,,,,,,,,,,,,,,,,,,,,
,,,,,,,,,,,,,,,,,,,,,,,,,,,,
,,,,,,,,,,,,,,,,,,,,,,,,,,,,
,,,,,,,,,,,,,,,,,,,,,,,,,,,,
,,,,,,,,,,,,,,,,,,,,,,,,,,,,
,,,,,,,,,,,,,,,,,,,,,,,,,,,,
,,,,,,,,,,,,,,,,,,,,,,,,,,,,
,,,,,,,,,,,,,,,,,,,,,,,,,,,,
,,,,,,,,,,,,,,,,,,,,,,,,,,,,
,,,,,,,,,,,,,,,,,,,,,,,,,,,,
,,,,,,,,,,,,,,,,,,,,,,,,,,,,
,,,,,,,,,,,,,,,,,,,,,,,,,,,,
,,,,,,,,,,,,,,,,,,,,,,,,,,,,
,,,,,,,,,,,,,,,,,,,,,,,,,,,,
,,,,,,,,,,,,,,,,,,,,,,,,,,,,
,,,,,,,,,,,,,,,,,,,,,,,,,,,,
,,,,,,,,,,,,,,,,,,,,,,,,,,,,
,,,,,,,,,,,,,,,,,,,,,,,,,,,,
,,,,,,,,,,,,,,,,,,,,,,,,,,,,
,,,,,,,,,,,,,,,,,,,,,,,,,,,,
,,,,,,,,,,,,,,,,,,,,,,,,,,,,
,,,,,,,,,,,,,,,,,,,,,,,,,,,,
,,,,,,,,,,,,,,,,,,,,,,,,,,,,
,,,,,,,,,,,,,,,,,,,,,,,,,,,,
,,,,,,,,,,,,,,,,,,,,,,,,,,,,
,,,,,,,,,,,,,,,,,,,,,,,,,,,,
,,,,,,,,,,,,,,,,,,,,,,,,,,,,
,,,,,,,,,,,,,,,,,,,,,,,,,,,,
,,,,,,,,,,,,,,,,,,,,,,,,,,,,
,,,,,,,,,,,,,,,,,,,,,,,,,,,,
,,,,,,,,,,,,,,,,,,,,,,,,,,,,
,,,,,,,,,,,,,,,,,,,,,,,,,,,,
,,,,,,,,,,,,,,,,,,,,,,,,,,,,
,,,,,,,,,,,,,,,,,,,,,,,,,,,,
,,,,,,,,,,,,,,,,,,,,,,,,,,,,
,,,,,,,,,,,,,,,,,,,,,,,,,,,,
,,,,,,,,,,,,,,,,,,,,,,,,,,,,
,,,,,,,,,,,,,,,,,,,,,,,,,,,,
,,,,,,,,,,,,,,,,,,,,,,,,,,,,
,,,,,,,,,,,,,,,,,,,,,,,,,,,,
,,,,,,,,,,,,,,,,,,,,,,,,,,,,
,,,,,,,,,,,,,,,,,,,,,,,,,,,,
,,,,,,,,,,,,,,,,,,,,,,,,,,,,
,,,,,,,,,,,,,,,,,,,,,,,,,,,,
,,,,,,,,,,,,,,,,,,,,,,,,,,,,
,,,,,,,,,,,,,,,,,,,,,,,,,,,,
,,,,,,,,,,,,,,,,,,,,,,,,,,,,
,,,,,,,,,,,,,,,,,,,,,,,,,,,,
,,,,,,,,,,,,,,,,,,,,,,,,,,,,
,,,,,,,,,,,,,,,,,,,,,,,,,,,,
,,,,,,,,,,,,,,,,,,,,,,,,,,,,
,,,,,,,,,,,,,,,,,,,,,,,,,,,,
,,,,,,,,,,,,,,,,,,,,,,,,,,,,
,,,,,,,,,,,,,,,,,,,,,,,,,,,,
,,,,,,,,,,,,,,,,,,,,,,,,,,,,
,,,,,,,,,,,,,,,,,,,,,,,,,,,,
,,,,,,,,,,,,,,,,,,,,,,,,,,,,
,,,,,,,,,,,,,,,,,,,,,,,,,,,,
,,,,,,,,,,,,,,,,,,,,,,,,,,,,
,,,,,,,,,,,,,,,,,,,,,,,,,,,,
,,,,,,,,,,,,,,,,,,,,,,,,,,,,
,,,,,,,,,,,,,,,,,,,,,,,,,,,,
,,,,,,,,,,,,,,,,,,,,,,,,,,,,
,,,,,,,,,,,,,,,,,,,,,,,,,,,,
,,,,,,,,,,,,,,,,,,,,,,,,,,,,
,,,,,,,,,,,,,,,,,,,,,,,,,,,,
,,,,,,,,,,,,,,,,,,,,,,,,,,,,
,,,,,,,,,,,,,,,,,,,,,,,,,,,,
,,,,,,,,,,,,,,,,,,,,,,,,,,,,
,,,,,,,,,,,,,,,,,,,,,,,,,,,,
,,,,,,,,,,,,,,,,,,,,,,,,,,,,
,,,,,,,,,,,,,,,,,,,,,,,,,,,,
,,,,,,,,,,,,,,,,,,,,,,,,,,,,
,,,,,,,,,,,,,,,,,,,,,,,,,,,,
,,,,,,,,,,,,,,,,,,,,,,,,,,,,
,,,,,,,,,,,,,,,,,,,,,,,,,,,,
,,,,,,,,,,,,,,,,,,,,,,,,,,,,
,,,,,,,,,,,,,,,,,,,,,,,,,,,,
,,,,,,,,,,,,,,,,,,,,,,,,,,,,
,,,,,,,,,,,,,,,,,,,,,,,,,,,,
,,,,,,,,,,,,,,,,,,,,,,,,,,,,
,,,,,,,,,,,,,,,,,,,,,,,,,,,,
,,,,,,,,,,,,,,,,,,,,,,,,,,,,
,,,,,,,,,,,,,,,,,,,,,,,,,,,,
,,,,,,,,,,,,,,,,,,,,,,,,,,,,
,,,,,,,,,,,,,,,,,,,,,,,,,,,,
,,,,,,,,,,,,,,,,,,,,,,,,,,,,
,,,,,,,,,,,,,,,,,,,,,,,,,,,,
,,,,,,,,,,,,,,,,,,,,,,,,,,,,
,,,,,,,,,,,,,,,,,,,,,,,,,,,,
,,,,,,,,,,,,,,,,,,,,,,,,,,,,
,,,,,,,,,,,,,,,,,,,,,,,,,,,,
,,,,,,,,,,,,,,,,,,,,,,,,,,,,
,,,,,,,,,,,,,,,,,,,,,,,,,,,,
,,,,,,,,,,,,,,,,,,,,,,,,,,,,
,,,,,,,,,,,,,,,,,,,,,,,,,,,,
,,,,,,,,,,,,,,,,,,,,,,,,,,,,
,,,,,,,,,,,,,,,,,,,,,,,,,,,,
,,,,,,,,,,,,,,,,,,,,,,,,,,,,
,,,,,,,,,,,,,,,,,,,,,,,,,,,,
,,,,,,,,,,,,,,,,,,,,,,,,,,,,
,,,,,,,,,,,,,,,,,,,,,,,,,,,,
,,,,,,,,,,,,,,,,,,,,,,,,,,,,
,,,,,,,,,,,,,,,,,,,,,,,,,,,,
,,,,,,,,,,,,,,,,,,,,,,,,,,,,
,,,,,,,,,,,,,,,,,,,,,,,,,,,,
,,,,,,,,,,,,,,,,,,,,,,,,,,,,
,,,,,,,,,,,,,,,,,,,,,,,,,,,,
,,,,,,,,,,,,,,,,,,,,,,,,,,,,
,,,,,,,,,,,,,,,,,,,,,,,,,,,,
,,,,,,,,,,,,,,,,,,,,,,,,,,,,
,,,,,,,,,,,,,,,,,,,,,,,,,,,,
,,,,,,,,,,,,,,,,,,,,,,,,,,,,
,,,,,,,,,,,,,,,,,,,,,,,,,,,,
,,,,,,,,,,,,,,,,,,,,,,,,,,,,
,,,,,,,,,,,,,,,,,,,,,,,,,,,,
,,,,,,,,,,,,,,,,,,,,,,,,,,,,
,,,,,,,,,,,,,,,,,,,,,,,,,,,,
,,,,,,,,,,,,,,,,,,,,,,,,,,,,
,,,,,,,,,,,,,,,,,,,,,,,,,,,,
,,,,,,,,,,,,,,,,,,,,,,,,,,,,
,,,,,,,,,,,,,,,,,,,,,,,,,,,,
,,,,,,,,,,,,,,,,,,,,,,,,,,,,
,,,,,,,,,,,,,,,,,,,,,,,,,,,,
,,,,,,,,,,,,,,,,,,,,,,,,,,,,
,,,,,,,,,,,,,,,,,,,,,,,,,,,,
,,,,,,,,,,,,,,,,,,,,,,,,,,,,
,,,,,,,,,,,,,,,,,,,,,,,,,,,,
,,,,,,,,,,,,,,,,,,,,,,,,,,,,
,,,,,,,,,,,,,,,,,,,,,,,,,,,,
,,,,,,,,,,,,,,,,,,,,,,,,,,,,
,,,,,,,,,,,,,,,,,,,,,,,,,,,,
,,,,,,,,,,,,,,,,,,,,,,,,,,,,
,,,,,,,,,,,,,,,,,,,,,,,,,,,,
,,,,,,,,,,,,,,,,,,,,,,,,,,,,
,,,,,,,,,,,,,,,,,,,,,,,,,,,,
,,,,,,,,,,,,,,,,,,,,,,,,,,,,
,,,,,,,,,,,,,,,,,,,,,,,,,,,,
,,,,,,,,,,,,,,,,,,,,,,,,,,,,
,,,,,,,,,,,,,,,,,,,,,,,,,,,,
,,,,,,,,,,,,,,,,,,,,,,,,,,,,
,,,,,,,,,,,,,,,,,,,,,,,,,,,,
,,,,,,,,,,,,,,,,,,,,,,,,,,,,
,,,,,,,,,,,,,,,,,,,,,,,,,,,,
,,,,,,,,,,,,,,,,,,,,,,,,,,,,
,,,,,,,,,,,,,,,,,,,,,,,,,,,,
,,,,,,,,,,,,,,,,,,,,,,,,,,,,
,,,,,,,,,,,,,,,,,,,,,,,,,,,,
,,,,,,,,,,,,,,,,,,,,,,,,,,,,
,,,,,,,,,,,,,,,,,,,,,,,,,,,,
,,,,,,,,,,,,,,,,,,,,,,,,,,,,
,,,,,,,,,,,,,,,,,,,,,,,,,,,,
,,,,,,,,,,,,,,,,,,,,,,,,,,,,
,,,,,,,,,,,,,,,,,,,,,,,,,,,,
,,,,,,,,,,,,,,,,,,,,,,,,,,,,
,,,,,,,,,,,,,,,,,,,,,,,,,,,,
,,,,,,,,,,,,,,,,,,,,,,,,,,,,
,,,,,,,,,,,,,,,,,,,,,,,,,,,,
,,,,,,,,,,,,,,,,,,,,,,,,,,,,
,,,,,,,,,,,,,,,,,,,,,,,,,,,,
,,,,,,,,,,,,,,,,,,,,,,,,,,,,
,,,,,,,,,,,,,,,,,,,,,,,,,,,,
,,,,,,,,,,,,,,,,,,,,,,,,,,,,
,,,,,,,,,,,,,,,,,,,,,,,,,,,,
,,,,,,,,,,,,,,,,,,,,,,,,,,,,
,,,,,,,,,,,,,,,,,,,,,,,,,,,,
,,,,,,,,,,,,,,,,,,,,,,,,,,,,
,,,,,,,,,,,,,,,,,,,,,,,,,,,,
,,,,,,,,,,,,,,,,,,,,,,,,,,,,
,,,,,,,,,,,,,,,,,,,,,,,,,,,,
,,,,,,,,,,,,,,,,,,,,,,,,,,,,
,,,,,,,,,,,,,,,,,,,,,,,,,,,,
,,,,,,,,,,,,,,,,,,,,,,,,,,,,
,,,,,,,,,,,,,,,,,,,,,,,,,,,,
,,,,,,,,,,,,,,,,,,,,,,,,,,,,
,,,,,,,,,,,,,,,,,,,,,,,,,,,,
,,,,,,,,,,,,,,,,,,,,,,,,,,,,
,,,,,,,,,,,,,,,,,,,,,,,,,,,,
,,,,,,,,,,,,,,,,,,,,,,,,,,,,
,,,,,,,,,,,,,,,,,,,,,,,,,,,,
,,,,,,,,,,,,,,,,,,,,,,,,,,,,
,,,,,,,,,,,,,,,,,,,,,,,,,,,,
,,,,,,,,,,,,,,,,,,,,,,,,,,,,
,,,,,,,,,,,,,,,,,,,,,,,,,,,,
,,,,,,,,,,,,,,,,,,,,,,,,,,,,
,,,,,,,,,,,,,,,,,,,,,,,,,,,,
,,,,,,,,,,,,,,,,,,,,,,,,,,,,
,,,,,,,,,,,,,,,,,,,,,,,,,,,,
,,,,,,,,,,,,,,,,,,,,,,,,,,,,
,,,,,,,,,,,,,,,,,,,,,,,,,,,,
,,,,,,,,,,,,,,,,,,,,,,,,,,,,
,,,,,,,,,,,,,,,,,,,,,,,,,,,,
,,,,,,,,,,,,,,,,,,,,,,,,,,,,
,,,,,,,,,,,,,,,,,,,,,,,,,,,,
,,,,,,,,,,,,,,,,,,,,,,,,,,,,
,,,,,,,,,,,,,,,,,,,,,,,,,,,,
,,,,,,,,,,,,,,,,,,,,,,,,,,,,
,,,,,,,,,,,,,,,,,,,,,,,,,,,,
,,,,,,,,,,,,,,,,,,,,,,,,,,,,
,,,,,,,,,,,,,,,,,,,,,,,,,,,,
,,,,,,,,,,,,,,,,,,,,,,,,,,,,
,,,,,,,,,,,,,,,,,,,,,,,,,,,,
,,,,,,,,,,,,,,,,,,,,,,,,,,,,
,,,,,,,,,,,,,,,,,,,,,,,,,,,,
,,,,,,,,,,,,,,,,,,,,,,,,,,,,
,,,,,,,,,,,,,,,,,,,,,,,,,,,,
,,,,,,,,,,,,,,,,,,,,,,,,,,,,
,,,,,,,,,,,,,,,,,,,,,,,,,,,,
,,,,,,,,,,,,,,,,,,,,,,,,,,,,
,,,,,,,,,,,,,,,,,,,,,,,,,,,,
,,,,,,,,,,,,,,,,,,,,,,,,,,,,
,,,,,,,,,,,,,,,,,,,,,,,,,,,,
,,,,,,,,,,,,,,,,,,,,,,,,,,,,
,,,,,,,,,,,,,,,,,,,,,,,,,,,,
,,,,,,,,,,,,,,,,,,,,,,,,,,,,
,,,,,,,,,,,,,,,,,,,,,,,,,,,,
,,,,,,,,,,,,,,,,,,,,,,,,,,,,
,,,,,,,,,,,,,,,,,,,,,,,,,,,,
,,,,,,,,,,,,,,,,,,,,,,,,,,,,
,,,,,,,,,,,,,,,,,,,,,,,,,,,,
,,,,,,,,,,,,,,,,,,,,,,,,,,,,
,,,,,,,,,,,,,,,,,,,,,,,,,,,,
